tree
version=v4
num_class=1
num_tree_per_iteration=1
label_index=0
max_feature_idx=1
objective=regression
feature_names=Column_0 Column_1
feature_infos=[5.7999999999999998:122.90000000000001] [-90:90]
tree_sizes=2971 3054 3041 3041 3060 3036 3038 3040 3055 3056 3057 3062 3059 3074 3064 3071 3068 3056 3073 3065 3080 3081 3064 3071 3057 3069 3055 3093 3092 3080 3093 3078 3077 3072 3090 3097 3078 3101 3103 3112 3073 3076 3093 3082 3090 3111 3085 3099 3099 3088 3093 3084 3105 3101 3106 3100 3106 3087 3122 3116 3121 3120 3093 3115 3127 3102 3145 3105 3127 3115 3114 3120 3088 3101 3120 3092 3086 3075 3092 3094 3091 3125 3116 3120 3075 3097 3048 3071 3073 3050 3120 3072 3112 3048 3027 3111 3078 3084 3080 3036 3080 3061 3043 3016 3101 3074 3090 3083 3081 3044 3082 3097 3079 3076 3077 2995 3074 3076 3050 3078 3060 2994 3003 3077 3079 3051 3099 2972 3094 3051 3078 3021 3101 3078 3098 3058 3040 3092 2998 3069 3052 2981 3071 2994 2998 3080 3010 3061 3027 3030 2996 3089 3041 3071 3003 2999 3067 3043 3025 3016 3005 3077 3020 3038 3014 3013 3003 3020 3049 3014 3073 3071 3042 3015 3010 3009 3055 3042 3054 3093 3025 3018 3034 3068 3033 3006 3021 3079 3030 2985 3079 3025 3008 3020 3073 3009 2962 3006 3000 3012 2994 3083 3016 3013 2995 3018 3067 2986 3007 3002 3087 3014 3044 3009 3026 3056 3083 3053 3078 3028 2993 3003 2974 3061 3054 3067 3023 3036 3052 3049 3014 3010 3021 3065 3047 2999 3073 3035 3006 3041 2989 3000 3061 3038 3000 3017 3060 3031 3054 3043 3011 3049 3050 3061 3013 3011 3015 3058 3012 3034 3035 3038 3028 3024 3000 3027 3034 3017 3021 3030 3015 3091 3003 3011 3029 3027 2992 3031 3041 3057 3023 3028 3005 3019 3041 3014 3005 3014 3020 3032 3057 3040 3051 3018 3000 3047 3041 3042 3014 3029

Tree=0
num_leaves=31
num_cat=0
split_feature=0 1 1 1 1 1 0 1 1 0 0 1 0 1 0 0 0 0 0 0 1 1 0 0 1 0 0 1 1 1
split_gain=16269.2 6984.79 3223.09 4731.54 2022.07 3097.68 2064.49 1189.96 836.691 740.868 849.249 683.205 424.35 370.29 491.928 399.925 270.949 232.047 202.339 190.124 162.102 154.221 148.267 146.539 196.931 138.028 134.94 127.249 125.028 118.72
threshold=100.25000000000001 8.5000000000000018 35.500000000000007 1.5000000000000002 20.500000000000004 38.500000000000007 104.25000000000001 22.500000000000004 10.500000000000002 97.65000000000002 76.550000000000011 -2.4999999999999996 86.450000000000017 18.500000000000004 75.65000000000002 85.850000000000009 102.15000000000002 106.65000000000002 95.250000000000014 61.550000000000004 43.500000000000007 -3.4999999999999996 65.950000000000017 107.65000000000002 14.500000000000002 105.65000000000002 88.050000000000011 -46.499999999999993 22.500000000000004 18.500000000000004
decision_type=2 2 2 2 2 2 2 2 2 2 2 2 2 2 2 2 2 2 2 2 2 2 2 2 2 2 2 2 2 2
left_child=2 11 3 21 23 6 16 8 12 10 19 -2 -5 14 -10 22 -6 -8 -12 -9 25 27 -15 24 -3 -7 -23 -1 -18 -25
right_child=1 4 -4 7 5 20 17 9 13 -11 18 -13 -14 15 -16 -17 28 -19 -20 -21 -22 26 -24 29 -26 -27 -28 -29 -30 -31
leaf_value=0.027436287654714189 0.028062040868837679 0.053199719855315922 0.02007406584747989 0.028387533281006291 0.054977588156189548 0.033691669861405364 0.080616193446528955 0.027647655009084261 0.033315899003694811 0.044505479272031204 0.023952652310744487 0.040023326532104567 0.038803221387238455 0.030005879426373491 0.049335559935479334 0.032852707564861035 0.053302088217557747 0.093214676557286269 0.032981120764046322 0.045393585717722541 0.020742509275228398 0.023375568274997843 0.050920554228667952 0.054050125425934126 0.044502173016733031 0.06544064199009833 0.031347905535633006 0.022464443193841197 0.070436723613859054 0.071159942624200931
leaf_weight=14794 21516 13056 94547 16480 8349 1955 7096 1865 5652 8756 33610 26818 24049 989 31502 12127 1259 7537 7611 7914 2362 9704 5918 6626 12977 415 11716 98928 6896 1197
leaf_count=14794 21516 13056 94547 16480 8349 1955 7096 1865 5652 8756 33610 26818 24049 989 31502 12127 1259 7537 7611 7914 2362 9704 5918 6626 12977 415 11716 98928 6896 1197
internal_value=0.0330624 0.0493059 0.0280964 0.0306974 0.0594317 0.0677041 0.0734322 0.0366163 0.0400437 0.0310691 0.0287623 0.0346987 0.034568 0.0439934 0.0468986 0.0383224 0.0613092 0.0871053 0.0256197 0.0420092 0.0300124 0.0238443 0.0479258 0.0506674 0.0488641 0.0392511 0.0277362 0.0231112 0.0677914 0.0566681
internal_weight=504221 118059 386162 291615 69725 35869 31137 156473 96717 59756 51000 48334 40529 56188 37154 19034 16504 14633 41221 9779 4732 135142 6907 33856 26033 2370 21420 113722 8155 7823
internal_count=504221 118059 386162 291615 69725 35869 31137 156473 96717 59756 51000 48334 40529 56188 37154 19034 16504 14633 41221 9779 4732 135142 6907 33856 26033 2370 21420 113722 8155 7823
is_linear=0
shrinkage=1


Tree=1
num_leaves=31
num_cat=0
split_feature=0 1 1 1 1 1 0 1 1 1 0 0 0 1 0 0 0 0 0 0 1 0 1 1 0 0 0 1 1 0
split_gain=14683.3 6320.33 2858.08 4173.12 1728.32 2921.88 2006.54 1023.62 876.4 641.403 578.173 768.338 403.86 325.997 445.058 361.725 274.79 205.351 179.577 179.529 146.328 137.919 196.479 134.791 133.811 129.258 116.208 147.155 112.186 168.789
threshold=100.05000000000001 8.5000000000000018 35.500000000000007 1.0000000180025095e-35 20.500000000000004 38.500000000000007 103.85000000000001 22.500000000000004 10.500000000000002 -1.0000000180025095e-35 97.65000000000002 76.250000000000014 86.450000000000017 18.500000000000004 73.65000000000002 85.850000000000009 106.45000000000002 102.15000000000002 61.550000000000004 95.250000000000014 43.500000000000007 106.65000000000002 14.500000000000002 -14.499999999999998 65.950000000000017 105.65000000000002 92.050000000000011 -43.499999999999993 42.500000000000007 73.65000000000002
decision_type=2 2 2 2 2 2 2 2 2 2 2 2 2 2 2 2 2 2 2 2 2 2 2 2 2 2 2 2 2 2
left_child=2 9 3 26 21 6 17 8 12 23 11 18 -5 14 -10 24 -8 -6 -9 -13 25 22 -3 -2 -15 -7 27 -1 29 -4
right_child=1 4 28 7 5 20 16 10 13 -11 -12 19 -14 15 -16 -17 -18 -19 -20 -21 -22 -23 -24 -25 -26 -27 -28 -29 -30 -31
leaf_value=-0.0056987448700585534 -0.0097891650616912032 0.019053479573588744 0.00092948067245916246 -0.0047566461192356342 0.020322130013188503 0.00018895395959107932 0.043657720891536585 -0.0051440448519691389 -0.0015794164478646823 0.0074892459808633492 0.010298876425250215 -0.0085746168928129921 0.0049448091659518578 -0.0029037317850592165 0.015184534192085267 -0.00026894068000493226 0.056742030944700206 0.031808823337691354 0.012167721935090303 -7.7252920103705898e-05 -0.011797344556244295 0.021356319198140714 0.0099909270639503278 -0.0017197542755080831 0.016965209394214968 0.030759292474712235 -0.0065172651739304616 -0.010815051563702782 -0.013404848966029091 -0.011115587645822272
leaf_weight=17152 7075 11963 3360 18259 9210 2073 8005 1865 4515 23392 8095 33912 26007 989 32160 11880 8046 6737 7612 7611 2525 10680 11960 19271 5918 415 34908 77811 69172 21643
leaf_count=17152 7075 11963 3360 18259 9210 2073 8005 1865 4515 23392 8095 33912 26007 989 32160 11880 8046 6737 7612 7611 2525 10680 11960 19271 5918 415 34908 77811 69172 21643
internal_value=-1.92999e-10 0.0151556 -0.00480363 -0.00233627 0.0246652 0.0321758 0.0377364 0.00309975 0.00618969 0.00146344 -0.0021148 -0.00408516 0.000943118 0.0103771 0.0131208 0.0050212 0.0502166 0.0251748 0.0087609 -0.00701708 -0.00331767 0.0166319 0.0145228 -0.00388673 0.0141202 0.00528811 -0.00898414 -0.00989096 -0.0123673 -0.00949692
internal_weight=504221 121352 382869 288694 71614 37011 31998 158823 99728 49738 59095 51000 44266 55462 36675 18787 16051 15947 9477 41523 5013 34603 23923 26346 6907 2488 129871 94963 94175 25003
internal_count=504221 121352 382869 288694 71614 37011 31998 158823 99728 49738 59095 51000 44266 55462 36675 18787 16051 15947 9477 41523 5013 34603 23923 26346 6907 2488 129871 94963 94175 25003
is_linear=0
shrinkage=0.05


Tree=2
num_leaves=31
num_cat=0
split_feature=0 1 1 1 0 1 1 1 1 0 0 1 1 0 0 1 1 0 0 1 1 1 0 0 0 0 0 1 1 0
split_gain=13258.8 5707.71 2625.04 3866.6 2448.82 1796.67 1251.1 1060.82 641.947 568.545 759.966 540.927 361.275 321.784 305.097 268.893 243.214 320.464 230.698 202.83 195.028 180.99 159.985 158.017 139.67 134.667 131.229 129.355 128.331 177.029
threshold=100.25000000000001 19.500000000000004 35.500000000000007 2.5000000000000004 104.55000000000001 2.5000000000000004 37.500000000000007 21.500000000000004 10.500000000000002 97.65000000000002 77.750000000000014 38.500000000000007 22.500000000000004 84.65000000000002 68.65000000000002 21.500000000000004 18.500000000000004 85.050000000000011 102.15000000000002 8.5000000000000018 -5.4999999999999991 -3.4999999999999996 95.250000000000014 60.550000000000004 88.250000000000014 106.45000000000002 77.750000000000014 13.500000000000002 27.500000000000004 72.450000000000017
decision_type=2 2 2 2 2 2 2 2 2 2 2 2 2 2 2 2 2 2 2 2 2 2 2 2 2 2 2 2 2 2
left_child=2 5 3 21 6 20 12 8 13 10 23 15 -3 -5 -10 -6 26 -18 -14 -7 -2 -1 -12 -9 -23 -17 -16 -21 -25 -30
right_child=1 4 -4 7 11 19 -8 9 14 -11 22 -13 18 -15 16 25 17 -19 -20 27 -22 24 -24 28 -26 -27 -28 -29 29 -31
leaf_value=-0.009006292503632763 -0.0058947464470540979 0.012200781777094577 -0.011722995502157366 -0.0044485244796715071 0.033241804155507454 0.0086551988233905235 -0.0049223128912928814 -0.0058245071315602085 -0.0037278262895658141 0.0098113294292634847 -0.0080145392524301248 0.011341200882042893 0.022508574907070342 0.0053797405900288383 0.0058812082539422654 0.044752821862139025 0.017901808547710358 0.00084895692668417752 0.035185603774053623 0.019056329676247853 0.0018780545002662604 -0.0083539275911471023 -0.00023631390425757598 0.016504569806262161 -0.00096453333482812969 0.055355532833746612 0.014983601479013701 0.012591269436784855 0.013991801972486846 -0.0036982891537650111
leaf_weight=113722 16463 4032 94547 12986 2594 16041 4163 1825 3491 9486 34877 1087 6865 23219 4559 5122 3894 9419 7520 14373 15830 11842 8157 4458 13902 7211 30121 16758 2833 2824
leaf_count=113722 16463 4032 94547 12986 2594 16041 4163 1825 3491 9486 34877 1087 6865 23219 4559 5122 3894 9419 7520 14373 15830 11842 8157 4458 13902 7211 30121 16758 2833 2824
internal_value=-1.05679e-10 0.0146638 -0.00448307 -0.00213576 0.0304392 0.00700212 0.0198326 0.0033765 0.00695605 -0.00149299 -0.0034436 0.0453946 0.0254282 0.00185454 0.0105436 0.0478745 0.0115817 0.00583685 0.0291357 0.0132227 -0.00208453 -0.0081493 -0.00654019 0.00771712 -0.00436359 0.0509521 0.013787 0.0155761 0.0101604 0.00516083
internal_weight=504221 118059 386162 291615 38594 79465 22580 152149 87689 64460 54974 16014 18417 36205 51484 14927 47993 13313 14385 47172 32293 139466 43034 11940 25744 12333 34680 31131 10115 5657
internal_count=504221 118059 386162 291615 38594 79465 22580 152149 87689 64460 54974 16014 18417 36205 51484 14927 47993 13313 14385 47172 32293 139466 43034 11940 25744 12333 34680 31131 10115 5657
is_linear=0
shrinkage=0.05


Tree=3
num_leaves=31
num_cat=0
split_feature=0 1 1 1 0 1 1 1 1 0 0 1 1 0 0 1 0 1 1 1 1 0 0 0 0 1 0 0 1 0
split_gain=11970 5210.84 2402.27 3326.56 2125.82 1594.96 1094.43 999.562 653.937 638.136 672.233 488.187 327.128 387.955 324.341 303.818 285.715 247.869 203.385 183.042 179.294 170.837 162.577 150.633 117.99 114.54 116.964 104.704 133.592 101.915
threshold=100.35000000000001 19.500000000000004 37.500000000000007 1.0000000180025095e-35 104.55000000000001 2.5000000000000004 38.500000000000007 23.500000000000004 9.5000000000000018 97.450000000000017 74.65000000000002 38.500000000000007 19.500000000000004 72.450000000000017 82.850000000000009 22.500000000000004 86.450000000000017 22.500000000000004 34.500000000000007 8.5000000000000018 -8.4999999999999982 61.550000000000004 102.55000000000001 94.65000000000002 64.65000000000002 13.500000000000002 108.25000000000001 92.050000000000011 -43.499999999999993 106.45000000000002
decision_type=2 2 2 2 2 2 2 2 2 2 2 2 2 2 2 2 2 2 2 2 2 2 2 2 2 2 2 2 2 2
left_child=2 5 3 27 6 20 15 8 16 10 21 17 13 -10 24 -3 -5 -6 22 -7 -2 -9 -17 -12 -14 -21 -27 28 -1 -19
right_child=1 4 -4 7 11 19 -8 9 12 -11 23 -13 14 -15 -16 18 -18 29 -20 25 -22 -23 -24 -25 -26 26 -28 -29 -30 -31
leaf_value=-0.0049634930536971052 -0.0066883648360435439 0.01172285574695775 -0.011546782815509096 -0.0046168092017826309 0.034528849086393719 0.0082261433184956708 -0.006480360671392231 -0.0045846708301912273 -0.0024481056777180218 0.009106654374735363 -0.0085898056885086345 0.010774141983253318 -0.0035546353133079967 0.012367603220183756 -0.0010911958312691064 0.02478047266611369 0.0039343318241424723 0.043627531440419129 0.01380473006810924 0.018117762740397749 0.0010325332656034374 0.012135261060676014 0.03641471139481807 -0.001406367663521031 0.016330319248002555 0.010000856212226164 0.020799979403706953 -0.0057999184950724052 -0.0098383151731399957 0.053342436144497962
leaf_weight=17152 12212 3942 86853 16416 3838 15898 3498 1995 4941 10017 35415 1087 886 41785 13677 6733 24123 4647 2317 14254 19567 6523 5420 9192 4721 13505 3079 36275 77811 6442
leaf_count=17152 12212 3942 86853 16416 3838 15898 3498 1995 4941 10017 35415 1087 886 41785 13677 6733 24123 4647 2317 14254 19567 6523 5420 9192 4721 13505 3079 36275 77811 6442
internal_value=5.28168e-11 0.0140589 -0.00422146 -0.00210725 0.0292782 0.00670776 0.0191576 0.00251588 0.00547001 -0.00246907 -0.00465173 0.0431249 0.00853971 0.0108009 0.00306066 0.0240284 0.000471604 0.0454807 0.0273808 0.0125842 -0.00193445 0.00821929 0.0299691 -0.00710954 0.0131882 0.0148309 0.0120058 -0.00808497 -0.00895784 0.0492713
internal_weight=504221 116439 387782 300929 37924 78515 21910 169691 106549 63142 53125 16014 66010 46726 19284 18412 40539 14927 14470 46736 31779 8518 12153 44607 5607 30838 16584 131238 94963 11089
internal_count=504221 116439 387782 300929 37924 78515 21910 169691 106549 63142 53125 16014 66010 46726 19284 18412 40539 14927 14470 46736 31779 8518 12153 44607 5607 30838 16584 131238 94963 11089
is_linear=0
shrinkage=0.05


Tree=4
num_leaves=31
num_cat=0
split_feature=0 1 1 1 1 1 0 1 1 1 0 0 0 1 0 1 0 0 0 1 0 1 0 0 1 0 0 1 1 1
split_gain=10809.2 4650.54 2110.16 3088.41 1291.73 2329.46 1258.96 889.918 483.015 467.885 429.141 579.209 262.578 257.195 245.518 271.865 373.397 195.98 178.932 201.626 154.612 150.336 148.247 142.572 140.473 130.818 126.649 107.971 103.319 94.5077
threshold=100.05000000000001 8.5000000000000018 35.500000000000007 2.5000000000000004 21.500000000000004 36.500000000000007 103.55000000000001 22.500000000000004 -1.0000000180025095e-35 10.500000000000002 97.65000000000002 75.65000000000002 84.450000000000017 42.500000000000007 66.550000000000011 18.500000000000004 85.050000000000011 106.45000000000002 106.65000000000002 18.500000000000004 104.15000000000002 -4.4999999999999991 61.550000000000004 77.750000000000014 14.500000000000002 95.250000000000014 88.250000000000014 -14.499999999999998 -46.499999999999993 43.500000000000007
decision_type=2 2 2 2 2 2 2 2 2 2 2 2 2 2 2 2 2 2 2 2 2 2 2 2 2 2 2 2 2 2
left_child=2 8 3 21 18 6 -6 9 27 12 11 22 -5 20 -11 23 -17 -8 24 -20 -7 28 -9 -16 -3 -13 -23 -2 -1 -4
right_child=1 4 29 7 5 13 17 10 -10 14 -12 25 -14 -15 15 16 -18 -19 19 -21 -22 26 -24 -25 -26 -27 -28 -29 -30 -31
leaf_value=-0.004360679930587935 -0.0086671036593484376 0.016383432795595766 -0.0081877905139581316 -0.0041345585275407108 0.023004970473775324 0.0030590236799799518 0.039035212994043507 -0.004468513721195686 0.0064875399368011207 -0.0050085617004228672 0.008878597745636204 -0.0072751731637125602 0.0048056302175396156 -0.0097483483914855319 0.0045763597874465571 0.01550256168117687 -0.00017707505582359285 0.050519327082730395 0.016498735307653306 0.032774570613369601 0.024590009703367686 -0.0077207915533637241 0.011384635445617696 0.013628450984651925 0.0089895267127883174 -3.2541001928477579e-05 -0.0011492513160052628 -0.0014449769304429767 -0.0088553039623310847 -0.011651844565464531
leaf_weight=14794 7075 11963 28036 12814 12748 2541 7951 1865 23392 2987 8095 34478 22874 2859 5098 5507 12228 6973 9056 2409 1241 13760 7046 29642 13873 7611 15694 19271 94201 66139
leaf_count=14794 7075 11963 28036 12814 12748 2541 7951 1865 23392 2987 8095 34478 22874 2859 5098 5507 12228 6973 9056 2409 1241 13760 7046 29642 13873 7611 15694 19271 94201 66139
internal_value=-2.47405e-10 0.0130034 -0.00412149 -0.00200141 0.0211607 0.0281621 0.0345442 0.00296295 0.00125841 0.00606139 -0.00181617 -0.0035137 0.0015956 0.00156884 0.00893498 0.00972867 0.0046917 0.044401 0.0147201 0.0199186 0.0101241 -0.00738875 0.0080667 0.0123001 0.0124132 -0.00596548 -0.00421927 -0.00338442 -0.00824524 -0.0106206
internal_weight=504221 121352 382869 288694 71614 34313 27672 150245 49738 91150 59095 51000 35688 6641 55462 52475 17735 14924 37301 11465 3782 138449 8911 34740 25836 42089 29454 26346 108995 94175
internal_count=504221 121352 382869 288694 71614 34313 27672 150245 49738 91150 59095 51000 35688 6641 55462 52475 17735 14924 37301 11465 3782 138449 8911 34740 25836 42089 29454 26346 108995 94175
is_linear=0
shrinkage=0.05


Tree=5
num_leaves=31
num_cat=0
split_feature=0 1 1 1 1 1 0 1 0 0 1 1 0 0 0 1 1 1 0 1 0 0 0 1 0 0 1 1 0 1
split_gain=9772.78 4352.96 2000.19 2872.33 1784.4 1355 1017.09 708.679 601.307 505.724 484.632 335.197 338.655 322.129 240.749 221.369 176.355 170.737 125.718 124.632 121.817 119.734 116.532 108.402 105.231 98.02 117.915 94.3546 92.2814 109.389
threshold=100.55000000000001 20.500000000000004 36.500000000000007 1.0000000180025095e-35 36.500000000000007 3.5000000000000004 104.25000000000001 24.500000000000004 97.050000000000011 74.65000000000002 9.5000000000000018 19.500000000000004 82.550000000000011 72.450000000000017 86.850000000000009 42.500000000000007 -5.4999999999999991 24.500000000000004 106.65000000000002 8.5000000000000018 104.15000000000002 60.550000000000004 64.65000000000002 32.500000000000007 93.65000000000002 107.85000000000001 14.500000000000002 17.500000000000004 92.65000000000002 -42.499999999999993
decision_type=2 2 2 2 2 2 2 2 2 2 2 2 2 2 2 2 2 2 2 2 2 2 2 2 2 2 2 2 2 2
left_child=2 5 3 28 6 16 17 10 9 21 14 13 22 -12 -5 20 -2 -3 -8 -7 -6 -9 -13 -19 -11 26 -21 -27 29 -1
right_child=1 4 -4 7 15 19 18 8 -10 24 11 12 -14 -15 -16 -17 -18 23 -20 25 -22 -23 -24 -25 -26 27 -28 -29 -30 -31
leaf_value=-0.0045634487513559188 -0.0050538176074442741 0.015387375924045764 -0.010240005946060175 -0.0040884119084197805 0.0037053000966275752 0.0079463785549379745 0.037659416848799691 -0.0051153791454020426 0.0086725443018679498 -0.0085046268050305591 -0.0023169212163918129 -0.0030070743430749519 -0.0011270263079805596 0.011172740570451804 0.0036946156825420659 -0.0089196076945982118 0.0022424731691709911 0.030319360127620501 0.047111716455552857 0.01563845693329392 0.02336050896424317 0.010649086668951643 0.014875211736966976 0.018195960860377253 -0.002362515783930123 0.015727977471773326 0.0088404201048009265 0.029261636401385623 -0.0050734198097034128 -0.0088772774830693218
leaf_weight=18029 15614 4370 90979 16840 2161 13091 6762 1519 10519 28020 4941 1084 17535 42423 24235 2415 17636 7335 7332 12821 1241 5817 5710 2463 9284 5617 12695 1671 34579 79483
leaf_count=18029 15614 4370 90979 16840 2161 13091 6762 1519 10519 28020 4941 1084 17535 42423 24235 2415 17636 7335 7332 12821 1241 5817 5710 2463 9284 5617 12695 1671 34579 79483
internal_value=-4.94975e-11 0.0129356 -0.00374586 -0.00177654 0.027876 0.00650242 0.0330666 0.00256247 -0.00208182 -0.00461599 0.00483416 0.0073152 0.00254492 0.0097655 0.000503716 0.00265716 -0.00118382 0.0236062 0.0425767 0.0120709 0.0108752 0.00738488 0.012022 0.0272718 -0.00697601 0.0137169 0.0122562 0.018831 -0.00729271 -0.00807969
internal_weight=504221 113224 390997 300018 34079 79145 28262 167927 55159 44640 112768 71693 24329 47364 41075 5817 33250 14168 14094 45895 3402 7336 6794 9798 37304 32804 25516 7288 132091 97512
internal_count=504221 113224 390997 300018 34079 79145 28262 167927 55159 44640 112768 71693 24329 47364 41075 5817 33250 14168 14094 45895 3402 7336 6794 9798 37304 32804 25516 7288 132091 97512
is_linear=0
shrinkage=0.05


Tree=6
num_leaves=31
num_cat=0
split_feature=0 1 1 1 1 1 0 1 0 0 1 1 1 0 0 0 1 0 1 1 1 1 0 1 0 0 0 0 1 0
split_gain=8823.43 3971.68 1826.63 2548.32 1481.45 1127.46 1002.15 705.066 579.592 450.448 437.343 246.134 239.526 335.499 306.038 188.251 172.257 158.826 153.647 132.358 130.896 144.002 236.361 129.095 121.477 118.408 114.999 103.395 101.943 85.2162
threshold=100.65000000000002 19.500000000000004 37.500000000000007 1.0000000180025095e-35 38.500000000000007 2.5000000000000004 104.75000000000001 24.500000000000004 98.15000000000002 74.350000000000009 7.5000000000000009 22.500000000000004 19.500000000000004 75.050000000000011 82.850000000000009 95.450000000000017 22.500000000000004 85.65000000000002 34.500000000000007 -8.4999999999999982 11.500000000000002 16.500000000000004 89.450000000000017 8.5000000000000018 92.250000000000014 63.250000000000007 102.55000000000001 63.250000000000007 43.500000000000007 106.25000000000001
decision_type=2 2 2 2 2 2 2 2 2 2 2 2 2 2 2 2 2 2 2 2 2 2 2 2 2 2 2 2 2 2
left_child=2 5 3 -1 6 19 11 10 9 25 17 -3 13 -12 27 -11 -8 -5 26 -2 24 -22 -23 -7 -15 -9 -13 -14 29 -6
right_child=1 4 -4 7 28 23 16 8 -10 15 12 18 14 20 -16 -17 -18 -19 -20 -21 21 22 -24 -25 -26 -27 -28 -29 -30 -31
leaf_value=-0.0069204573678620599 -0.0057968728796438974 0.010527960355325253 -0.009908111301043309 -0.0048966160442647571 0.0016421005672836099 0.0071623551169451476 0.030300217741677744 -0.0026446062041377331 0.010438362331059952 -0.0076167642855018928 -0.0010805520585411507 0.022129535339353405 -0.0043532614685271092 0.0017835889013496779 -0.0011217168222580638 0.00072686535644947772 0.042853740747914565 0.0023831778590671982 0.012699250133550414 0.0010074864756981178 0.014253914421364852 0.016167665255841231 0.0020233341875686268 0.012806490354176407 0.010515589695335212 0.01108691999899126 0.032054430600827057 0.01363710734971686 -0.0097320233003532885 0.029276921118541462
leaf_weight=132522 11524 3816 87230 12015 1866 15353 3689 2206 7955 35383 8138 5775 920 7946 17500 8357 10541 19905 2185 18816 20533 4790 7704 29786 7986 5445 5901 6055 2051 328
leaf_count=132522 11524 3816 87230 12015 1866 15353 3689 2206 7955 35383 8138 5775 920 7946 17500 8357 10541 19905 2185 18816 20533 4790 7704 29786 7986 5445 5901 6055 2051 328
internal_value=-8.75277e-12 0.0124038 -0.00352696 -0.00170411 0.0260312 0.00587675 0.029723 0.00229548 -0.00212075 -0.00406482 0.00460477 0.0217726 0.00654637 0.00832028 0.00240808 -0.00602262 0.0395994 -0.000357008 0.0248683 -0.001577 0.00988289 0.0116785 0.00744604 0.0108868 0.00616055 0.00712773 0.0271455 0.0112642 -0.00171811 0.00577347
internal_weight=504221 111631 392590 305360 36152 75479 31907 172838 59346 51391 113492 17677 81572 57097 24475 43740 14230 31920 13861 30340 48959 33027 12494 45139 15932 7651 11676 6975 4245 2194
internal_count=504221 111631 392590 305360 36152 75479 31907 172838 59346 51391 113492 17677 81572 57097 24475 43740 14230 31920 13861 30340 48959 33027 12494 45139 15932 7651 11676 6975 4245 2194
is_linear=0
shrinkage=0.05


Tree=7
num_leaves=31
num_cat=0
split_feature=0 1 1 1 0 1 1 1 1 1 1 0 0 1 0 0 0 1 1 0 0 1 1 0 0 0 1 1 1 1
split_gain=7973.56 3384.86 1500.78 2246.94 1155.31 1598.63 615.449 586.22 570.821 413.345 395.988 370.406 368.917 278.772 202.203 186.361 170.7 149.625 130.616 314.088 176.786 119.737 113.465 117.064 111.844 108.742 100.244 97.5872 96.2527 88.6195
threshold=99.550000000000011 8.5000000000000018 34.500000000000007 2.5000000000000004 103.55000000000001 20.500000000000004 21.500000000000004 38.500000000000007 37.500000000000007 10.500000000000002 -1.4999999999999998 77.750000000000014 96.050000000000011 23.500000000000004 66.550000000000011 81.950000000000017 106.65000000000002 33.500000000000007 17.500000000000004 87.250000000000014 78.65000000000002 15.500000000000002 -6.4999999999999991 85.450000000000017 100.95000000000002 61.550000000000004 43.500000000000007 23.500000000000004 -46.499999999999993 27.500000000000004
decision_type=2 2 2 2 2 2 2 2 2 2 2 2 2 2 2 2 2 2 2 2 2 2 2 2 2 2 2 2 2 2
left_child=2 10 3 22 7 -6 9 13 16 15 -2 25 -13 21 -11 -5 27 24 20 -20 -16 -3 28 -24 -15 -8 -10 -7 -1 -27
right_child=1 4 -4 6 5 8 11 -9 26 14 -12 12 -14 17 18 -17 -18 -19 19 -21 -22 -23 23 -25 -26 29 -28 -29 -30 -31
leaf_value=-0.003566927517229459 -0.0033765778213707474 0.013587446934711526 -0.0090446233533285139 -0.0043498142829362157 0.013918396035128337 0.023565430542910284 -0.0041588499854769241 -0.0067684672296855018 0.0166283465197435 -0.004966789254901606 0.0052585732691001301 -0.0058887371753661519 0.0043258534763145539 0.014816350604540821 0.0024748467350291939 0.0035932133592024395 0.042515086785833905 0.0092895209662557585 0.014025721893768387 0.00015398865647961788 0.012829201891044749 0.0055516513457319122 -0.0074256695307416314 -0.0016627147394786476 0.02570836813062485 0.014217121048118161 -0.0071196012155417977 0.035321128606833369 -0.0079385613162833834 0.0044003761732373378
leaf_weight=14788 26142 8677 97121 10697 21373 2352 1867 4132 1265 2725 26977 35117 11813 3716 4963 23847 7450 3175 6702 10433 24336 9953 14944 21475 6444 4388 685 7078 84757 4829
leaf_count=14788 26142 8677 97121 10697 21373 2352 1867 4132 1265 2725 26977 35117 11813 3716 4963 23847 7450 3175 6702 10433 24336 9953 14944 21475 6444 4388 685 7078 84757 4829
internal_value=-4.4635e-11 0.0107001 -0.00369474 -0.00182358 0.017447 0.0232769 0.00258191 0.0109539 0.0338993 0.00532507 0.00100887 -0.00137594 -0.00331757 0.0132448 0.00827044 0.00113355 0.0368582 0.0187639 0.00904727 0.00557963 0.0110753 0.00929436 -0.00641547 -0.00402746 0.0217246 0.00684496 0.00828612 0.0323891 -0.00728913 0.0090739
internal_weight=504221 129419 374802 277681 76300 40203 141717 36097 18830 83703 53119 58014 46930 31965 49159 34544 16880 13335 46434 17135 29299 18630 135964 36419 10160 11084 1950 9430 99545 9217
internal_count=504221 129419 374802 277681 76300 40203 141717 36097 18830 83703 53119 58014 46930 31965 49159 34544 16880 13335 46434 17135 29299 18630 135964 36419 10160 11084 1950 9430 99545 9217
is_linear=0
shrinkage=0.05


Tree=8
num_leaves=31
num_cat=0
split_feature=0 1 1 1 1 1 0 1 0 0 1 1 0 0 1 1 0 1 0 0 1 0 1 1 1 0 1 0 0 0
split_gain=7200.03 3287.15 1514.07 2110.14 1189.11 909.978 730.372 661.334 487.313 475.58 344.948 225.854 197.807 180.299 163.764 161.835 298.737 156.495 144.039 133.736 122.639 124.443 111.986 100.177 109.871 97.4785 101.985 143.325 97.0473 96.4304
threshold=100.75000000000001 19.500000000000004 37.500000000000007 2.5000000000000004 36.500000000000007 2.5000000000000004 104.75000000000001 21.500000000000004 98.15000000000002 77.750000000000014 10.500000000000002 22.500000000000004 87.850000000000009 68.65000000000002 43.500000000000007 17.500000000000004 87.250000000000014 22.500000000000004 95.250000000000014 78.950000000000017 -7.4999999999999991 85.450000000000017 -12.499999999999998 9.5000000000000018 13.500000000000002 60.550000000000004 29.500000000000004 72.450000000000017 102.55000000000001 106.25000000000001
decision_type=2 2 2 2 2 2 2 2 2 2 2 2 2 2 2 2 2 2 2 2 2 2 2 2 2 2 2 2 2 2
left_child=2 5 3 20 6 22 11 10 9 25 12 -3 -5 -12 29 19 -17 -8 -11 -15 -1 -22 -2 -7 -25 -9 -27 -28 -13 -6
right_child=1 4 -4 7 14 23 17 8 -10 18 13 28 -14 15 -16 16 -18 -19 -20 -21 21 -23 -24 24 -26 26 27 -29 -30 -31
leaf_value=-0.0069482179460818409 -0.0066388276668406764 0.0097192652128000392 -0.0089646080816293949 -0.0026515098139430824 0.0053350511851931823 0.0069617284365201849 0.027385822358809049 -0.0043399671537559994 0.0088416735055138369 -0.0064341365222025104 -0.0031873586732468402 0.019222426566388229 0.0046949723907427259 0.0029474771351100291 -0.0089070581224627975 0.013538734464234953 0.0001604403691482584 0.039417657794721485 8.7350071290686013e-06 0.012114597153622345 -0.0071663553654910065 -0.0016551849895400602 0.00037430233881650585 0.015653553876736028 0.0091287430327899981 0.011965652455397588 0.010413846170874258 -0.0058623937113185913 0.028030895802006989 0.027525738223039456
leaf_weight=98529 7659 3711 87339 16102 2975 17903 3689 2089 10480 39350 3491 6065 21261 4675 1995 6416 11935 10107 11128 26705 16564 26841 22166 10913 15783 5896 2768 2645 6455 586
leaf_count=98529 7659 3711 87339 16102 2975 17903 3689 2089 10480 39350 3491 6065 21261 4675 1995 6416 11935 10107 11128 26705 16564 26841 22166 10913 15783 5896 2768 2645 6455 586
internal_value=7.05356e-11 0.0113105 -0.00315625 -0.00150314 0.0238104 0.00533419 0.0277421 0.00234299 -0.00115152 -0.00279108 0.00521143 0.0205527 0.00152892 0.00779663 0.00256161 0.00856768 0.00483785 0.0362004 -0.00501379 0.0107489 -0.00597271 -0.00375833 -0.00142666 0.00985542 0.011796 0.00558313 0.00741613 0.00246065 0.0237639 0.00898676
internal_weight=504221 110007 394214 306875 35583 74424 30027 164941 74356 63876 90585 16231 37363 53222 5556 49731 18351 13796 50478 31380 141934 43405 29825 44599 26696 13398 11309 5413 12520 3561
internal_count=504221 110007 394214 306875 35583 74424 30027 164941 74356 63876 90585 16231 37363 53222 5556 49731 18351 13796 50478 31380 141934 43405 29825 44599 26696 13398 11309 5413 12520 3561
is_linear=0
shrinkage=0.05


Tree=9
num_leaves=31
num_cat=0
split_feature=0 1 1 1 0 1 1 1 1 0 1 0 1 1 0 1 0 1 0 1 0 1 0 0 0 1 0 0 1 1
split_gain=6510.61 2760.94 1229.82 1985.68 963.062 1386.04 487.824 462.829 455.188 331.289 287.844 262.733 244.83 241.088 231.491 145.787 145.326 125.651 122.561 103.977 199.356 102.74 193.151 98.3672 97.1519 94.38 87.3354 86.2711 81.8514 81.3018
threshold=99.450000000000017 7.5000000000000009 32.500000000000007 4.5000000000000009 103.55000000000001 20.500000000000004 38.500000000000007 37.500000000000007 20.500000000000004 78.950000000000017 -3.4999999999999996 72.050000000000011 23.500000000000004 11.500000000000002 96.050000000000011 -2.4999999999999996 106.65000000000002 32.500000000000007 88.450000000000017 41.500000000000007 72.450000000000017 17.500000000000004 88.250000000000014 63.250000000000007 82.550000000000011 15.500000000000002 100.95000000000002 96.15000000000002 43.500000000000007 23.500000000000004
decision_type=2 2 2 2 2 2 2 2 2 2 2 2 2 2 2 2 2 2 2 2 2 2 2 2 2 2 2 2 2 2
left_child=2 10 3 15 6 -6 12 16 11 23 -2 -5 25 18 -11 -1 29 26 -13 20 -4 -15 -23 -10 -17 -3 -14 -22 -9 -7
right_child=1 4 19 8 5 7 -8 28 9 14 -12 13 17 21 -16 24 -18 -19 -20 -21 27 22 -24 -25 -26 -27 -28 -29 -30 -31
leaf_value=-0.0063608753330170759 -0.0037783260366507964 0.011555288208572125 0.0046995229767457687 -0.0029584408417178652 0.012380397497992789 0.021152918560582462 -0.0062691791380323344 0.015140742654267979 -0.0027843388808261819 -0.0045960100812615428 0.0038080286116061318 -0.00078387488756092747 0.013823005231214047 0.011404222292511821 0.0038738054579154435 -0.0065131519203630436 0.038549882176925974 0.0095751166311566702 0.0060862864145531173 -0.0090217414264159145 -0.0083821717812975292 0.013407545762031507 0.00050507823680989142 0.009295811143109952 -0.00036031479818471584 0.0047610851286484356 0.023701764587022636 -0.0014747518698160333 -0.0063182679014484383 0.031882971288177374
leaf_weight=114943 22413 10259 4086 7746 23048 2352 4281 1265 2051 31522 28280 11172 3591 23669 10842 9582 7450 4175 15496 71620 24025 4875 7162 9448 19415 10187 5935 5568 685 7078
leaf_count=114943 22413 10259 4086 7746 23048 2352 4281 1265 2051 31522 28280 11172 3591 23669 10842 9582 7450 4175 15496 71620 24025 4875 7162 9448 19415 10187 5935 5568 685 7078
internal_value=9.95903e-12 0.00959003 -0.00336605 -0.00156671 0.0153572 0.0206023 0.00964123 0.030666 0.00307127 -0.000385413 0.000453858 0.00572654 0.0116359 0.0068051 -0.00242837 -0.00556164 0.0333303 0.0168079 0.00320818 -0.00794431 -0.0056531 0.00949156 0.00573059 0.00714116 -0.00239351 0.00817015 0.0199778 -0.00708252 0.00760258 0.0292067
internal_weight=504221 130999 373222 267923 80306 41878 38428 18830 123983 53863 50693 70120 34147 62374 42364 143940 16880 13701 26668 105299 33679 35706 12037 11499 28997 20446 9526 29593 1950 9430
internal_count=504221 130999 373222 267923 80306 41878 38428 18830 123983 53863 50693 70120 34147 62374 42364 143940 16880 13701 26668 105299 33679 35706 12037 11499 28997 20446 9526 29593 1950 9430
is_linear=0
shrinkage=0.05


Tree=10
num_leaves=31
num_cat=0
split_feature=0 1 1 1 1 1 0 1 1 1 0 0 0 0 0 1 1 1 1 0 1 1 0 0 1 1 1 1 0 1
split_gain=5883.68 2787 1290.41 1817.57 854.704 703.719 550.555 462.943 208.275 303.856 256.857 239.023 387.232 196.687 205.358 149.022 118.857 112.143 102.596 101.485 101.274 114.58 169.773 96.1859 90.8965 81.1741 75.9909 86.5765 77.1505 75.6127
threshold=101.15000000000002 19.500000000000004 37.500000000000007 1.0000000180025095e-35 38.500000000000007 2.5000000000000004 105.25000000000001 30.500000000000004 6.5000000000000009 19.500000000000004 76.850000000000009 98.15000000000002 80.450000000000017 96.15000000000002 72.450000000000017 23.500000000000004 32.500000000000007 22.500000000000004 15.500000000000002 63.250000000000007 10.500000000000002 16.500000000000004 89.65000000000002 90.65000000000002 -14.499999999999998 24.500000000000004 9.5000000000000018 13.500000000000002 108.25000000000001 43.500000000000007
decision_type=2 2 2 2 2 2 2 2 2 2 2 2 2 2 2 2 2 2 2 2 2 2 2 2 2 2 2 2 2 2
left_child=2 5 3 -1 6 24 15 8 23 10 18 12 19 14 -9 -3 -17 -8 -10 -11 -12 -22 -23 -5 -2 -13 -7 -28 -29 -6
right_child=1 4 -4 7 29 26 17 13 9 11 20 25 -14 -15 -16 16 -18 -19 -20 -21 21 22 -24 -25 -26 -27 27 28 -30 -31
leaf_value=-0.0056262612255423353 -0.0067826289445053235 0.012229161045902114 -0.0081016704496928108 -0.0035548355933753546 0.0065068564054574299 0.0064450904873457728 0.025431984353267042 0.0057556044190809289 -0.0037988619120625498 -0.0029492874861903867 0.0046083373981658541 0.0037559200513985662 -0.0028319151210981796 0.0035160343952472077 -0.0076398761700334633 0.025574584848011356 0.014535051722340243 0.036190316800438986 0.0068197523544307886 0.0095328524620549651 0.011341901540330098 0.013357216091064703 0.00116881643487806 0.0023045784910726138 0.00026683305828498091 0.013136249521543623 0.014259443805728925 0.0065163331332561266 0.015390779269776318 -0.0078771330107932618
leaf_weight=134673 5763 4951 87868 14046 1954 17040 3290 3335 7448 1934 16050 4326 33483 7605 20135 8804 3372 9184 3275 10306 24618 4413 8103 13970 22140 4940 10430 11970 3079 1716
leaf_count=134673 5763 4951 87868 14046 1954 17040 3290 3335 7448 1934 16050 4326 33483 7605 20135 8804 3372 9184 3275 10306 24618 4413 8103 13970 22140 4940 10430 11970 3079 1716
internal_value=2.48983e-11 0.0106151 -0.00274816 -0.00124365 0.0225409 0.00498081 0.0253627 0.00207244 0.00324522 0.00415908 0.00650376 0.00143414 -4.98515e-05 -0.00347207 -0.00573643 0.0195433 0.0225173 0.0333528 -0.000555743 0.00756059 0.0079271 0.00936154 0.00546631 -0.000633076 -0.00118914 0.00875687 0.00902982 0.0107585 0.00833203 -0.000218736
internal_weight=504221 103693 400528 312660 33271 70422 29601 177987 146912 118896 63907 54989 45723 31075 23470 17127 12176 12474 10723 12240 53184 37134 12516 28016 27903 9266 42519 25479 15049 3670
internal_count=504221 103693 400528 312660 33271 70422 29601 177987 146912 118896 63907 54989 45723 31075 23470 17127 12176 12474 10723 12240 53184 37134 12516 28016 27903 9266 42519 25479 15049 3670
is_linear=0
shrinkage=0.05


Tree=11
num_leaves=31
num_cat=0
split_feature=0 1 1 1 0 1 1 1 1 0 1 0 1 0 1 1 1 1 0 0 0 0 1 1 0 1 0 1 1 0
split_gain=5334.48 2231.64 968.995 1562.1 899.799 1140.81 437.901 388.931 386.475 261.096 244.126 197.517 187.326 170.748 166.897 142.493 116.719 114.373 227.291 111.088 106.315 102.717 94.8612 92.5419 89.6112 201.526 81.733 76.9139 70.8127 69.654
threshold=99.050000000000011 7.5000000000000009 32.500000000000007 4.5000000000000009 103.55000000000001 20.500000000000004 39.500000000000007 21.500000000000004 35.500000000000007 78.950000000000017 -3.4999999999999996 69.550000000000011 11.500000000000002 95.65000000000002 23.500000000000004 34.500000000000007 -2.4999999999999996 17.500000000000004 86.850000000000009 88.450000000000017 106.25000000000001 100.95000000000002 43.500000000000007 15.500000000000002 74.050000000000011 48.500000000000007 82.550000000000011 -46.499999999999993 23.500000000000004 78.65000000000002
decision_type=2 2 2 2 2 2 2 2 2 2 2 2 2 2 2 2 2 2 2 2 2 2 2 2 2 2 2 2 2 2
left_child=2 10 3 16 6 -6 14 11 20 -9 -2 -5 19 -11 23 21 27 29 -19 -13 28 -16 -10 -3 25 -4 -18 -1 -7 -14
right_child=1 4 24 7 5 8 -8 9 22 13 -12 12 17 -15 15 -17 26 18 -20 -21 -22 -23 -24 -25 -26 -27 -28 -29 -30 -31
leaf_value=-0.0024431195096979606 -0.0033883139582037598 0.010503769925483833 0.0020866831103919614 -0.0036657949115748789 0.01119853572786457 0.018771727463943334 -0.0065525765152474411 0.0061305695126548741 0.015840519853454912 -0.0047855854431873837 0.0034218737134625423 -0.0010335234320459831 0.0037223472628641107 0.0029110857993747399 0.011366491623602476 0.0047065354356723224 -0.0059650686097727328 0.012338613395877263 7.3112327737001519e-05 0.0054345824548147357 0.034808606860630323 0.020529987693539004 -0.0056084979037298779 0.0040686038967200624 -0.0079251777674775627 -0.0083667231567941935 -0.00028215674629947484 -0.0063101555507073612 0.029477023580410846 0.01127235758972781
leaf_weight=14784 23755 11179 7742 6089 23048 2093 4429 10490 2083 27819 29503 12118 3602 9725 5495 3252 9582 6039 10084 14680 8072 6896 685 11168 85053 11399 18625 98724 5897 20111
leaf_count=14784 23755 11179 7742 6089 23048 2093 4429 10490 2083 27819 29503 12118 3602 9725 5495 3252 9582 6039 10084 14680 8072 6896 685 11168 85053 11399 18625 98724 5897 20111
internal_value=4.07713e-11 0.00839658 -0.00314998 -0.00153051 0.0134587 0.0186577 0.00832593 0.00264813 0.0277878 -0.000843365 0.000384283 0.00495429 0.00574199 -0.00279192 0.0100605 0.0140216 -0.00509117 0.00791637 0.00466725 0.00250972 0.0307614 0.0164663 0.0105325 0.00728777 -0.00722957 -0.00413861 -0.00221266 -0.00580649 0.0266727 0.0101255
internal_weight=504221 137555 366666 262472 84297 41878 42419 120757 18830 48034 53258 72723 66634 37544 37990 15643 141715 39836 16123 26798 16062 12391 2768 22347 104194 19141 28207 113508 7990 23713
internal_count=504221 137555 366666 262472 84297 41878 42419 120757 18830 48034 53258 72723 66634 37544 37990 15643 141715 39836 16123 26798 16062 12391 2768 22347 104194 19141 28207 113508 7990 23713
is_linear=0
shrinkage=0.05


Tree=12
num_leaves=31
num_cat=0
split_feature=0 1 1 1 0 1 1 1 1 0 1 1 1 0 0 0 1 0 1 0 1 0 0 1 0 1 1 1 1 0
split_gain=4814.37 2018.23 874.518 1409.8 829.689 968.54 403.285 351.581 348.794 267.294 255.864 208.883 153.943 149.917 138.061 136.341 105.339 104.561 99.2733 96.3018 85.6122 80.9588 80.8741 182.003 73.764 72.2514 69.8211 69.583 69.5297 79.178
threshold=99.050000000000011 8.5000000000000018 32.500000000000007 4.5000000000000009 103.55000000000001 20.500000000000004 38.500000000000007 20.500000000000004 35.500000000000007 78.950000000000017 -1.0000000180025095e-35 11.500000000000002 23.500000000000004 84.250000000000014 68.65000000000002 95.65000000000002 -2.4999999999999996 102.15000000000002 14.500000000000002 106.05000000000001 43.500000000000007 59.550000000000004 74.050000000000011 47.500000000000007 82.550000000000011 -14.499999999999998 32.500000000000007 -43.499999999999993 27.500000000000004 72.850000000000009
decision_type=2 2 2 2 2 2 2 2 2 2 2 2 2 2 2 2 2 2 2 2 2 2 2 2 2 2 2 2 2 2
left_child=2 10 3 16 6 -6 12 11 19 21 25 13 18 -5 -13 -11 27 26 -3 -7 -10 -9 23 -4 -18 -2 -14 -1 -23 -30
right_child=1 4 22 7 5 8 -8 9 20 15 -12 14 17 -15 -16 -17 24 -19 -20 -21 -22 28 -24 -25 -26 -27 -28 -29 29 -31
leaf_value=-0.0026015518178636367 -0.0063930211607280884 0.011328600324923738 0.0022443084122534757 -0.0028852231226040646 0.010845917923469128 0.025059761718623532 -0.0054247763992490705 -0.0049651112652668097 0.015048493663107496 -0.0041596099474933588 0.0043597353561926951 -0.0032593065463472808 0.013790705418197814 0.0044849089737090692 0.0081242898366144425 0.0024118785283309425 -0.005666814960245424 0.020238230078108054 0.004269047883845258 0.03282339102477233 -0.0053280730730425711 0.011152965401041935 -0.0075289188099539163 -0.0077806769103807589 -0.00026804860326267729 -0.0009103760001475177 0.005160802637058412 -0.0060419819542298255 0.0099751401557794175 -0.004045012996118447
leaf_weight=17348 8238 8236 7349 11101 21373 7448 4911 1428 2083 30334 26001 2876 7387 18232 36046 10669 9582 4341 12596 8614 685 6036 85053 11792 18625 22209 3433 96160 1934 2101
leaf_count=17348 8238 8236 7349 11101 21373 7448 4911 1428 2083 30334 26001 2876 7387 18232 36046 10669 9582 4341 12596 8614 685 6036 85053 11792 18625 22209 3433 96160 1934 2101
internal_value=8.25236e-11 0.00797675 -0.00299248 -0.00145398 0.0130293 0.0181303 0.00801578 0.00251573 0.0263984 -0.000560413 0.000717 0.0048819 0.00984965 0.0016957 0.00728314 -0.00244971 -0.00483661 0.0136827 0.00706007 0.0292234 0.0100059 0.0061764 -0.00686809 -0.00393168 -0.00210203 -0.00239381 0.0110526 -0.00551616 0.0077562 0.00267493
internal_weight=504221 137555 366666 262472 81107 40203 40904 120757 18830 52502 56448 68255 35993 29333 38922 41003 141715 15161 20832 16062 2768 11499 104194 19141 28207 30447 10820 113508 10071 4035
internal_count=504221 137555 366666 262472 81107 40203 40904 120757 18830 52502 56448 68255 35993 29333 38922 41003 141715 15161 20832 16062 2768 11499 104194 19141 28207 30447 10820 113508 10071 4035
is_linear=0
shrinkage=0.05


Tree=13
num_leaves=31
num_cat=0
split_feature=0 1 1 1 1 1 0 1 0 0 1 1 0 0 0 1 1 1 0 0 0 1 1 1 0 0 1 1 0 0
split_gain=4351.54 2077.67 961.382 1345.31 636.406 522.348 411.221 342.341 288.454 204.184 182.683 204.806 207.157 185.139 178.226 112.394 104.957 90.0706 86.9511 86.3088 70.624 89.3839 87.1682 69.9864 63.1581 61.3525 59.2068 95.4206 161.166 82.3923
threshold=101.15000000000002 19.500000000000004 37.500000000000007 1.0000000180025095e-35 38.500000000000007 2.5000000000000004 104.95000000000002 28.500000000000004 96.15000000000002 72.450000000000017 7.5000000000000009 19.500000000000004 81.050000000000011 75.050000000000011 97.850000000000009 24.500000000000004 32.500000000000007 22.500000000000004 63.250000000000007 81.65000000000002 90.450000000000017 -41.499999999999993 -14.499999999999998 -12.499999999999998 63.250000000000007 45.850000000000001 11.500000000000002 16.500000000000004 89.450000000000017 92.250000000000014
decision_type=2 2 2 2 2 2 2 2 2 2 2 2 2 2 2 2 2 2 2 2 2 2 2 2 2 2 2 2 2 2
left_child=2 5 3 20 6 23 15 10 9 24 19 13 18 -12 -14 -3 -17 -8 -13 -5 21 -1 -22 -2 -9 -23 29 -28 -29 -15
right_child=1 4 -4 7 -6 -7 17 8 -10 -11 11 12 14 26 -16 16 -18 -19 -20 -21 22 25 -24 -25 -26 -27 27 28 -30 -31
leaf_value=-0.0025952223848971076 -0.0053414812437352572 0.010792143428860996 -0.0069842654993091044 -0.004414765982209203 -0.00021337291342523506 0.0077526399133988361 0.021436767336510832 -0.0026728786362216765 0.0050421091555580373 -0.0063085343847574735 -0.0010503309583174681 -0.0032132927787311381 -0.0024561182162468964 0.00094533958302362136 0.0058909828657611376 0.022876051019976314 0.012001077698310839 0.030726808766714953 0.0094246999873948394 0.0013153227134643801 -0.0062146566953265288 0.00087891977131257298 -0.0016420082909782568 0.00041015770027849646 0.01001349942563183 -0.0067765372992137293 0.010315575463347331 0.012163268887050964 0.00061744586890353028 0.008009058692504685
leaf_weight=18788 7091 5663 87868 9066 3670 42519 3534 1527 10214 26313 8138 1599 26047 7946 8476 7235 3200 9969 9144 23885 16027 2723 29803 20812 2744 67332 21315 4790 8191 8592
leaf_count=18788 7091 5663 87868 9066 3670 42519 3534 1527 10214 26313 8138 1599 26047 7946 8476 7235 3200 9969 9144 23885 16027 2723 29803 20812 2744 67332 21315 4790 8191 8592
internal_value=2.85464e-11 0.00912899 -0.00236341 -0.00106479 0.0194259 0.00426421 0.0218608 0.00178813 -0.00223297 -0.0046626 0.00298395 0.00400979 0.00148011 0.00595154 -0.000406759 0.0164634 0.0195411 0.0282954 0.00754365 -0.00026123 -0.00483529 -0.00565766 -0.00324109 -0.00105151 0.00547777 -0.00647897 0.00707246 0.00825741 0.00487786 0.00461516
internal_weight=504221 103693 400528 312660 33271 70422 29601 177987 40798 30584 137189 104238 45266 58972 34523 16098 10435 13503 10743 32951 134673 88843 45830 27903 4271 70055 50834 34296 12981 16538
internal_count=504221 103693 400528 312660 33271 70422 29601 177987 40798 30584 137189 104238 45266 58972 34523 16098 10435 13503 10743 32951 134673 88843 45830 27903 4271 70055 50834 34296 12981 16538
is_linear=0
shrinkage=0.05


Tree=14
num_leaves=31
num_cat=0
split_feature=0 1 1 1 0 1 1 1 1 0 0 1 1 1 0 1 1 0 1 0 0 0 1 1 0 1 1 0 1 0
split_gain=3934.05 1665.94 716.07 1152.75 629.061 947.027 318.903 290.988 287.652 197.56 153.453 142.788 139.265 131.404 126.033 104.147 89.6239 92.4876 88.0189 194.237 87.1432 84.9225 81.0761 78.5452 76.4714 72.8221 72.1482 71.0427 158.465 63.5309
threshold=99.050000000000011 5.5000000000000009 32.500000000000007 4.5000000000000009 103.55000000000001 20.500000000000004 39.500000000000007 21.500000000000004 35.500000000000007 78.050000000000011 69.550000000000011 22.500000000000004 11.500000000000002 -5.4999999999999991 95.65000000000002 34.500000000000007 -7.4999999999999991 85.450000000000017 17.500000000000004 88.250000000000014 92.250000000000014 107.45000000000002 23.500000000000004 15.500000000000002 100.95000000000002 -42.499999999999993 43.500000000000007 74.65000000000002 48.500000000000007 63.250000000000007
decision_type=2 2 2 2 2 2 2 2 2 2 2 2 2 2 2 2 2 2 2 2 2 2 2 2 2 2 2 2 2 2
left_child=2 13 3 16 6 -6 11 10 21 29 -5 23 20 -2 -11 24 25 -18 -14 -20 -12 22 -7 -3 -13 -1 -10 28 -4 -9
right_child=1 4 27 7 5 8 -8 9 26 14 12 15 18 -15 -16 -17 17 -19 19 -21 -22 -23 -24 -25 -26 -27 -28 -29 -30 -31
leaf_value=-0.0024227041023342924 -0.0035072920423331378 0.0082995423345610664 0.0018225133353864794 -0.0033265059629397397 0.0092487218436466938 0.016614349645907876 -0.005741014255458466 -0.0026368861865672371 0.013654786332247065 -0.0040250946379086416 -0.0001196362329095938 0.0095719180038773312 0.0087785390188989555 0.0018414172296106494 0.0025631967750030806 0.0038423836714648824 -0.0051943604255148563 -0.00071587907260274336 0.010306308093140247 -0.00077823221179065382 0.0057158322364783644 0.031576342056813304 0.02650329078423673 0.0024622206463257991 0.017092620846790026 -0.005941410492973343 -0.0050510008818041678 -0.0068539051199810229 -0.0071880711666290655 0.0076209289236527193
leaf_weight=18222 19905 13924 8174 6089 26517 2819 4429 1871 2083 28627 16243 6021 23713 27139 9725 3252 19870 27460 6936 9187 10555 5414 7829 9832 7706 76163 685 83914 12106 7811
leaf_count=18222 19905 13924 8174 6089 26517 2819 4429 1871 2083 28627 16243 6021 23713 27139 9725 3252 19870 27460 6936 9187 10555 5414 7829 9832 7706 76163 685 83914 12106 7811
internal_value=3.56956e-11 0.00721068 -0.00270509 -0.00131292 0.0111777 0.0153376 0.00700089 0.0022767 0.0239122 -0.000743345 0.00427145 0.00838628 0.00496575 -0.000421699 -0.00235449 0.0118878 -0.00437168 -0.00259603 0.00684056 0.00399026 0.0021788 0.0264777 0.0238852 0.00588362 0.0137939 -0.00526209 0.00902564 -0.00621207 -0.00355629 0.00563866
internal_weight=504221 137555 366666 262472 90511 45347 45164 120757 18830 48034 72723 40735 66634 47044 38352 16979 141715 47330 39836 16123 26798 16062 10648 23756 13727 94385 2768 104194 20280 9682
internal_count=504221 137555 366666 262472 90511 45347 45164 120757 18830 48034 72723 40735 66634 47044 38352 16979 141715 47330 39836 16123 26798 16062 10648 23756 13727 94385 2768 104194 20280 9682
is_linear=0
shrinkage=0.05


Tree=15
num_leaves=31
num_cat=0
split_feature=0 1 1 1 1 1 0 1 0 0 1 1 0 0 0 1 1 0 0 1 1 1 1 1 0 1 1 0 0 0
split_gain=3552.57 1702.76 791.604 1072.3 524.367 427.996 322.277 321.209 134.223 149.763 131.252 205.561 159.225 157.873 252.957 119.154 89.4489 73.7062 71.8745 71.0005 70.6802 68.4389 68.183 64.8661 60.3779 69.1212 62.0171 55.753 53.1133 51.2005
threshold=101.15000000000002 19.500000000000004 38.500000000000007 1.0000000180025095e-35 36.500000000000007 3.5000000000000004 105.45000000000002 30.500000000000004 96.15000000000002 72.450000000000017 7.5000000000000009 19.500000000000004 76.550000000000011 80.450000000000017 97.65000000000002 24.500000000000004 42.500000000000007 91.450000000000017 63.250000000000007 22.500000000000004 15.500000000000002 -8.4999999999999982 25.500000000000004 31.500000000000004 92.050000000000011 -41.499999999999993 -13.499999999999998 68.65000000000002 45.850000000000001 62.45000000000001
decision_type=2 2 2 2 2 2 2 2 2 2 2 2 2 2 2 2 2 2 2 2 2 2 2 2 2 2 2 2 2 2
left_child=2 5 3 24 6 21 15 10 9 29 17 12 20 18 -15 -3 -6 -5 -13 -8 -12 -2 -16 -17 25 -1 -26 -22 -27 -9
right_child=1 4 -4 7 16 -7 19 8 -10 -11 11 13 -14 14 22 23 -18 -19 -20 -21 27 -23 -24 -25 26 28 -28 -29 -30 -31
leaf_value=-0.0023512815534437611 -0.0039186679854597518 0.010378697093038486 -0.0064533737017390611 -0.0024733488611032497 0.0080319035904178725 0.0072169264346225561 0.020257404752275457 -0.0036133520167956263 0.0027223950740168663 -0.0060544864369173378 -0.0035279334154120104 -0.0026952685482006409 0.0065364291121493947 -0.0025276556086056968 0.0027990776228463063 0.021729857461220178 -0.0056832785120076237 0.0022640510500974605 0.0078092147582986861 0.029078080664359875 -0.0026003897350641222 0.0010811980879736442 0.010800257488764028 0.013274451316090938 -0.0053013954599565368 0.0011267627671147549 -0.001214104679649343 0.010963735379480867 -0.0059847772325813771 0.0087493943148691956
leaf_weight=18895 10504 6334 83908 17425 2991 40274 3142 1249 8397 22847 6409 1934 49394 31945 6046 7188 1973 15526 10306 8329 1253 19644 4758 3314 14787 2723 24923 1916 73345 2542
leaf_count=18895 10504 6334 83908 17425 2991 40274 3142 1249 8397 22847 6409 1934 49394 31945 6046 7188 1973 15526 10306 8329 1253 19644 4758 3314 14787 2723 24923 1916 73345 2542
internal_value=-7.89339e-12 0.00824845 -0.00213545 -0.000991147 0.0175701 0.00384442 0.0201987 0.00151224 -0.00278975 -0.00452733 0.00253816 0.00334178 0.00539236 0.00114267 -0.000290887 0.015795 0.00258064 -0.00024116 0.00614944 0.026662 -0.000507653 -0.000660828 0.00632274 0.0190617 -0.00437329 -0.00505789 -0.00273611 0.00560058 -0.00573021 0.00467631
internal_weight=504221 103693 400528 316620 33271 70422 28307 181947 35035 26638 146912 113961 58972 54989 42749 16836 4964 32951 12240 11471 9578 30148 10804 10502 134673 94963 39710 3169 76068 3791
internal_count=504221 103693 400528 316620 33271 70422 28307 181947 35035 26638 146912 113961 58972 54989 42749 16836 4964 32951 12240 11471 9578 30148 10804 10502 134673 94963 39710 3169 76068 3791
is_linear=0
shrinkage=0.05


Tree=16
num_leaves=31
num_cat=0
split_feature=0 1 0 1 1 1 1 1 1 1 1 0 0 1 1 0 1 0 0 0 0 0 1 0 1 1 0 0 1 0
split_gain=3212.91 1366.53 625.189 642.037 573.025 957.321 308.492 219.47 215.205 175.401 159.725 155.607 125.631 117.203 88.7982 179.243 82.3137 79.4454 79.227 78.8611 74.8503 73.6649 79.5839 70.7309 145.348 58.9047 57.1058 55.3008 91.891 53.4191
threshold=98.750000000000014 8.5000000000000018 103.85000000000001 21.500000000000004 31.500000000000004 4.5000000000000009 36.500000000000007 40.500000000000007 22.500000000000004 -2.4999999999999996 24.500000000000004 75.65000000000002 66.550000000000011 11.500000000000002 18.500000000000004 85.050000000000011 14.500000000000002 101.75000000000001 84.250000000000014 107.65000000000002 94.850000000000009 90.450000000000017 -10.499999999999998 74.050000000000011 48.500000000000007 -46.499999999999993 63.250000000000007 110.05000000000001 17.500000000000004 45.850000000000001
decision_type=2 2 2 2 2 2 2 2 2 2 2 2 2 2 2 2 2 2 2 2 2 2 2 2 2 2 2 2 2 2
left_child=4 9 6 27 5 21 10 19 12 -2 16 26 -7 18 -15 -16 -3 -12 -14 -5 -13 25 -23 24 -6 -1 -10 -4 -29 -27
right_child=1 2 3 7 23 8 -8 -9 11 -11 17 20 13 14 15 -17 -18 -19 -20 -21 -22 22 -24 -25 -26 29 -28 28 -30 -31
leaf_value=-0.0018029550364901748 -0.0024796862811461342 0.0095680646949173609 0.0085361396117423667 0.021862459915310554 0.0021612685979725808 -0.0043351488815914817 -0.0031235662191693215 0.00035185009438518924 -0.0019655324733648147 0.0030216804719775258 0.0095416947622600692 -0.0037224014068819398 -0.0020604620257026365 0.0075538049052696586 0.010232427366455368 -0.00086585242502780545 0.0036213010352028371 0.017205284296717013 0.0036286392458802796 0.029648028323462045 0.0016118628422160609 -0.0047123369937910288 -0.00032765493884710789 -0.0061730633231598412 -0.0065280673676221482 0.00095769548484093785 0.0091839777548014291 0.010385986632956826 0.028696101151784011 -0.0055026471961641329
leaf_weight=14611 26867 9307 18348 10261 8329 4532 6999 1019 1525 31448 8809 23433 9360 27848 5507 10720 15527 5489 17677 4762 9142 18290 23835 87693 11399 3333 4651 2472 948 80080
leaf_count=14611 26867 9307 18348 10261 8329 4532 6999 1019 1525 31448 8809 23433 9360 27848 5507 10720 15527 5489 17677 4762 9142 18290 23835 87693 11399 3333 4651 2472 948 80080
internal_value=1.43298e-11 0.00636659 0.0104512 0.0152175 -0.00250213 -0.00120976 0.00654459 0.0228072 0.00218421 0.00048708 0.0082738 -0.000845762 0.00373641 0.00425081 0.00584064 0.0029006 0.00584996 0.0124837 0.00165912 0.0243303 -0.00222537 -0.00398006 -0.00223141 -0.00556452 -0.0028595 -0.00473152 0.0064309 0.00962418 0.0154614 -0.00524451
internal_weight=504221 142256 83941 37810 361965 254544 46131 16042 114395 58315 39132 38751 75644 71112 44075 16227 24834 14298 27037 15023 32575 140149 42125 107421 19728 98024 6176 21768 3420 83413
internal_count=504221 142256 83941 37810 361965 254544 46131 16042 114395 58315 39132 38751 75644 71112 44075 16227 24834 14298 27037 15023 32575 140149 42125 107421 19728 98024 6176 21768 3420 83413
is_linear=0
shrinkage=0.05


Tree=17
num_leaves=31
num_cat=0
split_feature=0 1 1 1 1 1 1 0 1 1 0 0 0 0 0 1 1 1 1 0 0 1 0 0 1 1 0 1 1 0
split_gain=2905.37 1417.72 659.406 895.362 421.729 345.863 250.343 241.579 128.347 148.466 151.003 133.084 219.522 115.974 124.764 102.938 95.4399 89.8281 72.4462 61.1758 60.9671 60.8276 58.3039 57.9705 50.8267 68.2882 61.0184 48.9281 105.571 103.54
threshold=101.25000000000001 19.500000000000004 38.500000000000007 -1.0000000180025095e-35 35.500000000000007 1.5000000000000002 30.500000000000004 104.95000000000002 6.5000000000000009 19.500000000000004 78.950000000000017 98.15000000000002 81.050000000000011 96.15000000000002 72.450000000000017 15.500000000000002 24.500000000000004 43.500000000000007 23.500000000000004 106.25000000000001 90.65000000000002 25.500000000000004 59.550000000000004 68.65000000000002 9.5000000000000018 13.500000000000002 110.25000000000001 16.500000000000004 11.500000000000002 89.850000000000009
decision_type=2 2 2 2 2 2 2 2 2 2 2 2 2 2 2 2 2 2 2 2 2 2 2 2 2 2 2 2 2 2
left_child=2 5 3 -1 7 -2 8 16 20 10 15 12 22 14 -8 -10 -3 19 -9 -6 -5 -13 -11 -17 -7 -26 -27 28 -12 -29
right_child=1 4 -4 6 17 24 13 18 9 11 27 21 -14 -15 -16 23 -18 -19 -20 -21 -22 -23 -24 -25 25 26 -28 29 -30 -31
leaf_value=-0.0040490863157392025 -0.0011742049020919802 0.0090616599681520912 -0.0058514897859661122 -0.0027195688084471381 0.0046658699283023538 0.0042076767664671359 0.0043150356768052395 0.018710220943163686 -0.0030802211094439311 -0.0043536693970920772 0.0040487616807518122 0.002941571040930463 -0.0022198169938118964 0.0026003885247353801 -0.0054792804712075899 -0.0023806488041818764 0.01746626295513596 -0.0061365088065501285 0.026538125003557341 0.020351924351085206 0.0015969805951986081 0.010972223323430556 0.0066187187293171371 0.010597076338336474 0.01076764028505277 0.0044083893215813496 0.015173398132295641 0.0096605596508521057 0.0092466878024259763 -0.00018898692723773878
leaf_weight=130642 25259 5484 84003 16310 3173 18929 3791 4637 9173 1352 19146 5423 32787 8574 22847 1253 8795 1656 8152 773 16411 4172 11584 2747 10293 13379 1460 3981 19944 8091
leaf_count=130642 25259 5484 84003 16310 3173 18929 3791 4637 9173 1352 19146 5423 32787 8574 22847 1253 8795 1656 8152 773 16411 4172 11584 2747 10293 13379 1460 3981 19944 8091
internal_value=4.61784e-11 0.00753736 -0.00191118 -0.000871049 0.0161244 0.00349037 0.00134226 0.0187087 0.00222032 0.00297918 0.00461235 0.0010798 -4.36556e-05 -0.00245743 -0.0040854 -0.000161516 0.0142384 0.00363706 0.0236999 0.00773868 -0.000554632 0.00643338 0.00547194 0.0065318 0.00616444 0.00763824 0.00546755 0.00584151 0.00670078 0.00305911
internal_weight=504221 101990 402231 318228 32670 69320 187586 27068 152374 119653 64335 55318 45723 35212 26638 13173 14279 5602 12789 3946 32721 9595 12936 4000 44061 25132 14839 51162 39090 12072
internal_count=504221 101990 402231 318228 32670 69320 187586 27068 152374 119653 64335 55318 45723 35212 26638 13173 14279 5602 12789 3946 32721 9595 12936 4000 44061 25132 14839 51162 39090 12072
is_linear=0
shrinkage=0.05


Tree=18
num_leaves=31
num_cat=0
split_feature=0 1 0 1 1 1 1 1 1 0 1 1 0 1 0 0 1 0 0 0 1 1 0 1 1 1 1 0 0 0
split_gain=2628.55 1118.28 473.878 652.531 467.705 751.358 219.683 217.825 197.828 123.903 110.54 104.9 99.3943 97.9288 97.9144 93.6305 80.3312 134.129 91.5316 57.3781 62.8995 56.5179 56.2257 117.84 53.8208 63.9516 50.6131 48.2724 46.4525 43.8817
threshold=98.750000000000014 5.5000000000000009 103.15000000000002 20.500000000000004 32.500000000000007 3.5000000000000004 40.500000000000007 36.500000000000007 23.500000000000004 74.65000000000002 24.500000000000004 11.500000000000002 94.050000000000011 -14.499999999999998 107.45000000000002 84.450000000000017 19.500000000000004 85.850000000000009 71.250000000000014 90.450000000000017 -10.499999999999998 -41.499999999999993 75.65000000000002 48.500000000000007 34.500000000000007 23.500000000000004 15.500000000000002 63.250000000000007 100.35000000000001 45.850000000000001
decision_type=2 2 2 2 2 2 2 2 2 2 2 2 2 2 2 2 2 2 2 2 2 2 2 2 2 2 2 2 2 2
left_child=4 13 7 -4 5 19 14 10 11 27 26 15 -11 -2 24 -7 18 -18 -13 21 -21 -1 23 -6 25 -5 -3 -10 -12 -23
right_child=1 2 3 6 22 8 -8 -9 9 12 28 16 -14 -15 -16 -17 17 -19 -20 20 -22 29 -24 -25 -26 -27 -28 -29 -30 -31
leaf_value=-0.0018922859103309238 -0.0052268707927219937 0.0068836449356233335 0.007443350634815599 0.013349223783370457 0.0015242081803719353 -0.0024762077785936403 -0.00063899023914808922 -0.0032885133178781447 -0.0020121838241815566 -0.0043323484683895934 0.0066339018261972653 -0.0018573789992321985 0.0015373900311659759 0.00065098065134441114 0.025944881117127269 0.0030012086787602455 0.0070982652779352437 -0.0018518129822243656 0.0067754565543455521 -0.0042742659038715906 -0.00031210532804918772 0.001136962770370015 -0.0057197164573540024 -0.0058755414726005661 0.010401526765851257 0.021716639302140829 0.0024326396635782691 0.0084872012845767335 0.012885449820684187 -0.0051855195230305464
leaf_weight=18788 8609 13492 28406 3134 9026 12798 1314 6425 1500 22194 4807 3415 10684 40061 5765 19986 6976 10467 30434 18290 22144 2850 80970 13320 1918 8415 12128 4052 7782 74071
leaf_count=18788 8609 13492 28406 3134 9026 12798 1314 6425 1500 22194 4807 3415 10684 40061 5765 19986 6976 10467 30434 18290 22144 2850 80970 13320 1918 8415 12128 4052 7782 74071
internal_value=2.79936e-11 0.00575859 0.00895554 0.0123529 -0.00226318 -0.00112726 0.0191407 0.00522947 0.00171365 -0.00125826 0.00666181 0.00307207 -0.00242492 -0.000388724 0.0204921 0.000862971 0.00448405 0.0017276 0.0059045 -0.0036836 -0.00210436 -0.00435078 -0.00510695 -0.00288663 0.0181579 0.019446 0.00477663 0.00565055 0.0104984 -0.00495127
internal_weight=504221 142256 93586 48952 361965 258649 20546 44634 122506 38430 38209 84076 32878 48670 19232 32784 51292 17443 33849 136143 40434 95709 103316 22346 13467 11549 25620 5552 12589 76921
internal_count=504221 142256 93586 48952 361965 258649 20546 44634 122506 38430 38209 84076 32878 48670 19232 32784 51292 17443 33849 136143 40434 95709 103316 22346 13467 11549 25620 5552 12589 76921
is_linear=0
shrinkage=0.05


Tree=19
num_leaves=31
num_cat=0
split_feature=0 1 1 1 1 1 1 0 1 1 0 0 0 0 0 1 1 0 0 1 0 0 0 1 1 0 1 1 0 1
split_gain=2373.87 1163.98 545.705 704.62 347.764 286.652 242.187 221.163 122.185 120.245 126.293 112.307 180.979 100.501 131.598 89.5919 75.5671 61.0779 58.2703 55.0936 54.402 49.577 49.4432 48.3506 60.7651 55.9808 48.606 45.5957 92.5794 88.3312
threshold=101.25000000000001 19.500000000000004 40.500000000000007 -1.4999999999999998 38.500000000000007 1.0000000180025095e-35 30.500000000000004 105.45000000000002 6.5000000000000009 19.500000000000004 78.950000000000017 79.550000000000011 97.65000000000002 96.15000000000002 72.450000000000017 15.500000000000002 21.500000000000004 78.950000000000017 63.250000000000007 25.500000000000004 63.250000000000007 102.55000000000001 66.550000000000011 9.5000000000000018 13.500000000000002 108.65000000000002 17.500000000000004 16.500000000000004 90.850000000000009 11.500000000000002
decision_type=2 2 2 2 2 2 2 2 2 2 2 2 2 2 2 2 2 2 2 2 2 2 2 2 2 2 2 2 2 2
left_child=2 5 3 -1 7 -2 8 16 17 10 15 18 -13 14 20 -10 -3 -5 -11 -14 -8 -18 -17 -7 -25 -26 -27 29 -29 -12
right_child=1 4 -4 6 -6 23 13 -9 9 11 27 12 19 -15 -16 22 21 -19 -20 -21 -22 -23 -24 24 25 26 -28 28 -30 -31
leaf_value=-0.0037605913949734383 -0.0013722565292393781 0.0049447517600633506 -0.0055175333785399457 -0.0043675905157810925 -0.00012282717561388348 0.0036562886478631396 -0.0032169662544836303 0.021674829020245836 -0.0029178301993118671 -0.0024515691065954692 0.0036986930753265591 -0.0020110138152620162 0.0022601961496229563 0.0020334366364492726 -0.0049901424101764036 -0.0035725245577888894 0.010195564093786901 0.00050282833786237412 0.0070845352209872887 0.0093501137383779093 0.0081793343739405052 0.016303658436479358 0.0092610620394493193 0.0098635997459072377 0.0034251297503234642 0.0068304357940059766 0.02133394886072747 0.0082879015803006047 -0.00076704271616968487 0.0084533026079096959
leaf_weight=125946 23302 2602 76835 8261 3575 20886 1619 11813 9173 1934 19146 32921 6260 10035 27761 1001 5080 29156 9330 4873 2965 9600 2999 10293 12168 1826 845 4501 7571 19944
leaf_count=125946 23302 2602 76835 8261 3575 20886 1619 11813 9173 1934 19146 32921 6260 10035 27761 1001 5080 29156 9330 4873 2965 9600 2999 10293 12168 1826 845 4501 7571 19944
internal_value=1.9145e-11 0.00681314 -0.00172754 -0.000832623 0.0145938 0.00314616 0.00101629 0.0164021 0.00192132 0.00270116 0.00417093 0.000991806 -0.000147379 -0.00233795 -0.00369417 -0.000194901 0.012798 -0.000572472 0.00544721 0.00536351 0.00415433 0.01419 0.00604946 0.00543413 0.00691161 0.00486398 0.0114188 0.00529503 0.00260906 0.00612453
internal_weight=504221 101990 402231 325396 32670 69320 199450 29095 157070 119653 64335 55318 44054 42380 32345 13173 17282 37417 11264 11133 4584 14680 4000 46018 25132 14839 2671 51162 12072 39090
internal_count=504221 101990 402231 325396 32670 69320 199450 29095 157070 119653 64335 55318 44054 42380 32345 13173 17282 37417 11264 11133 4584 14680 4000 46018 25132 14839 2671 51162 12072 39090
is_linear=0
shrinkage=0.05


Tree=20
num_leaves=31
num_cat=0
split_feature=0 1 0 1 1 1 1 1 1 0 1 1 1 0 0 1 1 0 0 1 0 0 1 1 1 0 0 1 0 0
split_gain=2152.01 916.98 441.615 402.452 380.89 642.93 236.27 165.62 140.096 126.207 123.885 94.8502 108.778 91.7072 91.451 68.0493 65.7246 77.4349 61.7467 60.0586 57.0082 52.9053 106.388 47.1353 45.3031 134.332 52.058 58.7002 43.2308 42.8146
threshold=98.750000000000014 9.5000000000000018 104.15000000000002 21.500000000000004 31.500000000000004 5.5000000000000009 39.500000000000007 21.500000000000004 -5.4999999999999991 79.550000000000011 35.500000000000007 22.500000000000004 14.500000000000002 102.15000000000002 68.65000000000002 11.500000000000002 -10.499999999999998 79.250000000000014 94.050000000000011 -42.499999999999993 92.250000000000014 74.65000000000002 51.500000000000007 34.500000000000007 17.500000000000004 88.250000000000014 80.750000000000014 14.500000000000002 60.550000000000004 45.850000000000001
decision_type=2 2 2 2 2 2 2 2 2 2 2 2 2 2 2 2 2 2 2 2 2 2 2 2 2 2 2 2 2 2
left_child=4 8 6 -4 5 16 11 14 -2 -9 -5 12 -3 23 -7 20 19 -18 -11 -1 -16 22 28 -13 26 -26 27 -17 -6 -21
right_child=1 2 3 10 21 7 -8 9 -10 18 -12 13 -14 -15 15 24 17 -19 -20 29 -22 -23 -24 -25 25 -27 -28 -29 -30 -31
leaf_value=-0.0015749217935099075 -0.0027326453932377593 0.0090759284497463639 0.0082376419918905441 0.021124307310627515 -0.0047739852170534704 -0.0029514236916434304 -0.0045034145206351156 0.0043415654863183419 0.0023143860265236 -0.0036824728875556067 0.0083229368133239789 0.0083727737291676482 0.001737161365029786 0.014023650589740151 -0.00016940733505313657 -0.0033694139213655224 -0.0048239973168325637 -0.00084942504952238295 0.00081898360307711886 0.0019548175776927497 0.0049796766287478512 -0.0050900980000498572 -0.0057067323470948172 0.00095546391917698424 0.0082984562411938072 -0.0009446523453478299 0.0078435638823125507 0.0074480142996702289 0.0031707412176165575 -0.0050685336381085825
leaf_weight=18221 20720 8119 18983 12679 2192 5191 5177 10105 40873 20960 2221 10667 13355 6782 14165 2481 16950 44237 11968 2248 8663 86508 10897 2680 7068 8856 18424 2536 7824 62471
leaf_count=18221 20720 8119 18983 12679 2192 5191 5177 10105 40873 20960 2221 10667 13355 6782 14165 2481 16950 44237 11968 2248 8663 86508 10897 2680 7068 8856 18424 2536 7824 62471
internal_value=1.42094e-11 0.0052105 0.00871837 0.0130654 -0.00204778 -0.000994124 0.00556978 0.00187682 0.000616555 -0.00054636 0.0192161 0.00682327 0.00451184 0.00928916 0.00342432 0.00395648 -0.00319358 -0.00195046 -0.00204637 -0.00411067 0.00178462 -0.00454452 -0.00228771 0.00688342 0.00521596 0.00315798 0.00661399 0.00209859 0.00143204 -0.00482458
internal_weight=504221 142256 80663 33883 361965 254544 46780 110417 61593 43033 14900 41603 21474 20129 67384 62193 144127 61187 32928 82940 22828 107421 20913 13347 39365 15924 23441 5017 10016 64719
internal_count=504221 142256 80663 33883 361965 254544 46780 110417 61593 43033 14900 41603 21474 20129 67384 62193 144127 61187 32928 82940 22828 107421 20913 13347 39365 15924 23441 5017 10016 64719
is_linear=0
shrinkage=0.05


Tree=21
num_leaves=31
num_cat=0
split_feature=0 1 0 1 1 1 1 1 1 0 0 1 1 1 1 1 0 0 0 0 1 0 1 1 0 1 0 0 1 0
split_gain=1942.92 839.059 372.33 356.406 458.192 347.719 223.197 214.146 145.568 139.701 154.356 126.009 102.86 95.3529 94.0475 90.3062 76.0259 70.663 67.7787 66.6161 62.678 179.712 45.1435 41.6831 55.5388 38.217 39.0972 45.2356 37.1508 36.1802
threshold=99.050000000000011 9.5000000000000018 104.55000000000001 39.500000000000007 -1.4999999999999998 21.500000000000004 24.500000000000004 40.500000000000007 9.5000000000000018 73.250000000000014 93.250000000000014 1.0000000180025095e-35 22.500000000000004 34.500000000000007 34.500000000000007 14.500000000000002 102.15000000000002 60.550000000000004 65.350000000000009 78.950000000000017 19.500000000000004 83.250000000000014 -14.499999999999998 18.500000000000004 108.25000000000001 -48.499999999999993 89.850000000000009 45.850000000000001 -17.499999999999996 78.65000000000002
decision_type=2 2 2 2 2 2 2 2 2 2 2 2 2 2 2 2 2 2 2 2 2 2 2 2 2 2 2 2 2 2
left_child=3 11 7 4 25 23 8 12 19 17 -11 22 15 -7 16 -3 -14 -8 -10 -6 29 -22 -2 -4 -25 -1 27 -27 -28 -20
right_child=1 2 5 -5 6 13 9 -9 18 10 -12 -13 14 -15 -16 -17 -18 -19 20 -21 21 -23 -24 24 -26 26 28 -29 -30 -31
leaf_value=-0.00096151884775280824 -0.0046687708308856503 0.0084872760541212563 0.0067770162949671395 -0.0049105182503267923 -0.0035690575967207297 0.020690285961131087 -0.004018648893531639 -0.0048916058672696175 -0.0035717432775247806 -0.0047919586211340034 0.00077869918509898594 0.0031587436048222187 0.0082209403493053793 0.0094020310485951886 0.0027449470643151992 0.0018828588908196072 0.015179329549778152 0.0071393790532266292 0.0018011082343090631 0.0008411777487361341 0.0088247528739783358 -0.0013833053752780962 -0.0003951125376967274 0.008164872375663882 0.020456028914807536 0.0012572369538822121 -0.0049093070515792616 -0.0047922992994680717 -0.0013810443291515865 0.0056412933356506899
leaf_weight=13176 8238 8324 13515 77567 11483 11173 1874 4347 3295 34169 19550 26685 9706 2247 4330 13686 6591 5843 7523 33665 6065 14913 24726 2550 1437 3242 10751 65964 24379 33207
leaf_count=13176 8238 8324 13515 77567 11483 11173 1874 4347 3295 34169 19550 26685 9706 2247 4330 13686 6591 5843 7523 33665 6065 14913 24726 2550 1437 3242 10751 65964 24379 33207
internal_value=-1.46447e-11 0.00506739 0.00848438 -0.00190103 -0.00109357 0.0127452 0.000553716 0.00568019 0.00190047 -0.00186094 -0.00276462 0.00060454 0.00675803 0.0188002 0.00929486 0.00438059 0.0110351 0.00442976 0.00341529 -0.000280527 0.00378838 0.00156797 -0.00146314 0.00810234 0.0125949 -0.00349888 -0.00381931 -0.0045089 -0.00246082 0.004932
internal_weight=504221 137555 77906 366666 289099 30922 171587 46984 110151 61436 53719 59649 42637 13420 20627 22010 16297 7717 65003 45148 61708 20978 32964 17502 3987 117512 104336 69206 35130 40730
internal_count=504221 137555 77906 366666 289099 30922 171587 46984 110151 61436 53719 59649 42637 13420 20627 22010 16297 7717 65003 45148 61708 20978 32964 17502 3987 117512 104336 69206 35130 40730
is_linear=0
shrinkage=0.05


Tree=22
num_leaves=31
num_cat=0
split_feature=0 1 1 1 1 1 1 0 1 1 0 0 0 0 0 1 1 1 0 1 0 1 0 1 1 0 0 1 1 0
split_gain=1757.71 869.135 406.779 523.012 266.178 212.927 179.955 150.991 92.0361 78.6623 102.431 88.3936 142.196 77.1143 102.016 67.1703 65.8269 61.6398 46.9935 46.347 45.7146 43.8898 43.3638 42.0293 59.6267 86.7269 43.1616 58.8221 39.3548 39.3098
threshold=101.25000000000001 19.500000000000004 40.500000000000007 -1.4999999999999998 35.500000000000007 1.0000000180025095e-35 30.500000000000004 105.45000000000002 5.5000000000000009 19.500000000000004 77.750000000000014 80.450000000000017 97.65000000000002 96.15000000000002 72.450000000000017 24.500000000000004 44.500000000000007 15.500000000000002 106.25000000000001 25.500000000000004 59.550000000000004 23.500000000000004 63.250000000000007 9.5000000000000018 16.500000000000004 89.850000000000009 84.450000000000017 13.500000000000002 27.500000000000004 82.250000000000014
decision_type=2 2 2 2 2 2 2 2 2 2 2 2 2 2 2 2 2 2 2 2 2 2 2 2 2 2 2 2 2 2
left_child=2 5 3 -1 7 -2 8 15 29 10 17 20 -13 14 22 -3 18 -10 -6 -14 -11 -9 -8 -12 26 -26 27 -25 -22 -5
right_child=1 4 -4 6 16 -7 13 21 9 11 23 12 19 -15 -16 -17 -18 -19 -20 -21 28 -23 -24 24 25 -27 -28 -29 -30 -31
leaf_value=-0.0032364581136392527 -0.001200309565188332 0.0074114835147717911 -0.0047587199288031236 -0.0034422746712387525 0.0032478100742211512 0.0046658591023962864 -0.0028711463034226618 0.014955433355635261 -0.0028405517158064768 -0.0040479580530092211 0.0021229072867575542 -0.0018873432991505228 0.0018282899469399033 0.0018168399945146477 -0.0043413426296972741 0.01409088505669142 -0.0066800315516954622 0.0049212600848364436 0.016751989726352053 0.0083311052598279353 0.0074885311539154486 0.021448494443649258 0.0073035151926049901 -0.0026821220644712013 0.0080106742182674186 -0.00077747970896824498 0.0073126516519279178 0.0085120885826825282 0.00064715175448968557 0.00039555358683140144
leaf_weight=125946 23302 6155 76835 9351 3397 46018 1619 4101 9106 1352 15755 31945 6260 10035 27761 9689 1410 3557 795 4873 8042 7123 2965 2743 4299 8091 23508 2051 2846 23291
leaf_count=125946 23302 6155 76835 9351 3397 46018 1619 4101 9106 1352 15755 31945 6260 10035 27761 9689 1410 3557 795 4873 8042 7123 2965 2743 4299 8091 23508 2051 2846 23291
internal_value=-4.47953e-11 0.00586263 -0.00148653 -0.00071388 0.012586 0.00269394 0.000879044 0.0146392 0.00165918 0.00227909 0.00340384 0.000873913 -0.000191481 -0.00201231 -0.00320029 0.0114961 0.00266544 -0.000660281 0.00580884 0.00467462 0.00462351 0.0190761 0.00370998 0.00431557 0.00516451 0.00227178 0.00643089 0.00210706 0.00570027 -0.000703875
internal_weight=504221 101990 402231 325396 32670 69320 199450 27068 157070 124428 69110 55318 43078 42380 32345 15844 5602 12663 4192 11133 12240 11224 4584 56447 40692 12390 28302 4794 10888 32642
internal_count=504221 101990 402231 325396 32670 69320 199450 27068 157070 124428 69110 55318 43078 42380 32345 15844 5602 12663 4192 11133 12240 11224 4584 56447 40692 12390 28302 4794 10888 32642
is_linear=0
shrinkage=0.05


Tree=23
num_leaves=31
num_cat=0
split_feature=0 1 0 1 1 1 1 1 1 0 0 1 1 1 1 1 0 1 0 0 0 1 0 1 1 1 0 0 0 1
split_gain=1590.7 688.509 305.818 387.401 281.524 474.387 144.516 137.022 125.671 91.726 72.4706 69.8497 62.1565 57.9675 57.3776 51.012 50.9092 48.7771 48.7744 46.6599 44.0049 85.943 43.4183 69.7248 41.3656 41.3204 112.223 40.2918 39.9562 36.1963
threshold=98.65000000000002 5.5000000000000009 103.55000000000001 21.500000000000004 31.500000000000004 5.5000000000000009 39.500000000000007 35.500000000000007 22.500000000000004 75.65000000000002 66.550000000000011 -14.499999999999998 22.500000000000004 15.500000000000002 32.500000000000007 11.500000000000002 90.450000000000017 -10.499999999999998 92.250000000000014 94.850000000000009 74.65000000000002 52.500000000000007 110.25000000000001 17.500000000000004 -39.499999999999993 18.500000000000004 87.65000000000002 100.05000000000001 107.85000000000001 43.500000000000007
decision_type=2 2 2 2 2 2 2 2 2 2 2 2 2 2 2 2 2 2 2 2 2 2 2 2 2 2 2 2 2 2
left_child=4 11 6 22 5 16 12 28 10 -10 -7 -2 13 -3 27 18 24 -18 -12 -11 21 -6 -4 -24 -1 -17 -27 -14 -5 -9
right_child=1 2 3 7 20 8 -8 29 9 19 15 -13 14 -15 -16 25 17 -19 -20 -21 -22 -23 23 -25 -26 26 -28 -29 -30 -31
leaf_value=-0.0013748898291522308 -0.0043988341218417736 0.0055190252960451549 0.0054988464834812845 0.016093969455971406 0.0013649666633237219 -0.0034286336434520719 -0.0038433529080894205 0.0088868077536129447 0.0048923936766606078 -0.0029280127985204622 -0.00039146982626287987 0.00052740806920967254 0.0047975096745433883 0.00068625677579772825 0.0031358366750924732 0.0054353217795409621 -0.0033020965898091729 0.00010534400345272991 0.0043745081220129536 0.0013254673643736039 -0.0044216821101734976 -0.005045799928434215 0.0075880461287882858 0.023695429541909643 -0.0038900296154802147 0.0070891778365392375 -0.0013478176342998586 0.010945046847829647 0.02191561564926154 -0.0043625678877978425
leaf_weight=20559 8749 15039 24241 10368 10376 4311 5001 2083 6176 23433 14617 40530 3755 10563 5688 27664 18066 25087 8484 8895 86239 10537 2985 867 79806 6872 9242 9185 4118 685
leaf_count=20559 8749 15039 24241 10368 10376 4311 5001 2083 6176 23433 14617 40530 3755 10563 5688 27664 18066 25087 8484 8895 86239 10537 2985 867 79806 6872 9242 9185 4118 685
internal_value=-3.76037e-12 0.00444487 0.00694174 0.00990419 -0.00177439 -0.000865284 0.00421301 0.0158012 0.00161018 -0.000691011 0.0028548 -0.000347198 0.00512392 0.0035251 0.00732132 0.00325983 -0.00275733 -0.00132118 0.00135887 -0.00175767 -0.00392271 -0.00186509 0.00628241 0.0112135 -0.00337482 0.00426294 0.00225024 0.00916112 0.0177489 0.00560797
internal_weight=504221 143857 94578 45347 360364 253212 49231 17254 109694 38504 71190 49279 44230 25602 18628 66879 143518 43153 23101 32328 107152 20913 28093 3852 100365 43778 16114 12940 14486 2768
internal_count=504221 143857 94578 45347 360364 253212 49231 17254 109694 38504 71190 49279 44230 25602 18628 66879 143518 43153 23101 32328 107152 20913 28093 3852 100365 43778 16114 12940 14486 2768
is_linear=0
shrinkage=0.05


Tree=24
num_leaves=31
num_cat=0
split_feature=0 1 1 1 1 1 1 0 0 0 1 1 1 0 0 1 0 0 0 1 0 0 1 0 0 0 1 1 0 0
split_gain=1436.55 714.807 335.618 433.182 221.291 176.488 146.832 130.184 116.437 109.29 84.2329 75.6278 63.185 115.172 99.8865 61.826 56.6992 49.3919 48.4245 45.9976 45.0611 44.5788 37.0502 36.503 34.8044 33.092 38.9726 31.7895 30.7008 32.285
threshold=101.25000000000001 19.500000000000004 40.500000000000007 -1.4999999999999998 34.500000000000007 3.5000000000000004 28.500000000000004 96.15000000000002 106.05000000000001 72.850000000000009 7.5000000000000009 24.500000000000004 18.500000000000004 82.550000000000011 78.950000000000017 44.500000000000007 97.950000000000017 106.25000000000001 63.250000000000007 14.500000000000002 58.350000000000001 78.350000000000009 -14.499999999999998 68.65000000000002 92.65000000000002 108.05000000000001 17.500000000000004 32.500000000000007 45.850000000000001 89.850000000000009
decision_type=2 2 2 2 2 2 2 2 2 2 2 2 2 2 2 2 2 2 2 2 2 2 2 2 2 2 2 2 2 2
left_child=2 5 3 28 8 22 10 9 11 20 21 -3 14 18 19 17 -15 -6 -14 -12 -8 -5 -2 -21 -11 -7 -27 -9 -1 -30
right_child=1 4 -4 6 15 25 7 27 -10 24 12 -13 13 16 -16 -17 -18 -19 -20 23 -22 -23 -24 -25 -26 26 -28 -29 29 -31
leaf_value=0.00072370450399473173 -0.0041446824772491571 0.0068997832959033422 -0.004316104230208959 -0.0034194949447533874 0.0032456085667601359 0.003827096933186524 -0.0051487517770931451 0.0059741750051275451 0.01791793489534772 -0.004904444333181792 -0.003075497590973576 0.013722889523823237 -0.0026591735884597977 -0.0014789563055221853 0.0046455493685305625 -0.0061431832027667808 0.0029923443823317948 0.015655975476526345 0.0062325457962296776 -0.0034257035440625472 0.0057303799959435237 0.00056749948598262129 0.0003606682563771261 0.0068912719510605238 -0.0011884529810990106 0.006063673333312404 0.016228073817997506 0.00087322579113989723 -0.0037218058995095943 -0.0020193686154246814
leaf_weight=5476 5638 6825 76835 8866 4060 30832 1202 5124 9347 25292 7126 10029 1762 27625 43218 1410 9538 999 11690 1252 4573 33508 23938 2720 8392 7840 1072 7562 76769 43701
leaf_count=5476 5638 6825 76835 8866 4060 30832 1202 5124 9347 25292 7126 10029 1762 27625 43218 1410 9538 999 11690 1252 4573 33508 23938 2720 8392 7840 1072 7562 76769 43701
internal_value=4.30913e-11 0.00530004 -0.00134388 -0.000642058 0.0113974 0.00242641 0.000807629 -0.00147254 0.0134421 -0.00288909 0.00161479 0.0109599 0.00237459 0.00110358 0.003559 0.00311572 -0.000331383 0.00569628 0.00506787 -0.000672258 0.00346601 -0.000266708 -0.000498176 0.00363929 -0.00397865 0.00460278 0.00728632 0.00293355 -0.0029378 -0.00310424
internal_weight=504221 101990 402231 325396 32670 69320 199450 52145 26201 39459 147305 16854 104931 50615 54316 6469 37163 5059 13452 11098 5775 42374 29576 3972 33684 39744 8912 12686 125946 120470
internal_count=504221 101990 402231 325396 32670 69320 199450 52145 26201 39459 147305 16854 104931 50615 54316 6469 37163 5059 13452 11098 5775 42374 29576 3972 33684 39744 8912 12686 125946 120470
is_linear=0
shrinkage=0.05


Tree=25
num_leaves=31
num_cat=0
split_feature=0 1 0 1 1 1 1 1 1 0 1 0 1 0 0 1 1 0 1 0 1 0 1 0 1 1 0 1 0 0
split_gain=1299.02 563.3 283.914 258.8 231.16 288.256 171.564 137.854 120.695 112.52 104.063 101.072 91.3668 58.8113 51.8834 49.6927 68.2921 47.3061 44.9423 133.839 42.8612 39.7217 51.9629 39.0912 34.4908 32.8193 30.5781 30.1734 33.5078 32.3618
threshold=98.65000000000002 9.5000000000000018 102.85000000000001 21.500000000000004 40.500000000000007 -1.4999999999999998 24.500000000000004 34.500000000000007 35.500000000000007 73.250000000000014 10.500000000000002 93.250000000000014 -5.4999999999999991 63.250000000000007 78.950000000000017 24.500000000000004 14.500000000000002 65.350000000000009 19.500000000000004 84.65000000000002 43.500000000000007 110.25000000000001 17.500000000000004 107.85000000000001 12.500000000000002 -48.499999999999993 106.85000000000001 -12.499999999999998 53.750000000000007 84.050000000000011
decision_type=2 2 2 2 2 2 2 2 2 2 2 2 2 2 2 2 2 2 2 2 2 2 2 2 2 2 2 2 2 2
left_child=4 12 8 21 5 25 10 23 15 13 14 -11 -2 -8 -7 16 -3 -12 -19 -20 26 24 -23 -5 -4 -1 -9 28 -27 -29
right_child=1 2 3 7 -6 6 9 20 -10 11 17 -13 -14 -15 -16 -17 -18 18 19 -21 -22 22 -24 -25 -26 27 -28 29 -30 -31
leaf_value=-0.00053376040716551288 -0.0022423346853525229 0.0075779392451431268 0.0086202520805842894 0.014292731824519053 -0.0040972741640183932 -0.0029260673132465481 -0.0023911358230452643 0.005450470542269094 -0.0023677364656663324 -0.0040886031306837317 -0.0030931639878624979 0.00042368009785648437 0.0018054443972646405 0.0066891737623452066 0.00081220777317819552 0.0075310530960453897 0.0012473372509502402 0.004364606013523219 0.0071294814688467271 -0.0014432507122668827 -0.0042105493190655856 0.0070657157469939079 0.021658811134510732 0.019985572539216057 0.003968254564925203 0.00047461255099646863 0.01701824600289532 -0.0038443641726491418 -0.0041773584783245249 -0.00094904288573773553
leaf_weight=13175 21050 6394 5370 12150 73875 12561 2633 2450 6992 36029 3055 18931 41280 5525 35552 11384 12765 35763 6843 13604 899 2058 867 4011 15442 4145 745 16148 58537 23988
leaf_count=13175 21050 6394 5370 12150 73875 12561 2633 2450 6992 36029 3055 18931 41280 5525 35552 11384 12765 35763 6843 13604 899 2058 867 4011 15442 4145 745 16148 58537 23988
internal_value=-1.20401e-11 0.00401673 0.00675246 0.00947795 -0.00160348 -0.000960418 0.000347752 0.0136295 0.00355812 -0.001721 0.00156379 -0.00253434 0.000438434 0.0037585 -0.000163755 0.00491468 0.00336007 0.00296625 0.00329558 0.00142579 0.00543404 0.00593537 0.0113913 0.0157056 0.00516858 -0.00288327 0.00814781 -0.00318434 -0.00386974 -0.00211392
internal_weight=504221 143857 81527 43992 360364 286489 170496 20255 37535 63118 107378 54960 62330 8158 48113 30543 19159 59265 56210 20447 4094 23737 2925 16161 20812 115993 3195 102818 62682 40136
internal_count=504221 143857 81527 43992 360364 286489 170496 20255 37535 63118 107378 54960 62330 8158 48113 30543 19159 59265 56210 20447 4094 23737 2925 16161 20812 115993 3195 102818 62682 40136
is_linear=0
shrinkage=0.05


Tree=26
num_leaves=31
num_cat=0
split_feature=0 1 1 1 1 1 1 0 0 0 1 1 0 0 0 1 0 0 1 1 1 1 0 1 1 0 0 0 0 1
split_gain=1176.8 619.488 285.338 373.199 165.101 136.593 121.313 107.19 92.0453 79.8009 70.0549 49.4645 122.2 100.747 66.1889 54.9506 46.8358 43.4476 43.0818 39.9575 39.7909 63.9857 38.7562 36.0531 33.1934 64.2623 32.4252 28.66 28.3122 38.8127
threshold=101.75000000000001 19.500000000000004 40.500000000000007 -1.4999999999999998 40.500000000000007 1.0000000180025095e-35 29.500000000000004 106.45000000000002 96.15000000000002 71.65000000000002 6.5000000000000009 17.500000000000004 80.750000000000014 82.550000000000011 97.950000000000017 25.500000000000004 60.550000000000004 63.250000000000007 10.500000000000002 25.500000000000004 22.500000000000004 31.500000000000004 75.050000000000011 14.500000000000002 15.500000000000002 93.65000000000002 82.550000000000011 84.850000000000009 108.65000000000002 17.500000000000004
decision_type=2 2 2 2 2 2 2 2 2 2 2 2 2 2 2 2 2 2 2 2 2 2 2 2 2 2 2 2 2 2
left_child=2 5 3 -1 7 -2 10 20 9 17 26 12 23 16 -15 -16 -13 -8 -14 -18 -3 -22 -21 -12 27 -26 -5 -20 -7 -30
right_child=1 4 -4 6 -6 28 8 -9 -10 -11 11 13 18 14 15 -17 19 -19 24 22 21 -23 -24 -25 25 -27 -28 -29 29 -31
leaf_value=-0.002644147144415486 -0.00099598779453867361 0.0054331404883628904 -0.0038948096372259477 -0.0026732666287389993 -0.0021246084259211053 0.0032810867556038029 -0.0026004630981017328 0.016523250909052552 0.0023292175100865704 -0.0035850316399023436 -0.0026757337518427192 -0.0036157999900067492 0.002309273116956652 -0.0012690336353754703 0.00073226671711463544 0.0076955534316458865 0.0072469158351750624 0.0073616252849137758 0.001525807048992273 0.0067325523553942862 0.013389720906228503 0.0063140429800315704 -0.0023628025831387172 0.0032488948199898005 0.007761891358823679 -0.001189091222197557 0.00053711953845021526 0.0074260842384856213 0.0053803549527278302 0.016697074593039308
leaf_weight=127678 21266 3953 77250 10999 2216 34897 1796 9043 12331 31221 9551 1595 15302 33141 8995 4136 9730 2802 2336 2097 9829 4734 2653 3512 3704 4372 27605 17302 7330 845
leaf_count=127678 21266 3953 77250 10999 2216 34897 1796 9043 12331 31221 9551 1595 15302 33141 8995 4136 9730 2802 2336 2097 9829 4734 2653 3512 3704 4372 27605 17302 7330 845
internal_value=-3.11509e-11 0.00504238 -0.00115714 -0.000521783 0.0110054 0.00228273 0.000798908 0.0120612 -0.00139667 -0.00267934 0.00147214 0.0020751 0.00315256 0.00110596 -7.86976e-05 0.00292556 0.00451601 0.00347039 0.00443877 0.00541175 0.00988202 0.0110896 0.00165256 -0.00108289 0.00561455 0.00291621 -0.000377579 0.00672423 0.00390154 0.0065501
internal_weight=504221 94113 410108 332858 29775 64338 205180 27559 48150 35819 157030 118426 56079 62347 46272 13131 16075 4598 43016 14480 18516 14563 4750 13063 27714 8076 38604 19638 43072 8175
internal_count=504221 94113 410108 332858 29775 64338 205180 27559 48150 35819 157030 118426 56079 62347 46272 13131 16075 4598 43016 14480 18516 14563 4750 13063 27714 8076 38604 19638 43072 8175
is_linear=0
shrinkage=0.05


Tree=27
num_leaves=31
num_cat=0
split_feature=0 1 0 1 1 1 1 1 1 0 1 0 1 0 1 0 0 1 0 1 1 1 0 1 0 1 1 1 0 0
split_gain=1065.58 460.527 242.754 271.083 183.486 323.626 109.56 99.0619 78.8702 73.9442 59.7495 52.9984 51.792 50.9725 46.8407 61.9917 59.5872 102.852 40.3162 69.0115 37.9475 34.9236 44.9916 44.6387 30.8148 30.5636 54.7326 27.9311 27.8701 27.1631
threshold=98.050000000000011 5.5000000000000009 103.15000000000002 20.500000000000004 30.500000000000004 5.5000000000000009 35.500000000000007 40.500000000000007 22.500000000000004 78.950000000000017 25.500000000000004 66.550000000000011 -14.499999999999998 108.05000000000001 12.500000000000002 90.450000000000017 91.450000000000017 15.500000000000002 75.65000000000002 52.500000000000007 15.500000000000002 -10.499999999999998 79.250000000000014 -39.499999999999993 92.850000000000009 31.500000000000004 24.500000000000004 21.500000000000004 60.550000000000004 45.850000000000001
decision_type=2 2 2 2 2 2 2 2 2 2 2 2 2 2 2 2 2 2 2 2 2 2 2 2 2 2 2 2 2 2
left_child=4 12 6 -4 5 21 10 13 11 -10 20 -7 -2 25 15 -13 -16 -18 19 28 -3 23 -23 -1 -11 26 -5 -22 -6 -25
right_child=1 2 3 7 18 8 -8 -9 9 24 -12 14 -14 -15 16 -17 17 -19 -20 -21 27 22 -24 29 -26 -27 -28 -29 -30 -31
leaf_value=-0.00099690258628509928 -0.0036431087865404035 0.0046850492439810638 0.0048161910041159654 0.0089838011488793425 -0.0035768453170212928 -0.0030016727659119393 -0.0020110802156538669 -0.00092672745454801275 0.0037029728666045461 -0.0033312771698162779 0.0070408070081290214 -0.0010051438240898753 0.00042527891791677163 0.017859915417631832 0.00539561483219739 0.0039396744792535732 0.0078869030051128709 -0.0013387964857733072 -0.0037278292545985491 -0.0041483466273563932 -0.00054075820880662164 -0.0035499744377920413 -0.00049418151880121586 0.0020089746528380629 0.00022557247031826215 0.0079409984439204103 0.016175206765387581 0.0038397279095322267 0.0024478722802693683 -0.0038674549858703101
leaf_weight=21067 9555 15314 28406 4549 2395 4311 8805 1314 7638 15223 12387 14984 43149 4591 23566 10985 4255 10417 85459 11608 9347 16950 41629 2035 10149 3768 6324 5959 9670 58412
leaf_count=21067 9555 15314 28406 4549 2395 4311 8805 1314 7638 15223 12387 14984 43149 4591 23566 10985 4255 10417 85459 11608 9347 16950 41629 2035 10149 3768 6324 5959 9670 58412
internal_value=-7.89535e-12 0.00347491 0.00545579 0.00798061 -0.00152041 -0.000751844 0.00307034 0.0123556 0.00139767 -0.0006101 0.00411067 0.00236495 -0.000312302 0.0132631 0.00272528 0.00108654 0.00383821 0.00133673 -0.00322203 -0.00139609 0.00292532 -0.00230963 -0.00137838 -0.00297887 -0.00190851 0.0118217 0.0131665 0.00116467 0.00125192 -0.00366962
internal_weight=504221 153468 100764 48952 350753 241621 51812 20546 101528 33010 43007 68518 52704 19232 64207 25969 38238 14672 109132 23673 30620 140093 58579 81514 25372 14641 10873 15306 12065 60447
internal_count=504221 153468 100764 48952 350753 241621 51812 20546 101528 33010 43007 68518 52704 19232 64207 25969 38238 14672 109132 23673 30620 140093 58579 81514 25372 14641 10873 15306 12065 60447
is_linear=0
shrinkage=0.05


Tree=28
num_leaves=31
num_cat=0
split_feature=0 1 1 1 0 1 1 0 1 1 0 1 1 0 0 1 0 0 0 1 1 1 0 0 1 1 0 0 1 0
split_gain=963.509 510.985 235.372 307.599 143.631 104.457 97.5457 97.4423 140.503 128.784 98.2409 58.6125 57.2338 97.8267 50.776 43.2557 39.9511 38.7049 31.3954 30.998 75.5916 41.8736 42.6683 26.7578 26.7102 29.8536 32.3757 29.5666 24.8624 24.0995
threshold=101.75000000000001 18.500000000000004 40.500000000000007 -2.4999999999999996 106.25000000000001 -1.0000000180025095e-35 39.500000000000007 95.050000000000011 26.500000000000004 12.500000000000002 73.250000000000014 22.500000000000004 19.500000000000004 84.450000000000017 71.250000000000014 31.500000000000004 58.350000000000001 82.550000000000011 108.65000000000002 15.500000000000002 9.5000000000000018 22.500000000000004 99.850000000000009 64.050000000000011 -48.499999999999993 -14.499999999999998 84.050000000000011 53.750000000000007 32.500000000000007 92.050000000000011
decision_type=2 2 2 2 2 2 2 2 2 2 2 2 2 2 2 2 2 2 2 2 2 2 2 2 2 2 2 2 2 2
left_child=2 5 3 24 6 -2 11 8 9 17 16 -3 14 23 -11 -13 -10 -5 -6 20 -9 -21 -23 -14 -1 27 -27 -26 -24 -12
right_child=1 4 -4 7 18 -7 -8 19 10 12 29 15 13 -15 -16 -17 -18 -19 -20 21 -22 22 28 -25 25 26 -28 -29 -30 -31
leaf_value=-0.00032880013076183368 -0.0011129700994473855 0.0038766750706347741 -0.0035334839565311724 -0.002456164024980282 0.012117082350060943 0.0033049965314351573 -0.0026995787415755625 0.0015812209152448169 -0.0045248149799999226 -0.0014340767121247655 -0.0041810719468461472 0.012014597878965352 -0.0020167357954714036 -0.0018835229289488602 0.0055285665455597774 0.0059851228962307448 0.0048477264598970867 0.00042298087149984423 0.017582116161051015 -0.0010562101086712585 0.0067242809205543611 0.0011623303506881784 0.0076119961942973172 0.0054999626734085596 0.0006964282577328661 -0.0035481764734534996 -0.00087517944318915477 -0.0037596042298397902 0.0015382071537437759 -0.001111431054840292
leaf_weight=13181 19508 5119 77250 20753 6363 42587 2188 20718 1424 3009 28152 9551 1350 12583 20176 4320 5641 26679 4477 13126 10905 19899 5024 9626 3988 17393 32488 55935 2535 8273
leaf_count=13181 19508 5119 77250 20753 6363 42587 2188 20718 1424 3009 28152 9551 1350 12583 20176 4320 5641 26679 4477 13126 10905 19899 5024 9626 3988 17393 32488 55935 2535 8273
internal_value=1.79991e-11 0.00456259 -0.00104704 -0.000469983 0.00969334 0.00191703 0.00729744 0.000693555 -8.6709e-05 0.000998777 -0.00243729 0.00844928 0.00286131 0.00112567 0.00462494 0.0101368 0.00295863 -0.000836736 0.0143742 0.00218117 0.00335477 0.00126669 0.00237713 0.00457544 -0.00245555 -0.00271085 -0.00180723 -0.00346305 0.00557508 -0.00348388
internal_weight=504221 94113 410108 332858 32018 62095 21178 209873 137666 94176 43490 18990 46744 23559 23185 13871 7065 47432 10840 72207 31623 40584 27458 10976 122985 109804 49881 59923 7559 36425
internal_count=504221 94113 410108 332858 32018 62095 21178 209873 137666 94176 43490 18990 46744 23559 23185 13871 7065 47432 10840 72207 31623 40584 27458 10976 122985 109804 49881 59923 7559 36425
is_linear=0
shrinkage=0.05


Tree=29
num_leaves=31
num_cat=0
split_feature=0 1 0 1 1 1 1 1 1 0 0 1 0 1 0 1 1 1 1 0 1 0 0 1 0 1 0 0 1 0
split_gain=869.825 380.47 201.19 218.771 150.087 265.986 94.0666 80.523 56.5522 54.2338 45.8498 46.3743 60.2532 93.7685 53.9223 43.1714 36.5083 45.8114 37.6092 34.8092 58.8909 32.4761 30.4413 43.3405 25.5008 29.0126 27.4916 24.873 24.3054 23.2574
threshold=98.050000000000011 5.5000000000000009 103.55000000000001 21.500000000000004 30.500000000000004 3.5000000000000004 39.500000000000007 35.500000000000007 23.500000000000004 76.550000000000011 65.350000000000009 12.500000000000002 91.450000000000017 15.500000000000002 92.250000000000014 -14.499999999999998 24.500000000000004 32.500000000000007 15.500000000000002 75.950000000000017 52.500000000000007 92.850000000000009 110.25000000000001 17.500000000000004 93.050000000000011 -48.499999999999993 45.850000000000001 100.75000000000001 10.500000000000002 108.65000000000002
decision_type=2 2 2 2 2 2 2 2 2 2 2 2 2 2 2 2 2 2 2 2 2 2 2 2 2 2 2 2 2 2
left_child=4 15 6 22 5 24 16 29 10 -10 -7 14 -13 -14 -12 -2 18 27 -3 20 -6 -11 -4 -24 25 -1 -27 -18 -16 -5
right_child=1 2 3 7 19 8 -8 -9 9 21 11 12 13 -15 28 -17 17 -19 -20 -21 -22 -23 23 -25 -26 26 -28 -29 -30 -31
leaf_value=-0.0003144733207218517 -0.0033437769051031067 0.0042497144552860579 0.0040320932849659845 0.012323681083365885 0.0011664938532724204 -0.0031488466187510806 -0.0029731158602851922 0.0040272551995158374 0.0038382885548111784 -0.0032304296396994006 -0.00070983706360344039 0.0046859593654024643 0.0071856114602747313 -0.0014578816485747103 0.002274194728461272 0.00037062542586009553 0.0050446110345148537 0.0020870702240693394 0.00078517856057149144 -0.0033908455835415965 -0.0037552676567575065 0.00060017446937345263 0.0059587767807582721 0.018658028591548834 -0.00074885602883862062 0.0015555215349799484 -0.0029924241515299158 0.0097059105753862975 0.0078023582413468675 0.01730552918565095
leaf_weight=13095 9555 16567 24241 11547 12404 4373 6036 2768 5256 14610 22161 26359 4255 11950 8715 43149 5808 6505 14859 84811 11917 8906 2985 867 25074 3449 90842 5642 2576 2939
leaf_count=13095 9555 16567 24241 11547 12404 4373 6036 2768 5256 14610 22161 26359 4255 11950 8715 43149 5808 6505 14859 84811 11917 8906 2985 867 25074 3449 90842 5642 2576 2939
internal_value=1.29356e-11 0.00313955 0.00494004 0.00740987 -0.00137367 -0.00067857 0.00291901 0.0118413 0.00114886 -0.000753419 0.00182971 0.00211611 0.00321094 0.000811669 0.000723059 -0.000302779 0.00363922 0.00543783 0.0026116 -0.00291265 -0.00124511 -0.0017797 0.00468819 0.0088171 -0.00218457 -0.0025198 -0.00282607 0.00734147 0.00353542 0.0133344
internal_weight=504221 153468 100764 45347 350753 241621 55417 17254 109161 28772 80389 76016 42564 16205 33452 52704 49381 17955 31426 109132 24321 23516 28093 3852 132460 107386 94291 11450 11291 14486
internal_count=504221 153468 100764 45347 350753 241621 55417 17254 109161 28772 80389 76016 42564 16205 33452 52704 49381 17955 31426 109132 24321 23516 28093 3852 132460 107386 94291 11450 11291 14486
is_linear=0
shrinkage=0.05


Tree=30
num_leaves=31
num_cat=0
split_feature=0 1 1 1 0 0 1 1 0 1 1 1 1 0 0 0 0 1 0 0 1 1 0 0 0 1 1 1 0 1
split_gain=788.456 435.854 202.533 261.679 101.288 89.8436 122.795 95.4942 85.0621 80.3469 71.2809 62.4735 51.8589 89.5636 42.4669 39.0812 39.028 31.5256 27.7483 25.1628 21.9871 26.4233 27.5676 25.0228 19.9633 18.3947 56.1987 41.4812 32.6299 24.1437
threshold=102.15000000000002 18.500000000000004 41.500000000000007 -2.4999999999999996 106.85000000000001 95.65000000000002 26.500000000000004 12.500000000000002 73.250000000000014 1.0000000180025095e-35 37.500000000000007 22.500000000000004 19.500000000000004 82.550000000000011 71.250000000000014 58.350000000000001 84.450000000000017 31.500000000000004 64.65000000000002 92.050000000000011 -48.499999999999993 -14.499999999999998 84.050000000000011 53.750000000000007 110.85000000000001 15.500000000000002 9.5000000000000018 21.500000000000004 100.05000000000001 32.500000000000007
decision_type=2 2 2 2 2 2 2 2 2 2 2 2 2 2 2 2 2 2 2 2 2 2 2 2 2 2 2 2 2 2
left_child=2 9 3 20 10 6 7 16 15 -2 11 -3 14 18 -9 -8 -5 -13 -14 -10 -1 23 -23 -22 -6 26 -7 -27 -29 -30
right_child=1 4 -4 5 24 25 8 12 19 -11 -12 17 13 -15 -16 -17 -18 -19 -20 -21 21 22 -24 -25 -26 27 -28 28 29 -31
leaf_value=-0.00029641642056388025 -0.00081238136745913163 0.0038218331354126093 -0.0032815307919099503 -0.0020604562085794723 0.01259896404029125 0.0014724148358339819 -0.0043286557388539934 -0.0013959185920727536 -0.0037870710646630053 0.0031153195391790522 -0.00027865444939206575 0.011819065981206228 -0.0016369733397321282 -0.0014877444048418426 0.0049522269970128938 0.0045760614249489547 0.00075294838648646385 0.0062411119053273423 0.0058606985731512497 -0.00094589892478811732 0.00066411543503000123 -0.003229160897165172 -0.00077380018181819857 -0.0034342071562209644 0.018825212456285954 -0.0011973899288772157 0.005921983397322546 0.001248396929183368 0.0065886090671791672 0.0010885676359512445
leaf_weight=13181 19661 5198 73944 23774 7368 20667 1552 3009 29901 38552 2688 9404 1458 15122 21167 5979 25601 3467 8033 10540 3988 17393 33353 56361 1560 11212 10807 20071 6287 2923
leaf_count=13181 19661 5198 73944 23774 7368 20667 1552 3009 29901 38552 2688 9404 1458 15122 21167 5979 25601 3467 8033 10540 3988 17393 33353 56361 1560 11212 10807 20071 6287 2923
internal_value=-8.31801e-12 0.00430303 -0.000908495 -0.000395988 0.00923355 0.000647444 -6.47052e-05 0.000948505 -0.00213801 0.00178877 0.00731808 0.00844819 0.00251733 0.000901744 0.00416212 0.00274096 -0.000601702 0.0103166 0.00470891 -0.00304659 -0.0022272 -0.00245628 -0.00161537 -0.00316338 0.0136869 0.00209353 0.00300023 0.00138878 0.00237905 0.00484305
internal_weight=504221 87898 416323 342379 29685 218103 146136 98164 47972 58213 20757 18069 48789 24613 24176 7531 49375 12871 9491 40441 124276 111095 50746 60349 8928 71967 31474 40493 29281 9210
internal_count=504221 87898 416323 342379 29685 218103 146136 98164 47972 58213 20757 18069 48789 24613 24176 7531 49375 12871 9491 40441 124276 111095 50746 60349 8928 71967 31474 40493 29281 9210
is_linear=0
shrinkage=0.05


Tree=31
num_leaves=31
num_cat=0
split_feature=0 1 1 1 1 0 1 1 1 0 0 1 0 0 0 0 1 1 1 0 0 0 0 1 1 1 1 0 1 1
split_gain=711.581 393.692 182.786 236.166 92.114 81.0838 110.822 86.1835 80.6385 77.1079 60.7524 46.9362 82.5611 41.6865 37.1899 35.2736 32.852 49.3125 23.1736 22.1144 21.8463 20.1133 19.935 25.6896 25.4422 21.9358 19.1572 29.5463 30.2507 18.0554
threshold=102.15000000000002 19.500000000000004 41.500000000000007 -2.4999999999999996 42.500000000000007 95.65000000000002 26.500000000000004 12.500000000000002 4.5000000000000009 72.450000000000017 107.45000000000002 20.500000000000004 82.850000000000009 63.250000000000007 71.250000000000014 82.550000000000011 22.500000000000004 31.500000000000004 -14.499999999999998 64.050000000000011 92.65000000000002 45.850000000000001 108.65000000000002 17.500000000000004 15.500000000000002 9.5000000000000018 -49.499999999999993 87.450000000000017 -17.499999999999996 24.500000000000004
decision_type=2 2 2 2 2 2 2 2 2 2 2 2 2 2 2 2 2 2 2 2 2 2 2 2 2 2 2 2 2 2
left_child=2 8 3 21 10 6 7 15 18 13 16 14 19 -8 -9 -5 -3 29 -2 -13 -11 -1 24 -24 25 -10 -23 -28 -29 -18
right_child=1 4 -4 5 -6 -7 9 11 22 20 -12 12 -14 -15 -16 -17 17 -19 -20 -21 -22 26 23 -25 -26 -27 27 28 -30 -31
leaf_value=0.00086086468198955319 -0.0033967786448648391 0.0044085729975092787 -0.0031174541807688742 -0.0021410803672861308 -0.0035377242252909442 0.0019888548749366869 -0.002346618452366805 -0.0010870385088625997 0.001931846458321421 -0.0034611065418528419 0.013914426652699022 -0.001993780106698212 -0.001915605979779744 0.0057402628817849084 0.0044410069449604579 0.00056635589123367805 0.0078320364315991979 0.0054376366334000416 0.00047185364379959268 0.0054998837683356561 -0.00065896608031971353 -0.0001946953810406811 0.0047364524108351319 0.014053138670423371 0.00026423533477863275 0.0053094476412854129 -0.0032320763970321549 -0.0033366626426245558 -0.00074431555466331111 0.01262928727780837
leaf_weight=5427 4676 4211 73944 20753 1383 71967 2482 3480 8749 32163 6452 1140 12753 4452 24197 28622 2638 5235 22484 7219 8875 10334 5949 845 6960 10669 56995 16606 34914 7647
leaf_count=5427 4676 4211 73944 20753 1383 71967 2482 3480 8749 32163 6452 1140 12753 4452 24197 28622 2638 5235 22484 7219 8875 10334 5949 845 6960 10669 56995 16606 34914 7647
internal_value=-3.38504e-11 0.00408787 -0.00086307 -0.000376188 0.00903834 0.000615072 -6.147e-05 0.00090108 0.00182598 -0.00203111 0.00970261 0.00239146 0.000615812 0.00284559 0.00374593 -0.000571617 0.00832536 0.00938809 -0.000194189 0.0044779 -0.00285511 -0.00211584 0.00348002 0.00589521 0.00285796 0.00378763 -0.00225176 -0.00244766 -0.00157988 0.0113988
internal_weight=504221 87898 416323 342379 27566 218103 146136 98164 60332 47972 26183 48789 21112 6934 27677 49375 19731 15520 27160 8359 41038 124276 33172 6794 26378 19418 118849 108515 51520 10285
internal_count=504221 87898 416323 342379 27566 218103 146136 98164 60332 47972 26183 48789 21112 6934 27677 49375 19731 15520 27160 8359 41038 124276 33172 6794 26378 19418 118849 108515 51520 10285
is_linear=0
shrinkage=0.05


Tree=32
num_leaves=31
num_cat=0
split_feature=0 1 0 1 1 1 1 1 1 1 0 0 0 1 0 1 1 0 1 1 1 1 1 1 0 1 0 1 1 1
split_gain=643.666 282.478 159.613 164.192 111.166 207.653 92.3063 49.8115 56.5644 42.7132 76.9763 44.4851 38.4983 38.2141 37.7963 36.0637 34.4535 32.7369 49.5303 30.5777 26.8664 25.2584 37.2661 25.0086 54.5921 24.2314 22.6634 24.2116 22.1119 31.4673
threshold=97.65000000000002 4.5000000000000009 104.95000000000002 18.500000000000004 29.500000000000004 5.5000000000000009 40.500000000000007 24.500000000000004 32.500000000000007 20.500000000000004 81.65000000000002 76.850000000000009 100.75000000000001 14.500000000000002 108.65000000000002 10.500000000000002 16.500000000000004 75.65000000000002 54.500000000000007 -17.499999999999996 11.500000000000002 22.500000000000004 31.500000000000004 16.500000000000004 88.050000000000011 21.500000000000004 82.550000000000011 13.500000000000002 -10.499999999999998 -39.499999999999993
decision_type=2 2 2 2 2 2 2 2 2 2 2 2 2 2 2 2 2 2 2 2 2 2 2 2 2 2 2 2 2 2
left_child=4 19 6 -4 5 28 7 13 12 11 -11 16 -9 15 21 -3 -7 18 -6 -2 -13 -5 -23 26 -25 -15 27 -22 29 -1
right_child=1 2 3 14 17 9 -8 8 -10 10 -12 20 -14 25 -16 -17 -18 -19 -20 -21 23 22 -24 24 -26 -27 -28 -29 -30 -31
leaf_value=-0.00070619597860738952 -0.0034215417990787291 0.0021361740968687511 0.0037284707550598708 0.005342002801806185 0.0011038565896609928 -0.0022087418959282411 -0.002887971955340934 0.004245981165508431 0.0020136303115750342 0.0033035388640944938 -0.0016820623893295955 0.0012449216135753812 0.0093812389122150449 -0.00022107315686085828 0.014536505850372717 0.0062973732919593631 0.003783349141515117 -0.002968513007619356 -0.003439663707209357 7.3303800569438608e-05 -0.0048070210909301591 0.012919857613457151 0.0056052502073487762 0.0061676031078743317 -0.00057529524410959655 0.003478822466304092 0.0059404220347440556 0.0047511322223687587 -0.0010826339004347269 -0.002955114040827368
leaf_weight=21043 7284 13083 18828 3194 13636 9090 6591 6657 8903 11196 25097 18060 8079 15598 4477 8649 3259 87192 10709 44467 1100 5486 2551 4927 7682 6178 12817 1666 57088 59634
leaf_count=21043 7284 13083 18828 3194 13636 9090 6591 6657 8903 11196 25097 18060 8079 15598 4477 8649 3259 87192 10709 44467 1100 5486 2551 4927 7682 6178 12817 1666 57088 59634
internal_value=-2.41786e-11 0.00261998 0.00407232 0.00687744 -0.00121809 -0.000595933 0.00275851 0.00331275 0.00516028 0.00120389 -0.000144058 0.00203871 0.00706138 0.00230894 0.0106519 0.00379227 -0.000627381 -0.00251588 -0.00089477 -0.000418599 0.00275053 0.00910335 0.0105982 0.00371504 0.00205951 0.000828613 0.00505461 0.000949987 -0.00183567 -0.00236853
internal_weight=504221 160025 108274 34536 344196 232659 73738 67147 23639 94894 36293 58601 14736 43508 15708 21732 12349 111537 24345 51751 46252 11231 8037 28192 12609 21776 15583 2766 137765 80677
internal_count=504221 160025 108274 34536 344196 232659 73738 67147 23639 94894 36293 58601 14736 43508 15708 21732 12349 111537 24345 51751 46252 11231 8037 28192 12609 21776 15583 2766 137765 80677
is_linear=0
shrinkage=0.05


Tree=33
num_leaves=31
num_cat=0
split_feature=0 1 1 1 1 1 1 0 0 0 0 0 1 1 0 0 0 1 1 1 1 1 0 1 1 0 1 0 1 1
split_gain=583.893 325.378 150.569 190.236 82.5228 75.1282 72.0513 38.12 34.5537 32.6972 49.2971 33.4856 29.5142 29.9049 75.6992 52.972 51.9816 48.6969 34.3626 29.9761 25.746 25.7084 43.0406 23.4273 33.1684 23.0944 27.9873 22.4501 21.1675 18.9051
threshold=102.15000000000002 20.500000000000004 42.500000000000007 -1.0000000180025095e-35 40.500000000000007 30.500000000000004 5.5000000000000009 106.85000000000001 64.65000000000002 71.65000000000002 93.250000000000014 62.45000000000001 5.5000000000000009 17.500000000000004 80.450000000000017 81.350000000000009 97.950000000000017 25.500000000000004 14.500000000000002 10.500000000000002 27.500000000000004 15.500000000000002 93.65000000000002 31.500000000000004 24.500000000000004 110.05000000000001 17.500000000000004 73.65000000000002 -12.499999999999998 13.500000000000002
decision_type=2 2 2 2 2 2 2 2 2 2 2 2 2 2 2 2 2 2 2 2 2 2 2 2 2 2 2 2 2 2
left_child=2 6 3 -1 7 8 28 23 -5 11 -11 -7 -10 15 20 18 -16 -18 -14 -17 -15 -21 -23 24 -3 29 -27 -22 -2 -8
right_child=1 4 -4 5 -6 9 25 -9 12 10 -12 -13 13 14 16 19 17 -19 -20 21 27 22 -24 -25 -26 26 -28 -29 -30 -31
leaf_value=-0.0018259424088334132 -0.0027723880297203011 0.0059456424320050542 -0.0028851362319829653 -0.0025355548164646947 -0.0014912478240265924 -0.0027483724547175013 0.0040386461058584278 0.012319329771884702 -0.00019968582136197324 -0.0029240102315067715 0.00039019806823985194 0.0058628243772333661 -0.0019584704380375818 0.0056816653049034278 -0.00092594995000675807 0.0016401586123450749 0.00039747345075719559 0.0062128094397601117 0.0041273912042501084 0.0051666973472471282 0.0056507527442720851 0.0059696337380996103 -0.0013376101505409223 0.0048564760052366655 0.011311403247890112 0.0049629871936773184 0.015892747636506714 -0.0037936471318089238 0.00061460205532709187 0.0014893473005831582
leaf_weight=134025 5742 4889 70648 6245 1923 1758 15842 7177 28356 26305 19566 3155 9574 9339 38614 19284 9993 5627 3061 19969 1063 3567 4632 4457 7009 3239 715 1542 23461 13444
leaf_count=134025 5742 4889 70648 6245 1923 1758 15842 7177 28356 26305 19566 3155 9574 9339 38614 19284 9993 5627 3061 19969 1063 3567 4632 4457 7009 3239 715 1542 23461 13444
internal_value=-2.37255e-11 0.00370298 -0.000781809 -0.000351937 0.00846762 0.00058146 0.00176067 0.00928145 0.00111075 -0.00109515 -0.00151035 0.00278151 0.00125802 0.00158539 0.000852169 0.00239293 5.85758e-05 0.00249241 -0.000484088 0.00315899 0.00445563 0.00419879 0.00184143 0.00794835 0.00910656 0.00335263 0.00693941 6.02481e-05 -5.13602e-05 0.00286837
internal_weight=504221 87898 416323 345675 25455 211650 62443 23532 160866 50784 45871 4913 154621 126265 66178 60087 54234 15620 12635 47452 11944 28168 8199 16355 11898 33240 3954 2605 29203 29286
internal_count=504221 87898 416323 345675 25455 211650 62443 23532 160866 50784 45871 4913 154621 126265 66178 60087 54234 15620 12635 47452 11944 28168 8199 16355 11898 33240 3954 2605 29203 29286
is_linear=0
shrinkage=0.05


Tree=34
num_leaves=31
num_cat=0
split_feature=0 1 0 1 1 1 1 1 1 1 1 0 1 1 0 0 1 0 0 1 0 0 0 0 1 0 1 0 1 1
split_gain=529.452 230.485 149.012 119.437 90.6251 179.116 65.808 47.3525 45.9372 36.5949 34.1774 31.4351 44.8343 28.187 64.8321 37.6171 28.1297 28.9189 27.149 41.2368 22.5053 22.3663 21.1709 21.1236 23.8493 21.6042 21.318 19.5885 26.3536 19.2667
threshold=97.65000000000002 7.5000000000000009 103.85000000000001 21.500000000000004 28.500000000000004 5.5000000000000009 34.500000000000007 40.500000000000007 25.500000000000004 14.500000000000002 -5.4999999999999991 75.950000000000017 51.500000000000007 20.500000000000004 81.65000000000002 75.050000000000011 12.500000000000002 92.250000000000014 92.250000000000014 15.500000000000002 58.350000000000001 100.35000000000001 64.050000000000011 90.450000000000017 -39.499999999999993 41.550000000000004 -15.499999999999998 110.25000000000001 17.500000000000004 21.500000000000004
decision_type=2 2 2 2 2 2 2 2 2 2 2 2 2 2 2 2 2 2 2 2 2 2 2 2 2 2 2 2 2 2
left_child=4 10 6 27 5 23 8 -5 9 -3 -2 12 20 15 22 -7 17 -17 -18 -20 -6 -10 -15 24 -1 -26 -25 -4 -29 -11
right_child=1 2 3 7 11 13 -8 -9 21 29 -12 -13 -14 14 -16 16 18 -19 19 -21 -22 -23 -24 26 25 -27 -28 28 -30 -31
leaf_value=-0.00052394256225149602 -0.0014841194599582164 0.0041892787230510195 0.0033816018524310066 0.010293358363639636 -0.0034809894844559939 -0.0009092489660267848 -0.0010853480710688163 -0.00084459472875365806 0.0033799578558076139 -0.00032645830968509079 0.00092509373893272782 -0.0026868644275798944 -0.0028812169415855845 -0.0020787287154616133 -0.0014978807991706082 -0.00026243051109531637 0.0047552000660564253 0.0034827453086115259 0.0057706962332318814 -0.001061449497522244 0.0021795102586268751 0.0074289481828891104 0.0043147059793099797 -0.0025465644942355282 0.0023972967438310347 -0.0025737984856411202 0.00010116218327252039 0.0049092964604260806 0.01501344387669808 0.0029010907155021565
leaf_weight=20559 24076 13024 19911 15023 2079 10210 11595 1019 6348 13293 37884 89869 12310 1527 22228 13982 16685 8164 3463 6097 11301 7371 8516 10615 2249 77557 26785 2524 867 7090
leaf_count=20559 24076 13024 19911 15023 2079 10210 11595 1019 6348 13293 37884 89869 12310 1527 22228 13982 16685 8164 3463 6097 11301 7371 8516 10615 2249 77557 26785 2524 867 7090
internal_value=4.74172e-12 0.00237619 0.00388452 0.00626564 -0.00110475 -0.000527956 0.00228914 0.00958587 0.0031194 0.00211903 -1.10621e-05 -0.00224595 -0.000703547 0.00119518 8.5192e-06 0.00184866 0.00243055 0.00111821 0.00353792 0.00141342 0.00129998 0.00555542 0.00334261 -0.00166456 -0.00204251 -0.00243371 -0.000650325 0.00397986 0.00749269 0.000796209
internal_weight=504221 160025 98065 39344 344196 228637 58721 16042 47126 33407 61960 115559 25690 90872 32271 58601 48391 22146 26245 9560 13380 13719 10043 137765 100365 79806 37400 23302 3391 20383
internal_count=504221 160025 98065 39344 344196 228637 58721 16042 47126 33407 61960 115559 25690 90872 32271 58601 48391 22146 26245 9560 13380 13719 10043 137765 100365 79806 37400 23302 3391 20383
is_linear=0
shrinkage=0.05


Tree=35
num_leaves=31
num_cat=0
split_feature=0 1 1 1 0 1 1 1 0 1 1 0 1 0 0 0 1 1 1 0 0 1 0 1 0 0 1 0 1 1
split_gain=478.07 270.079 124.791 151.996 66.6107 65.7321 50.6538 48.4894 37.0721 38.0135 79.7886 38.055 34.1141 33.4222 32.3078 30.8162 26.2033 36.6481 47.844 25.6002 35.1063 74.8375 20.8516 19.5105 17.4139 16.7274 15.2804 24.1564 23.8015 14.7733
threshold=102.15000000000002 18.500000000000004 44.500000000000007 -2.4999999999999996 106.25000000000001 31.500000000000004 -1.0000000180025095e-35 37.500000000000007 94.65000000000002 25.500000000000004 12.500000000000002 74.65000000000002 22.500000000000004 71.65000000000002 62.45000000000001 93.250000000000014 27.500000000000004 15.500000000000002 9.5000000000000018 65.950000000000017 88.450000000000017 16.500000000000004 78.950000000000017 13.500000000000002 110.85000000000001 45.850000000000001 -49.499999999999993 87.450000000000017 -17.499999999999996 23.500000000000004
decision_type=2 2 2 2 2 2 2 2 2 2 2 2 2 2 2 2 2 2 2 2 2 2 2 2 2 2 2 2 2 2
left_child=2 6 3 25 7 8 -2 12 9 10 22 -11 -3 14 -7 -15 17 18 -10 -12 23 -22 -5 -21 29 -1 -27 -28 -29 -6
right_child=1 4 -4 5 24 13 -8 -9 16 11 19 -13 -14 15 -16 -17 -18 -19 -20 20 21 -23 -24 -25 -26 26 27 28 -30 -31
leaf_value=0.0009705020474815361 -0.0008323145645531164 0.002798024818197989 -0.0027336397144088844 -0.002173839061660722 0.0070152572315066181 -0.0026234888321125943 0.0023585861920204327 -0.0010242921222899707 0.0011636927183920553 0.0028837249426417653 -0.0020398541789377412 -0.0027596542449527541 0.0078689305966745306 -0.0026268636065575547 0.005598410389557721 -2.3799707913775648e-05 0.0045690498097961376 -1.1873539548817946e-05 0.0050394181265377251 -0.0010876744812217368 0.006129385435272681 -0.0015598323652024975 7.5397764795486052e-05 0.0042580807576959 0.015242585727276329 -3.0897752327247177e-05 -0.0027522961269266376 -0.0028166878869770296 -0.00051721546681788926 0.011113773952979106
leaf_weight=5427 18008 4629 64260 15530 3579 1856 40205 2517 23207 3688 3112 15722 11699 27530 3354 19369 7628 24872 12122 1848 4540 10444 30621 22344 1560 10334 56995 16606 34914 5701
leaf_count=5427 18008 4629 64260 15530 3579 1856 40205 2517 23207 3688 3112 15722 11699 27530 3354 19369 7628 24872 12122 1848 4540 10444 30621 22344 1560 10334 56995 16606 34914 5701
internal_value=1.35008e-12 0.00335067 -0.000707424 -0.000337591 0.00723187 0.00042978 0.00137149 0.00543553 0.000892366 0.000316349 0.000756115 -0.00168738 0.00643133 -0.00112976 0.00266946 -0.00155181 0.00180824 0.00145842 0.00249352 0.00232503 0.00267176 0.000769923 -0.00068148 0.00384972 0.0103548 -0.00174411 -0.00186807 -0.00204303 -0.00125838 0.00953311
internal_weight=504221 87898 416323 352063 29685 227787 58213 18845 175678 107849 88439 19410 16328 52109 5210 46899 67829 60201 35329 42288 39176 14984 46151 24192 10840 124276 118849 108515 51520 9280
internal_count=504221 87898 416323 352063 29685 227787 58213 18845 175678 107849 88439 19410 16328 52109 5210 46899 67829 60201 35329 42288 39176 14984 46151 24192 10840 124276 118849 108515 51520 9280
is_linear=0
shrinkage=0.05


Tree=36
num_leaves=31
num_cat=0
split_feature=0 1 0 1 1 1 1 1 1 0 1 0 1 0 1 0 1 1 1 0 0 0 1 1 0 0 0 1 1 0
split_gain=433.096 191.355 123.75 92.5923 74.4529 146.692 61.6929 33.5751 28.8353 26.9396 38.3404 24.1972 26.7357 71.5803 30.007 32.199 20.8666 46.8337 34.5614 29.5863 19.4261 18.9212 26.2999 17.9115 17.6954 17.6417 17.6411 30.7497 16.7986 16.5355
threshold=97.65000000000002 7.5000000000000009 104.35000000000001 22.500000000000004 28.500000000000004 5.5000000000000009 42.500000000000007 32.500000000000007 -9.4999999999999982 75.65000000000002 54.500000000000007 64.050000000000011 20.500000000000004 80.450000000000017 12.500000000000002 88.450000000000017 22.500000000000004 14.500000000000002 32.500000000000007 100.05000000000001 60.550000000000004 110.25000000000001 17.500000000000004 10.500000000000002 92.65000000000002 45.850000000000001 93.450000000000017 14.500000000000002 45.500000000000007 92.65000000000002
decision_type=2 2 2 2 2 2 2 2 2 2 2 2 2 2 2 2 2 2 2 2 2 2 2 2 2 2 2 2 2 2
left_child=4 8 6 21 5 24 16 -5 -2 10 20 -7 14 -14 15 -13 17 23 19 -18 -6 -4 -23 -3 25 -1 -16 -28 -9 -11
right_child=1 2 3 7 9 11 -8 28 -10 29 -12 12 13 -15 26 -17 18 -19 -20 -21 -22 22 -24 -25 -26 -27 27 -29 -30 -31
leaf_value=0.00090874700084108957 -0.0018008484595669156 0.0018464983571548851 0.0033255372867493265 0.010800049596198867 -0.0025867169738158099 -0.0025557742231878742 -0.0030724326009587675 0.0061187603017899064 0.00062948519205797829 -0.0028378801180093758 -0.0028426807759631798 -0.0010350025870075686 0.0043286206935150276 -0.0012886004775849752 0.0037011691518161224 0.0025094558273566743 0.0023053535213483525 -6.1369451131393054e-05 0.0012752763726410175 0.0065624580202868314 0.002032282213089058 0.0045459025092245853 0.014007121937450124 0.0054484371445951505 -0.00035530972945826511 -0.0019320444202565936 0.0065533528153759405 -0.00083724093732810202 -0.0060274330009320743 -0.00130248503436889
leaf_weight=5765 16713 6125 18900 9482 2841 4350 5113 3047 45247 66777 10709 13377 7502 23242 22370 12298 6472 16352 9744 11049 11452 2524 1036 7907 26928 105072 1850 5883 314 23780
leaf_count=5765 16713 6125 18900 9482 2841 4350 5113 3047 45247 66777 10709 13377 7502 23242 22370 12298 6472 16352 9744 11049 11452 2524 1036 7907 26928 105072 1850 5883 314 23780
internal_value=2.51696e-11 0.00214912 0.00352346 0.00589171 -0.000999177 -0.000476376 0.00219134 0.009278 -2.60695e-05 -0.00203356 -0.000580651 0.00108301 0.00126596 8.20863e-05 0.00191849 0.000662748 0.00265819 0.00175708 0.00366239 0.00498995 0.00111417 0.00395538 0.00729922 0.00387618 -0.00150497 -0.00178429 0.00298951 0.000930844 0.00498401 -0.00243469
internal_weight=504221 160025 98065 35303 344196 228637 62762 12843 61960 115559 25002 90872 86522 30744 55778 25675 57649 30384 27265 17521 14293 22460 3560 14032 137765 110837 30103 7733 3361 90557
internal_count=504221 160025 98065 35303 344196 228637 62762 12843 61960 115559 25002 90872 86522 30744 55778 25675 57649 30384 27265 17521 14293 22460 3560 14032 137765 110837 30103 7733 3361 90557
is_linear=0
shrinkage=0.05


Tree=37
num_leaves=31
num_cat=0
split_feature=0 1 1 1 0 0 1 1 0 1 1 0 1 1 0 0 0 1 1 0 1 1 1 1 1 0 0 1 0 0
split_gain=391.594 223.6 102.694 126.507 56.422 54.0105 60.6204 72.692 68.5758 45.2979 41.9002 30.0287 29.3134 31.4044 22.6626 20.8443 31.6765 66.2487 18.1426 21.9901 16.7892 16.5019 20.1581 35.3572 42.3067 15.3578 20.2067 16.3363 15.2676 14.1147
threshold=102.15000000000002 18.500000000000004 44.500000000000007 -5.4999999999999991 108.05000000000001 95.050000000000011 25.500000000000004 12.500000000000002 74.350000000000009 42.500000000000007 -3.4999999999999996 58.350000000000001 22.500000000000004 31.500000000000004 77.450000000000017 65.950000000000017 88.450000000000017 16.500000000000004 14.500000000000002 82.550000000000011 -39.499999999999993 34.500000000000007 25.500000000000004 15.500000000000002 9.5000000000000018 41.550000000000004 87.250000000000014 -18.499999999999996 99.550000000000011 92.050000000000011
decision_type=2 2 2 2 2 2 2 2 2 2 2 2 2 2 2 2 2 2 2 2 2 2 2 2 2 2 2 2 2 2
left_child=2 10 3 20 9 6 7 14 11 12 -2 -8 -3 -14 -5 -9 18 -18 19 -17 -1 22 23 24 -7 -22 -27 -28 -24 -10
right_child=1 4 -4 5 -6 21 8 15 29 -11 -12 -13 13 -15 -16 16 17 -19 -20 -21 25 -23 28 -25 -26 26 27 -29 -30 -31
leaf_value=-0.00043769146696708998 -0.0011846786295644429 0.0030657519994360181 -0.0024783437833571279 -0.0022254105589117022 0.011012871458342781 0.00097677961432087053 -0.003581924916019899 -0.0018751319229679429 -0.0028200864419900724 -0.0035620397406405414 0.0019763689744302462 0.0033994230045189446 0.0086548758898798497 0.004025655398509514 -1.5046655159897655e-05 -0.002779906448823111 0.0055350968023118825 -0.001457916101835351 0.00410286522834647 0.0050318177168983281 0.0024949326874526782 -0.00050745549297098627 0.0020277188473838761 -0.00052740535246270539 0.0045810292007469082 -0.0028473842670795053 -0.0027005842570228373 -0.00063790796166169272 0.0052508772208564583 -0.00075516400199127066
leaf_weight=21132 13714 6130 64260 16327 5747 26914 1878 3112 35634 1305 44499 8565 11013 5490 40023 2267 4850 11226 20430 1495 1857 10458 10186 19905 11673 44502 14430 28673 5747 10779
leaf_count=21132 13714 6130 64260 16327 5747 26914 1878 3112 35634 1305 44499 8565 11013 5490 40023 2267 4850 11226 20430 1495 1857 10458 10186 19905 11673 44502 14430 28673 5747 10779
internal_value=-1.97364e-11 0.00303252 -0.000640254 -0.000304758 0.00656401 0.000336676 -0.000213894 0.000528916 -0.00151684 0.00549593 0.00123168 0.00214394 0.00601821 0.00711489 -0.000655483 0.00206743 0.00237212 0.00065182 0.0035153 0.000324434 -0.00170525 0.00135233 0.00161366 0.00118419 0.00206711 -0.00200467 -0.00210005 -0.00132845 0.00319031 -0.00234053
internal_weight=504221 87898 416323 352063 29685 241469 156586 99730 56856 23938 58213 10443 22633 16503 56350 43380 40268 16076 24192 3762 110594 84883 74425 58492 38587 89462 87605 43103 15933 46413
internal_count=504221 87898 416323 352063 29685 241469 156586 99730 56856 23938 58213 10443 22633 16503 56350 43380 40268 16076 24192 3762 110594 84883 74425 58492 38587 89462 87605 43103 15933 46413
is_linear=0
shrinkage=0.05


Tree=38
num_leaves=31
num_cat=0
split_feature=0 1 1 1 0 1 1 1 0 1 1 0 0 1 1 0 0 0 0 1 1 1 0 1 0 1 0 0 1 0
split_gain=353.414 201.799 92.6812 114.365 51.8737 47.3201 38.4034 37.4152 28.7869 28.43 55.4797 26.5409 26.255 23.8395 23.646 49.9119 25.4995 22.8183 22.3064 22.232 26.9818 38.0276 18.5192 16.8051 14.2159 13.6834 15.0708 18.0844 17.6693 12.3445
threshold=102.15000000000002 18.500000000000004 44.500000000000007 -3.4999999999999996 106.25000000000001 31.500000000000004 -1.0000000180025095e-35 38.500000000000007 94.65000000000002 26.500000000000004 12.500000000000002 71.65000000000002 63.250000000000007 23.500000000000004 19.500000000000004 85.65000000000002 71.250000000000014 93.65000000000002 74.350000000000009 27.500000000000004 15.500000000000002 9.5000000000000018 78.950000000000017 31.500000000000004 108.65000000000002 -46.499999999999993 45.850000000000001 87.450000000000017 -17.499999999999996 98.15000000000002
decision_type=2 2 2 2 2 2 2 2 2 2 2 2 2 2 2 2 2 2 2 2 2 2 2 2 2 2 2 2 2 2
left_child=2 6 3 25 7 8 -2 13 9 10 22 12 -7 -3 16 -16 -12 -13 -11 20 21 -10 -5 -15 -6 -1 -27 -28 -29 -21
right_child=1 4 -4 5 24 11 -8 -9 19 18 14 17 -14 23 15 -17 -18 -19 -20 29 -22 -23 -24 -25 -26 26 27 28 -30 -31
leaf_value=-0.00012154507222051058 -0.00074880240995623922 0.0028489083519526357 -0.0023544265308501331 -0.0019570802367592051 0.0074728563597395575 -0.0020553602551247893 0.0020295786926472588 -0.0015172727450985333 0.00096129848687620447 0.0022587432107132321 -0.0013126420629068086 -0.002232406546394429 0.0052335293792789631 0.0081772503995445941 0.0029342955971309662 -0.0017398968841493218 0.0036301232372751633 2.6111964554612462e-05 -0.0025700031683964352 0.0018764356438405673 -4.8412857000276737e-05 0.0043774044261257281 9.7824823737802799e-05 0.0039781607031311199 0.011150317239425936 0.0017513822372087935 -0.0024847073473215696 -0.0024821241028085907 -0.00046904186659089443 0.0059169996211636171
leaf_weight=14798 18008 5748 64260 16538 6363 2014 40205 2175 24841 2919 3009 28488 3196 7410 11921 10964 19646 18411 13239 3457 24872 12122 32532 3512 4477 2993 53283 16489 32160 4171
leaf_count=14798 18008 5748 64260 16538 6363 2014 40205 2175 24841 2919 3009 28488 3196 7410 11921 10964 19646 18411 13239 3457 24872 12122 32532 3512 4477 2993 53283 16489 32160 4171
internal_value=-8.35016e-12 0.00288089 -0.000608241 -0.00028952 0.00623581 0.000357374 0.0011701 0.00465058 0.000741057 0.000240651 0.000571688 -0.000969683 0.0024159 0.00545532 0.00182853 0.000694932 0.00297363 -0.00134579 -0.00169767 0.00153902 0.00122485 0.00208161 -0.000594737 0.00682702 0.00899167 -0.00154491 -0.00174566 -0.00184834 -0.00115135 0.00408582
internal_weight=504221 87898 416323 352063 29685 232340 58213 18845 180231 110768 94610 52109 5210 16670 45540 22885 22655 46899 16158 69463 61835 36963 49070 10922 10840 119723 104925 101932 48649 7628
internal_count=504221 87898 416323 352063 29685 232340 58213 18845 180231 110768 94610 52109 5210 16670 45540 22885 22655 46899 16158 69463 61835 36963 49070 10922 10840 119723 104925 101932 48649 7628
is_linear=0
shrinkage=0.05


Tree=39
num_leaves=31
num_cat=0
split_feature=0 1 0 1 1 1 1 0 1 1 0 1 1 1 0 1 1 1 1 1 0 0 1 1 0 0 0 0 1 0
split_gain=319.373 180.489 92.6655 47.4106 118.378 40.4705 43.5014 38.6261 32.4456 30.6849 29.9324 31.1469 29.7172 27.1671 48.8488 23.7516 22.7349 30.6188 27.7775 27.5313 22.4887 17.9132 16.5322 16.3285 15.3507 14.7396 14.5911 14.4301 12.8387 12.6862
threshold=102.85000000000001 18.500000000000004 94.850000000000009 27.500000000000004 12.500000000000002 40.500000000000007 3.5000000000000004 108.65000000000002 40.500000000000007 -1.4999999999999998 77.15000000000002 54.500000000000007 23.500000000000004 20.500000000000004 82.550000000000011 31.500000000000004 14.500000000000002 10.500000000000002 25.500000000000004 32.500000000000007 71.250000000000014 100.25000000000001 -1.0000000180025095e-35 -39.499999999999993 88.450000000000017 58.350000000000001 71.250000000000014 64.050000000000011 -19.499999999999996 41.550000000000004
decision_type=2 2 2 2 2 2 2 2 2 2 2 2 2 2 2 2 2 2 2 2 2 2 2 2 2 2 2 2 2 2
left_child=2 9 3 4 22 6 28 8 12 -2 11 25 -3 20 27 -14 17 -8 -18 21 -6 -20 23 -1 -24 -5 -27 -15 -4 -25
right_child=1 7 5 10 13 -7 16 -9 -10 -11 -12 -13 15 14 -16 -17 18 -19 19 -21 -22 -23 24 29 -26 26 -28 -29 -30 -31
leaf_value=-0.00035749850639690063 -0.00074358899151613048 0.0033765598032309448 -0.0026270893198564065 -0.0027670550510089571 -0.0010797102254783287 -0.0022408310773617364 0.0015034150593271475 0.01059280166173425 -0.0018705033717795324 0.0019961811944348177 -0.0023868953963351526 -0.0024380791753406974 0.0089386394622725414 -0.0017579870616241872 -0.0015754212310932641 0.0043964686275421907 -0.00020320882066943892 0.0052026811600813395 0.0023849080309763827 0.00031222922920074326 0.0032360190843756368 0.0061679128070492081 -0.0011129467884073664 0.0019774059697341591 0.00093976828186469262 0.0030689217211431145 -6.3433792045865432e-05 0.0038811342014237818 -7.3928895609121195e-05 -0.0020187067967634659
leaf_weight=20912 14072 6998 5725 2420 3480 11425 15226 4477 1401 37331 76443 12304 8615 1319 13828 4322 24699 8842 9720 11421 22763 4615 26858 2036 13781 7150 7745 8108 35186 80999
leaf_count=20912 14072 6998 5725 2420 3480 11425 15226 4477 1401 37331 76443 12304 8615 1319 13828 4322 24699 8842 9720 11421 22763 4615 26858 2036 13781 7150 7745 8108 35186 80999
internal_value=7.96432e-12 0.00295918 -0.000535113 -0.00101397 -0.000549428 0.000597856 0.000878813 0.00637045 0.00548446 0.00124615 -0.00186405 -0.000514633 0.00600136 0.00156105 0.000316686 0.00742119 0.00159798 0.00286244 0.00099481 0.00214366 0.00266372 0.00360281 -0.00127193 -0.00160623 -0.000416855 0.000852164 0.00144018 0.00309212 -0.000431213 -0.00192072
internal_weight=504221 77216 427005 300146 194084 126859 115434 25813 21336 51403 106062 29619 19935 49498 23255 12937 74523 24068 50455 25756 26243 14335 144586 103947 40639 17315 14895 9427 40911 83035
internal_count=504221 77216 427005 300146 194084 126859 115434 25813 21336 51403 106062 29619 19935 49498 23255 12937 74523 24068 50455 25756 26243 14335 144586 103947 40639 17315 14895 9427 40911 83035
is_linear=0
shrinkage=0.05


Tree=40
num_leaves=31
num_cat=0
split_feature=0 1 0 1 1 1 1 1 1 0 1 0 1 1 1 0 0 1 1 1 0 0 0 1 0 1 0 1 1 0
split_gain=288.611 122.716 96.7975 74.2453 59.2326 45.8993 103.029 25.5463 36.4476 33.8358 24.3756 23.7273 28.302 19.609 18.3704 18.0672 16.7629 16.3591 21.3812 15.6976 15.1175 15.087 14.0932 12.7585 28.5556 18.4666 26.3327 55.8817 18.6253 19.4415
threshold=96.350000000000009 4.5000000000000009 105.25000000000001 18.500000000000004 38.500000000000007 27.500000000000004 5.5000000000000009 24.500000000000004 14.500000000000002 100.35000000000001 10.500000000000002 76.250000000000014 54.500000000000007 -17.499999999999996 31.500000000000004 64.050000000000011 108.65000000000002 23.500000000000004 30.500000000000004 20.500000000000004 62.45000000000001 71.250000000000014 102.25000000000001 24.500000000000004 77.750000000000014 12.500000000000002 88.450000000000017 16.500000000000004 14.500000000000002 82.250000000000014
decision_type=2 2 2 2 2 2 2 2 2 2 2 2 2 2 2 2 2 2 2 2 2 2 2 2 2 2 2 2 2 2
left_child=5 13 4 -4 7 6 -1 8 10 -9 -3 12 20 -2 -11 -8 17 -5 -19 -10 -7 -22 -21 25 -25 -17 28 -28 29 -27
right_child=1 2 3 16 -6 11 15 9 19 14 -12 -13 -14 -15 -16 23 -18 18 -20 22 21 -23 -24 24 -26 26 27 -29 -30 -31
leaf_value=-0.0013210643208709605 -0.0024784135714957956 0.0015697125807450599 0.0026857446290621981 0.0036542012849591515 -0.0017437284907367654 -0.0018908640939238931 -0.0022541826507252003 0.001605855934996681 -0.00081349134647456893 0.0065901645872781288 0.0047070577770947373 -0.0021093070755040908 -0.0023304847560918739 0.00010302457542606236 0.002811182615410059 0.0002779475044082205 0.010063161567168265 0.010264189352578354 0.0043870447046804031 0.00039660877857679473 0.0035920979072051754 8.2878701416388094e-05 0.0043661746522345541 0.0048558810004309238 -0.0017543893231833801 -0.0029841959902829848 0.0045668485567709471 -0.0012826364453233986 0.003800823850166619 0.0042515963886354449
leaf_weight=130464 8622 15441 17616 3546 11165 3628 4142 13346 15784 8426 10335 86338 11280 50121 5201 23482 4477 3823 2600 6752 5942 6321 3343 2024 8474 2263 6068 12481 19142 1574
leaf_count=130464 8622 15441 17616 3546 11165 3628 4142 13346 15784 8426 10335 86338 11280 50121 5201 23482 4477 3823 2600 6752 5942 6321 3343 2024 8474 2263 6068 12481 19142 1574
internal_value=-1.44009e-11 0.00160132 0.00250627 0.0048646 0.00166418 -0.000893619 -0.000455955 0.0021481 0.00149684 0.0033953 0.00282764 -0.00170377 -0.000415141 -0.000275866 0.00514785 0.000961064 0.00752159 0.00638019 0.00788515 0.000171331 0.000944438 0.00178326 0.00171115 0.00113744 -0.000479938 0.00139862 0.0020323 0.000630926 0.0031635 -1.59559e-05
internal_weight=504221 180598 121855 32062 89793 323623 210114 78628 51655 26973 25776 113509 27171 58743 13627 79650 14446 9969 6423 25879 15891 12263 10095 75508 10498 65010 41528 18549 22979 3837
internal_count=504221 180598 121855 32062 89793 323623 210114 78628 51655 26973 25776 113509 27171 58743 13627 79650 14446 9969 6423 25879 15891 12263 10095 75508 10498 65010 41528 18549 22979 3837
is_linear=0
shrinkage=0.05


Tree=41
num_leaves=31
num_cat=0
split_feature=0 1 0 1 1 1 1 1 0 1 0 1 1 0 1 1 0 1 1 0 1 1 0 0 0 0 0 1 1 0
split_gain=261.275 148.012 76.5794 38.6738 96.9141 33.4889 36.0262 32.8492 27.1927 25.6186 24.7052 25.6199 22.9936 41.4143 21.5063 24.722 19.1903 14.213 17.0463 16.9752 13.7282 23.734 13.293 13.1219 14.0147 13.0151 11.7572 9.55879 9.14478 9.03249
threshold=102.85000000000001 18.500000000000004 94.850000000000009 27.500000000000004 12.500000000000002 40.500000000000007 -5.4999999999999991 44.500000000000007 108.65000000000002 2.5000000000000004 77.15000000000002 52.500000000000007 20.500000000000004 82.550000000000011 23.500000000000004 31.500000000000004 71.250000000000014 -4.4999999999999991 -39.499999999999993 77.450000000000017 13.500000000000002 9.5000000000000018 41.550000000000004 58.350000000000001 71.250000000000014 110.25000000000001 64.050000000000011 -13.499999999999998 15.500000000000002 64.65000000000002
decision_type=2 2 2 2 2 2 2 2 2 2 2 2 2 2 2 2 2 2 2 2 2 2 2 2 2 2 2 2 2 2
left_child=2 9 3 4 17 6 -4 8 14 27 11 23 16 26 -3 -16 -6 18 -1 -19 21 -11 -20 -5 29 -22 -14 -2 -27 -25
right_child=1 7 5 10 12 -7 -8 -9 -10 20 -12 -13 13 -15 15 -17 -18 19 22 -21 25 -23 -24 24 -26 28 -28 -29 -30 -31
leaf_value=-0.00027357036343689473 -0.0023458530634860482 0.0030605311919654245 -0.00095642515367671947 -0.0026673096640598254 -0.0010337567806843369 -0.0020363057697560189 0.001245355328012772 -0.0044200665952909427 0.0096257719982246904 0.0014154392043334418 -0.0021620852984077922 -0.00209115355751569 -0.0015573786273655158 -0.0014771540997033179 0.0080936049416836797 0.0036706637857835778 0.0029529426061091573 -0.0018970429609291703 0.002226081725550751 7.864807166411435e-05 -0.00020397035895744682 0.0048323177700319159 -0.0020110060159859006 0.000244919717841342 -7.0766661906544989e-05 0.00013919569010350464 0.0035327532659934907 0.0003026636002416178 0.008877756192952271 0.0042746355908004135
leaf_weight=20912 4358 6998 23269 2264 3480 11425 92165 768 4443 13259 76443 13290 1319 13828 8615 4989 22763 15353 1902 37252 8702 8241 69167 1970 7367 509 8108 15607 727 4728
leaf_count=20912 4358 6998 23269 2264 3480 11425 92165 768 4443 13259 76443 13290 1319 13828 8615 4989 22763 15353 1902 37252 8702 8241 69167 1970 7367 509 8108 15607 727 4728
internal_value=8.28478e-13 0.00267652 -0.000484 -0.000919316 -0.000499753 0.000545947 0.000801524 0.00576569 0.00607803 0.00112524 -0.00168708 -0.000461143 0.00140983 0.000265031 0.00531293 0.00647158 0.00242428 -0.00115348 -0.00152838 -0.000497966 0.00201477 0.00272514 -0.00189761 0.000865506 0.00143417 0.000477966 0.00282056 -0.00027546 0.00527911 0.00308943
internal_weight=504221 77216 427005 300146 194084 126859 115434 25813 25045 51403 106062 29619 49498 23255 20602 13604 26243 144586 91981 52605 31438 21500 71069 16329 14065 9938 9427 19965 1236 6698
internal_count=504221 77216 427005 300146 194084 126859 115434 25813 25045 51403 106062 29619 49498 23255 20602 13604 26243 144586 91981 52605 31438 21500 71069 16329 14065 9938 9427 19965 1236 6698
is_linear=0
shrinkage=0.05


Tree=42
num_leaves=31
num_cat=0
split_feature=0 1 0 1 1 1 1 1 0 1 0 1 1 1 1 1 1 0 1 1 0 1 0 1 0 0 0 0 0 1
split_gain=235.801 133.581 69.1129 34.9031 87.465 30.2238 33.3636 29.6464 24.7483 23.2113 22.2964 23.305 22.1986 23.4066 23.9957 21.7828 20.9086 37.3217 17.9977 21.0245 17.8269 12.8272 15.6961 15.3843 12.7029 12.5533 12.1778 11.1966 11.4866 13.0594
threshold=102.85000000000001 18.500000000000004 94.850000000000009 27.500000000000004 12.500000000000002 40.500000000000007 4.5000000000000009 44.500000000000007 108.05000000000001 -3.4999999999999996 77.15000000000002 55.500000000000007 14.500000000000002 25.500000000000004 30.500000000000004 10.500000000000002 19.500000000000004 82.550000000000011 23.500000000000004 31.500000000000004 71.250000000000014 -4.4999999999999991 85.450000000000017 -39.499999999999993 99.65000000000002 59.550000000000004 49.250000000000007 60.550000000000004 71.250000000000014 45.500000000000007
decision_type=2 2 2 2 2 2 2 2 2 2 2 2 2 2 2 2 2 2 2 2 2 2 2 2 2 2 2 2 2 2
left_child=2 9 3 4 21 6 -4 8 18 -2 11 27 15 -14 24 -8 20 25 -3 -20 -6 23 -23 -1 -15 -18 -25 -5 29 -29
right_child=1 7 5 10 16 -7 12 -9 -10 -11 -12 -13 13 14 -16 -17 17 -19 19 -21 -22 22 -24 26 -26 -27 -28 28 -30 -31
leaf_value=-0.00025989173280179228 -0.00089238273445277252 0.0027768367519126341 -0.00034013402355440281 -0.0020552557935701434 -0.0011420078521136947 -0.0019344904949836113 0.0014489785618637769 -0.0041990632530845085 0.0086709794473106006 0.0016445443490049315 -0.0020539810452671536 -0.0021580642250845438 -0.00025930938929333107 0.0023365904685988073 0.00062034206317472269 0.004663052968069948 -0.0026754522276019859 -0.0011631228489669438 0.0075618166492929326 0.0033773325146191999 0.0029868964712159939 -0.0012629657537583489 0.00047128241297746939 0.0014082489077271189 0.0058876474464032999 0.0032011112039548291 -0.0019361399733575956 0.004207341505728943 -1.1065403506703201e-05 -0.00060882662621357094
leaf_weight=20912 11662 6498 43082 3044 3009 11425 13055 768 5696 39741 76443 11829 24699 6454 15172 8842 1002 15794 8072 4779 19927 28645 23960 2835 4130 9766 68234 4780 7971 1995
leaf_count=20912 11662 6498 43082 3044 3009 11425 13055 768 5696 39741 76443 11829 24699 6454 15172 8842 1002 15794 8072 4779 19927 28645 23960 2835 4130 9766 68234 4780 7971 1995
internal_value=5.26456e-12 0.0025427 -0.0004598 -0.00087335 -0.000474765 0.00051865 0.000761448 0.0054774 0.00577413 0.00106898 -0.00160272 -0.000438086 0.00141738 0.000840422 0.00189502 0.00274682 0.00133934 0.000384417 0.00492135 0.0060057 0.00244522 -0.00109581 -0.000473068 -0.00145196 0.00372225 0.00265428 -0.00180273 0.00070557 0.00127548 0.00278915
internal_weight=504221 77216 427005 300146 194084 126859 115434 25813 25045 51403 106062 29619 72352 50455 25756 21897 49498 26562 19349 12851 22936 144586 52605 91981 10584 10768 71069 17790 14746 6775
internal_count=504221 77216 427005 300146 194084 126859 115434 25813 25045 51403 106062 29619 72352 50455 25756 21897 49498 26562 19349 12851 22936 144586 52605 91981 10584 10768 71069 17790 14746 6775
is_linear=0
shrinkage=0.05


Tree=43
num_leaves=31
num_cat=0
split_feature=0 1 0 1 1 1 1 1 1 0 1 0 1 1 0 1 0 0 1 1 1 0 0 1 0 1 0 1 1 0
split_gain=213.087 93.4224 73.8873 56.4909 45.234 33.8243 76.4706 31.227 27.3944 21.9774 21.8321 17.5943 21.0273 16.0835 15.5514 15.399 14.1622 12.5051 17.1313 12.2163 11.7873 11.4519 11.1275 10.8482 22.9447 13.1187 22.0283 46.6878 17.3101 13.9951
threshold=96.350000000000009 4.5000000000000009 105.25000000000001 22.500000000000004 35.500000000000007 27.500000000000004 5.5000000000000009 25.500000000000004 15.500000000000002 100.25000000000001 19.500000000000004 76.250000000000014 54.500000000000007 -17.499999999999996 100.05000000000001 9.5000000000000018 64.050000000000011 110.25000000000001 16.500000000000004 13.500000000000002 44.500000000000007 62.45000000000001 71.250000000000014 24.500000000000004 77.750000000000014 12.500000000000002 88.450000000000017 15.500000000000002 13.500000000000002 88.450000000000017
decision_type=2 2 2 2 2 2 2 2 2 2 2 2 2 2 2 2 2 2 2 2 2 2 2 2 2 2 2 2 2 2
left_child=5 13 4 17 7 6 -1 8 15 -9 -10 12 21 -2 -12 -3 -8 -4 -19 -17 -5 -7 -23 25 -25 29 28 -28 -27 -18
right_child=1 2 3 20 -6 11 16 9 10 -11 14 -13 -14 -15 -16 19 23 18 -20 -21 -22 22 -24 24 -26 26 27 -29 -30 -31
leaf_value=-0.0011374475500696706 -0.0022566845590852305 0.001103761164377187 0.0022385189371206126 0.0076176716322300846 -0.0010611641638483484 -0.0016494928793650524 -0.0020179958199207071 0.0018920654369332921 -0.0016320936553724638 0.0051687134365396683 -0.00063784206262978277 -0.0018125303336084015 -0.0020045912185071221 8.120590472728695e-05 0.0026255148964568725 0.0044283429145788537 -0.00077982560741004332 0.0031860971299780385 0.010147396977769124 0.0014400504037732011 -0.0037383963011650961 0.0031017657175023161 8.8004430240124621e-05 0.0042763938987443574 -0.0016489750202081381 -0.0018016307234985916 0.00490640660130311 -0.00094292802800293959 0.0032041320930052252 0.0016855176301550476
leaf_weight=130464 8622 12935 17876 9732 15150 3628 4142 9834 10483 10670 6049 86338 11280 50121 9208 10358 13377 2960 1260 5106 234 5942 6321 2024 8474 1881 4506 14043 21098 10105
leaf_count=130464 8622 12935 17876 9732 15150 3628 4142 9834 10483 10670 6049 86338 11280 50121 9208 10358 13377 2960 1260 5106 234 5942 6321 2024 8474 1881 4506 14043 21098 10105
internal_value=-4.11221e-12 0.00137594 0.00216552 0.00422596 0.00142981 -0.000767847 -0.000392137 0.0019354 0.00130603 0.00359719 0.000124639 -0.00146332 -0.000353656 -0.000261938 0.00133168 0.0023768 0.000828657 0.00281645 0.00526459 0.00344165 0.00735103 0.000818237 0.00154831 0.000984811 -0.000506572 0.00122564 0.00175974 0.000478017 0.00279437 0.000281085
internal_weight=504221 180598 121855 32062 89793 323623 210114 74643 54139 20504 25740 113509 27171 58743 15257 28399 79650 22096 4220 15464 9966 15891 12263 75508 10498 65010 41528 18549 22979 23482
internal_count=504221 180598 121855 32062 89793 323623 210114 74643 54139 20504 25740 113509 27171 58743 15257 28399 79650 22096 4220 15464 9966 15891 12263 75508 10498 65010 41528 18549 22979 23482
is_linear=0
shrinkage=0.05


Tree=44
num_leaves=31
num_cat=0
split_feature=0 1 0 1 1 1 1 1 0 1 0 1 1 0 1 1 0 1 1 0 1 0 1 0 0 0 0 1 1 1
split_gain=193.136 110.501 57.0002 28.554 71.9525 26.4921 29.1334 24.8861 20.9556 19.3573 18.8294 19.1287 17.6392 31.6949 16.1129 19.3314 15.7306 12.1786 20.3098 11.0096 10.9208 18.8616 17.7415 11.288 10.4436 9.39107 8.13581 11.4176 7.65438 7.17061
threshold=102.85000000000001 18.500000000000004 94.65000000000002 27.500000000000004 12.500000000000002 40.500000000000007 -5.4999999999999991 44.500000000000007 108.65000000000002 2.5000000000000004 77.15000000000002 55.500000000000007 19.500000000000004 82.550000000000011 23.500000000000004 31.500000000000004 74.050000000000011 13.500000000000002 9.5000000000000018 112.15000000000002 -10.499999999999998 79.250000000000014 -39.499999999999993 51.750000000000007 59.550000000000004 58.350000000000001 71.65000000000002 45.500000000000007 -13.499999999999998 15.500000000000002
decision_type=2 2 2 2 2 2 2 2 2 2 2 2 2 2 2 2 2 2 2 2 2 2 2 2 2 2 2 2 2 2
left_child=2 9 3 4 20 6 -4 8 14 28 11 25 16 24 -3 -16 -6 18 -11 -19 22 -22 -1 -24 -14 -5 27 -27 -2 -21
right_child=1 7 5 10 12 -7 -8 -9 -10 17 -12 -13 13 -15 15 -17 -18 19 -20 29 21 -23 23 -25 -26 26 -28 -29 -30 -31
leaf_value=-0.00018813374037906496 -0.0021094373173878357 0.0026209471273050591 -0.00087255520788824883 -0.0022166863274645592 -0.00051864800237383455 -0.0017887786203823379 0.0010811241250612469 -0.0038952658430692587 0.0083566265416498454 0.0011915808397181093 -0.0018801590984670843 -0.0019507343792849021 -0.0024407798019116991 -0.0011129766504275147 0.0070077819229202006 0.0030966678788736323 0.0028713816269019775 -9.7276481360867434e-05 0.0043523808235831239 0.0008445393360619034 -0.0016667798334205773 6.2289222182664098e-05 0.0011829828399100475 -0.0020786322164826608 0.0029192843492566846 0.0034796570773819972 -6.9026711771691296e-05 -0.00070527358608719556 0.00026060661487555822 0.012865898171238763
leaf_weight=20906 4358 6998 23941 2471 4201 11920 94021 768 4443 13259 75448 11829 1002 15455 8615 4989 18454 9436 8241 224 24386 44652 2800 50434 9766 5484 7516 2319 15607 278
leaf_count=20906 4358 6998 23941 2471 4201 11920 94021 768 4443 13259 75448 11829 1002 15455 8615 4989 18454 9436 8241 224 24386 44652 2800 50434 9766 5484 7516 2319 15607 278
internal_value=-9.32958e-12 0.0023012 -0.000416129 -0.000798072 -0.000435532 0.000457618 0.000684615 0.00497035 0.00524221 0.000960829 -0.00146077 -0.00039247 0.00122085 0.000337986 0.00457056 0.00557346 0.00224276 0.00173405 0.00240312 0.000286576 -0.00100099 -0.000548463 -0.00142237 -0.00190708 0.00242051 0.000643658 0.00110504 0.00223592 -0.000256731 0.00750179
internal_weight=504221 77216 427005 297123 192056 129882 117962 25813 25045 51403 105067 29619 48878 26223 20602 13604 22655 31438 21500 9938 143178 69038 74140 53234 10768 17790 15319 7803 19965 502
internal_count=504221 77216 427005 297123 192056 129882 117962 25813 25045 51403 105067 29619 48878 26223 20602 13604 22655 31438 21500 9938 143178 69038 74140 53234 10768 17790 15319 7803 19965 502
is_linear=0
shrinkage=0.05


Tree=45
num_leaves=31
num_cat=0
split_feature=0 1 0 1 1 1 1 0 1 0 1 1 0 1 0 1 1 1 1 1 0 0 0 1 1 1 0 1 0 0
split_gain=174.305 99.7268 51.4427 25.77 64.9371 24.2563 30.7035 22.5272 17.5499 16.9935 17.2636 16.0356 29.1549 16.0319 14.1588 12.8776 12.6372 12.4162 30.828 21.7067 13.8659 10.3585 12.7382 13.6126 12.0332 10.0015 9.38074 9.24144 9.10569 8.76681
threshold=102.85000000000001 18.500000000000004 94.65000000000002 27.500000000000004 12.500000000000002 35.500000000000007 3.5000000000000004 106.25000000000001 -1.4999999999999998 77.15000000000002 55.500000000000007 20.500000000000004 82.850000000000009 38.500000000000007 71.250000000000014 24.500000000000004 29.500000000000004 14.500000000000002 25.500000000000004 10.500000000000002 100.25000000000001 41.550000000000004 88.050000000000011 -14.499999999999998 -37.499999999999993 -12.499999999999998 111.75000000000001 -20.499999999999996 99.050000000000011 109.85000000000001
decision_type=2 2 2 2 2 2 2 2 2 2 2 2 2 2 2 2 2 2 2 2 2 2 2 2 2 2 2 2 2 2
left_child=2 8 3 4 21 6 27 13 -2 10 -5 14 -13 15 -6 -3 -17 19 28 -8 -20 -1 24 -24 -23 -26 -9 -4 -19 -10
right_child=1 7 5 9 11 -7 17 26 29 -11 -12 12 -14 -15 -16 16 -18 18 20 -21 -22 22 23 -25 25 -27 -28 -29 -30 -31
leaf_value=0.0014072592466441861 -0.00059198224218165148 0.0021790693831192716 -0.0023346300839035207 0.0006114749568613666 -0.00095530074881924974 -0.0012451468168032094 0.0011303794638432324 0.0059995785394824676 0.0011731133777095266 -0.0017861511566268119 -0.0018531976942823593 0.0022872162688537022 -0.001321671132855224 -0.001237051910367992 0.0024723836291462523 0.0073702153093070698 0.0033587371020992601 -0.0012695753292480492 0.001455322312074552 0.0042174866374331821 0.0043185991883258413 -0.00022908148845648024 -0.0017273094314679749 0.00034111527041043001 -0.0022815507046611842 -0.0011412929171366474 0.011179146696196733 -7.7331912485450679e-05 0.00063262861883952117 0.0033930123251128558
leaf_weight=4510 14072 5501 5172 17790 3480 18438 15526 9881 32170 75448 11829 9665 13294 1617 22439 3867 3988 12304 13689 8992 6118 20008 11192 27496 32179 47793 959 36769 12874 5161
leaf_count=4510 14072 5501 5172 17790 3480 18438 15526 9881 32170 75448 11829 9665 13294 1617 22439 3867 3988 12304 13689 8992 6118 20008 11192 27496 32179 47793 959 36769 12874 5161
internal_value=-5.20793e-12 0.00218614 -0.000395322 -0.000758168 -0.000413756 0.000434737 0.000712667 0.00472183 0.000912788 -0.00138773 -0.000372846 0.00115981 0.000197554 0.00346504 0.00201217 0.00403432 0.00533358 0.00135736 0.000863993 0.00226258 0.00233973 -0.000950937 -0.00102763 -0.000257257 -0.00132574 -0.00160011 0.00645781 -0.000355693 -0.000296942 0.00148001
internal_weight=504221 77216 427005 297123 192056 129882 111444 25813 51403 105067 29619 48878 22959 14973 25919 13356 7855 69503 44985 24518 19807 143178 138668 38688 99980 79972 10840 41941 25178 37331
internal_count=504221 77216 427005 297123 192056 129882 111444 25813 51403 105067 29619 48878 22959 14973 25919 13356 7855 69503 44985 24518 19807 143178 138668 38688 99980 79972 10840 41941 25178 37331
is_linear=0
shrinkage=0.05


Tree=46
num_leaves=31
num_cat=0
split_feature=0 1 0 1 1 1 1 1 1 0 1 1 0 1 0 0 0 1 1 1 1 0 0 1 1 0 1 1 1 1
split_gain=157.31 90.2727 46.427 23.9455 23.2575 58.6057 22.5409 22.9304 21.679 15.4001 16.0899 14.5446 26.6131 13.255 18.4094 13.2257 13.1157 12.4837 10.2817 9.47269 9.88939 10.7022 9.29484 11.4872 9.01823 8.9485 8.8871 8.58508 8.56973 16.1813
threshold=102.85000000000001 21.500000000000004 94.65000000000002 43.500000000000007 27.500000000000004 12.500000000000002 44.500000000000007 -6.4999999999999991 7.5000000000000009 78.050000000000011 56.500000000000007 19.500000000000004 85.65000000000002 12.500000000000002 111.75000000000001 75.65000000000002 106.25000000000001 16.500000000000004 9.5000000000000018 1.5000000000000002 -48.499999999999993 49.250000000000007 85.450000000000017 10.500000000000002 16.500000000000004 60.550000000000004 -13.499999999999998 33.500000000000007 34.500000000000007 25.500000000000004
decision_type=2 2 2 2 2 2 2 2 2 2 2 2 2 2 2 2 2 2 2 2 2 2 2 2 2 2 2 2 2 2
left_child=2 8 4 16 5 19 7 -4 26 10 -6 15 -13 18 -15 17 27 -7 -10 20 -1 -22 23 -21 -16 -19 -2 -3 29 -9
right_child=1 3 6 -5 9 11 -8 28 13 -11 -12 12 -14 14 24 -17 -18 25 -20 22 21 -23 -24 -25 -26 -27 -28 -29 -30 -31
leaf_value=0.00015625224357559568 -0.0019743663019929363 0.004977741220955078 -0.00086771916285797871 -0.0030333162209762884 0.00046930056162184898 -0.0024005977862033758 -0.0021267084744099464 0.00073082557321622714 0.0015129360684078877 -0.0017204327603088231 -0.0018340976419967089 0.0018376393142820063 -0.0013500666036992172 0.00082720887974304974 0.003245686474973284 0.0026725875348593085 0.0068697539180656939 -0.004274623395568708 0.0047813530558545288 -0.00035276196014101801 0.0012128502466024534 -0.0014178261858708897 0.00073280789000128104 -0.0036044842410756779 0.012607995446438229 0.0041608789011284156 0.00047306010335498421 0.0017201038176227477 -0.00035421318682966635 0.0024051235766416692
leaf_weight=13125 4358 8755 22236 899 19928 2861 8186 69401 3951 72902 12237 13575 12648 16552 539 17656 7971 383 6154 15434 4036 91874 15413 3296 492 1755 24915 2630 11840 18219
leaf_count=13125 4358 8755 22236 899 19928 2861 8186 69401 3951 72902 12237 13575 12648 16552 539 17656 7971 383 6154 15434 4036 91874 15413 3296 492 1755 24915 2630 11840 18219
internal_value=8.15203e-12 0.00207683 -0.000375556 0.00494376 -0.00072026 -0.000393068 0.000413 0.000583836 0.00105737 -0.00131835 -0.000407015 0.00110182 0.00030013 0.00206034 0.00123099 0.00202976 0.00531426 -0.000240638 0.00350342 -0.00090339 -0.00113097 -0.00130712 -0.000176614 -0.000924982 0.00771344 0.00264975 0.000108701 0.00422521 0.000908356 0.00107897
internal_weight=504221 77216 427005 20255 297123 192056 129882 121696 56961 105067 32165 48878 26223 27688 17583 22655 19356 4999 10105 143178 109035 95910 34143 18730 1031 2138 29273 11385 99460 87620
internal_count=504221 77216 427005 20255 297123 192056 129882 121696 56961 105067 32165 48878 26223 27688 17583 22655 19356 4999 10105 143178 109035 95910 34143 18730 1031 2138 29273 11385 99460 87620
is_linear=0
shrinkage=0.05


Tree=47
num_leaves=31
num_cat=0
split_feature=0 1 0 1 1 1 1 0 1 1 1 1 0 1 1 1 1 1 0 0 1 0 0 1 0 1 0 0 0 1
split_gain=142.136 79.1565 44.0245 20.9458 52.6006 20.514 21.9501 17.9648 17.9313 16.8088 18.0425 17.6714 21.1766 15.1301 14.7475 16.2673 14.4135 13.8509 23.6935 13.6214 14.3346 11.4278 9.25052 12.217 10.8667 10.2699 9.15407 9.65998 8.78919 14.5448
threshold=103.15000000000002 18.500000000000004 94.850000000000009 27.500000000000004 12.500000000000002 44.500000000000007 4.5000000000000009 108.65000000000002 40.500000000000007 14.500000000000002 10.500000000000002 21.500000000000004 100.05000000000001 34.500000000000007 24.500000000000004 29.500000000000004 -7.4999999999999991 21.500000000000004 81.65000000000002 77.15000000000002 52.500000000000007 66.550000000000011 88.050000000000011 8.5000000000000018 41.550000000000004 -37.499999999999993 58.350000000000001 71.65000000000002 92.250000000000014 15.500000000000002
decision_type=2 2 2 2 2 2 2 2 2 2 2 2 2 2 2 2 2 2 2 2 2 2 2 2 2 2 2 2 2 2
left_child=2 16 3 4 22 6 -4 8 14 10 -8 -11 -13 -14 -3 -16 -2 21 -19 20 26 -6 24 -24 -1 -26 -5 -28 -23 -30
right_child=1 7 5 19 17 -7 9 -9 -10 11 -12 12 13 -15 15 -17 -18 18 -20 -21 -22 28 23 -25 25 -27 27 -29 29 -31
leaf_value=0.0013013737648725511 -0.0011551441986260005 0.0024559850156193001 -0.00031047700327071359 -0.0022919111938118917 -0.0016569382928457281 -0.0020467454907809792 0.0010692000651846883 0.0072441935975107487 -0.0021180679898681735 -0.00075796877974461689 0.0039343191356984849 0.00033036955294293618 0.0037028832509489393 -0.00010091998471625054 0.0073285588950113782 0.0034307667477627753 0.0012463198522774004 0.0022283611051856843 -0.0013261844830594269 -0.0015965350047774962 -0.0015527805302991476 0.0024196312081566957 -0.0005190566487072194 0.0022273909495389437 -0.00019455794915288795 -0.0014611581834211775 0.0024310665813109607 -0.0001897703720574245 0.0041038737526924883 -0.0018591755520047785
leaf_weight=4510 7363 7705 44514 2264 2305 7927 13670 4477 1227 16575 9188 25488 10472 3484 5205 5511 41269 7540 12395 76443 13290 22552 35526 4570 20008 79972 7103 6962 1502 3204
leaf_count=4510 7363 7705 44514 2264 2305 7927 13670 4477 1227 16575 9188 25488 10472 3484 5205 5511 41269 7540 12395 76443 13290 22552 35526 4570 20008 79972 7103 6962 1502 3204
internal_value=-1.15458e-11 0.00204431 -0.000344728 -0.000678801 -0.00037003 0.000418842 0.000577238 0.00438586 0.00373456 0.00107822 0.00222086 0.000611973 0.00118764 0.0027533 0.00412439 0.00532401 0.000882733 0.0010368 1.82486e-05 -0.00124383 -0.000333524 0.00172362 -0.000851646 -0.000206026 -0.00109939 -0.00120769 0.000658815 0.00113378 0.00200949 4.40331e-05
internal_weight=504221 72757 431464 300146 194084 131318 123391 24125 19648 78877 22858 56019 39444 13956 18421 10716 48632 49498 19935 106062 29619 29563 144586 40096 104490 99980 16329 14065 27258 4706
internal_count=504221 72757 431464 300146 194084 131318 123391 24125 19648 78877 22858 56019 39444 13956 18421 10716 48632 49498 19935 106062 29619 29563 144586 40096 104490 99980 16329 14065 27258 4706
is_linear=0
shrinkage=0.05


Tree=48
num_leaves=31
num_cat=0
split_feature=0 1 0 1 1 1 1 1 0 1 1 0 1 1 0 0 1 1 0 0 1 0 0 1 1 1 1 1 0 1
split_gain=128.278 71.6844 40.0371 25.4629 24.7888 18.5485 62.5689 17.9941 17.0352 15.708 14.717 15.1724 14.0907 12.4041 20.1362 11.5833 9.62243 8.33825 8.31252 11.6044 11.8886 8.25643 10.2184 15.1261 13.3716 9.2934 8.93847 9.35564 8.39347 7.22187
threshold=103.15000000000002 20.500000000000004 92.850000000000009 42.500000000000007 -7.4999999999999991 26.500000000000004 13.500000000000002 40.500000000000007 78.050000000000011 7.5000000000000009 12.500000000000002 112.55000000000001 56.500000000000007 21.500000000000004 82.550000000000011 66.550000000000011 16.500000000000004 10.500000000000002 63.250000000000007 71.250000000000014 45.500000000000007 41.550000000000004 84.65000000000002 -14.499999999999998 -37.499999999999993 11.500000000000002 10.500000000000002 -5.4999999999999991 74.050000000000011 37.500000000000007
decision_type=2 2 2 2 2 2 2 2 2 2 2 2 2 2 2 2 2 2 2 2 2 2 2 2 2 2 2 2 2 2
left_child=2 9 5 4 -4 6 21 -3 12 -2 17 -12 18 15 -15 -8 -13 -11 -7 20 -20 -1 24 -24 -23 -25 27 -26 -29 -21
right_child=1 7 3 -5 -6 8 13 -9 -10 10 11 16 -14 14 -16 -17 -18 -19 19 29 -22 22 23 25 26 -27 -28 28 -30 -31
leaf_value=0.0012087404893157184 0.00013672197107753205 0.0048307254019923926 -0.00090490571286576242 -0.0017232707088839306 0.00079400555071971676 -0.0014766294769558122 -0.0014294198906588914 -0.0012169549866796357 -0.0017115242850734671 0.0021710137711438773 0.00056523772788576144 0.003242961988460435 -0.0016645956053173653 0.0022447177386282998 -0.0015073202084811589 0.0024935667608189369 0.015738859607855666 0.0051629510169040847 0.0041366054956667392 -0.001501372428753368 -0.00066248652434138498 -0.00011769688631327628 -0.0017034604911057114 2.7182574450295724e-05 -0.001964699336679978 0.0032545972988911598 -0.0037250676990078545 -0.0018508119760322645 2.2808616012921485e-05 0.001162406709306181
leaf_weight=4532 27540 19232 26113 14228 120785 4322 2067 1314 65652 5661 14421 368 12237 6791 7553 20984 265 3956 4321 4642 1840 19186 13970 27681 36757 2426 4671 9835 15240 5631
leaf_count=4532 27540 19232 26113 14228 120785 4322 2067 1314 65652 5661 14421 368 12237 6791 7553 20984 265 3956 4321 4642 1840 19186 13970 27681 36757 2426 4671 9835 15240 5631
internal_value=-1.1625e-11 0.00194209 -0.000327492 0.000296386 0.000492002 -0.000699334 -0.000385405 0.00444395 -0.00124573 0.000957568 0.00187387 0.000897801 -0.000318862 0.00142344 0.000269039 0.00214179 0.00847426 0.00340176 0.000474535 0.000987674 0.00270334 -0.000889073 -0.000962338 -0.0003437 -0.00128056 0.000287245 -0.00161604 -0.00145671 -0.000712069 -4.12595e-05
internal_weight=504221 72757 431464 161126 146898 270338 171693 20546 98645 52211 24671 15054 32993 37395 14344 23051 633 9617 20756 16434 6161 134298 129766 44077 85689 30107 66503 61832 25075 10273
internal_count=504221 72757 431464 161126 146898 270338 171693 20546 98645 52211 24671 15054 32993 37395 14344 23051 633 9617 20756 16434 6161 134298 129766 44077 85689 30107 66503 61832 25075 10273
is_linear=0
shrinkage=0.05


Tree=49
num_leaves=31
num_cat=0
split_feature=0 1 0 1 1 1 1 1 1 1 0 1 1 0 0 0 1 0 1 0 0 1 1 1 1 0 1 0 1 0
split_gain=116.29 55.6845 44.1352 30.3367 28.2995 27.897 22.8183 18.466 43.2764 16.5932 13.8273 12.3072 11.4092 11.3441 10.173 10.0975 13.6297 12.3682 8.80318 8.63045 7.52625 7.22135 9.46781 7.20991 6.84933 16.7693 9.07701 27.9439 25.409 17.142
threshold=96.350000000000009 4.5000000000000009 105.55000000000001 18.500000000000004 34.500000000000007 25.500000000000004 15.500000000000002 27.500000000000004 2.5000000000000004 19.500000000000004 100.65000000000002 9.5000000000000018 -19.499999999999996 64.050000000000011 100.05000000000001 74.050000000000011 48.500000000000007 58.350000000000001 13.500000000000002 110.85000000000001 41.550000000000004 23.500000000000004 30.500000000000004 44.500000000000007 24.500000000000004 75.050000000000011 13.500000000000002 88.450000000000017 16.500000000000004 85.450000000000017
decision_type=2 2 2 2 2 2 2 2 2 2 2 2 2 2 2 2 2 2 2 2 2 2 2 2 2 2 2 2 2 2
left_child=7 12 4 -4 5 6 11 8 -1 -8 -7 -3 -2 20 -11 16 17 -9 -13 21 -10 -5 -23 -6 26 -26 29 -28 -29 -15
right_child=1 2 3 19 23 10 9 15 13 14 -12 18 -14 24 -16 -17 -18 -19 -20 -21 -22 22 -24 -25 25 -27 27 28 -30 -31
leaf_value=-0.0009099910052249938 -0.0021998208621986626 0.00077406796854741569 0.0018636576948258422 0.0030093425302713424 -1.9833293526239438e-06 0.001841331816947019 -0.0016347519899484236 -0.0023820677142537819 0.0028310342141277885 -0.00069756317892351869 0.0045123333838188737 0.0036600395404449205 7.2734095169062769e-07 -0.00090210082820366534 0.0019185381521423482 -0.0013122683809459073 -0.0013189176748882475 0.0019937416670126658 0.0011639388065388951 0.0085679930976281567 -0.0027136442942287333 0.0069915364890784527 0.0033056746293115371 -0.0021642111862666623 0.0044922331645981164 -0.001319925595120122 0.0025962398906295278 0.0030585936707008491 -0.0012942173484811038 0.0012719939940492517
leaf_weight=120245 6641 13337 16455 4406 10928 10016 10835 1988 724 6049 9386 10655 52102 16721 9635 91519 11399 8603 5284 1560 3957 4515 2837 5957 1438 9060 21098 4584 12481 19806
leaf_count=120245 6641 13337 16455 4406 10928 10016 10835 1988 724 6049 9386 10655 52102 16721 9635 91519 11399 8603 5284 1560 3957 4515 2837 5957 1438 9060 21098 4584 12481 19806
internal_value=2.02246e-12 0.00101647 0.00162606 0.00329952 0.00108497 0.00150033 0.000932426 -0.00056724 -0.000289637 -0.000129982 0.00313347 0.00189478 -0.000248049 0.000540399 0.000909561 -0.00108111 -0.000119042 0.00117237 0.00283255 0.0050736 -0.00185606 0.00460998 0.00556923 -0.000764814 0.000672082 -0.000523785 0.000840166 0.00137942 -0.000124965 0.000276757
internal_weight=504221 180598 121855 29773 92082 75197 55795 323623 210114 26519 19402 29276 58743 89869 15684 113509 21990 10591 15939 13318 4681 11758 7352 16885 85188 10498 74690 38163 17065 36527
internal_count=504221 180598 121855 29773 92082 75197 55795 323623 210114 26519 19402 29276 58743 89869 15684 113509 21990 10591 15939 13318 4681 11758 7352 16885 85188 10498 74690 38163 17065 36527
is_linear=0
shrinkage=0.05


Tree=50
num_leaves=31
num_cat=0
split_feature=0 1 0 1 1 1 1 0 1 0 1 1 0 0 1 1 1 1 1 1 0 1 1 1 0 0 1 1 1 0
split_gain=104.958 59.1105 33.5167 21.4072 22.1494 15.3251 56.4226 16.9755 15.0429 13.4374 13.0549 11.5712 10.3453 14.8487 28.4757 8.88017 20.6393 28.2968 12.4117 12.3841 11.7433 8.74735 18.2238 8.73409 8.68229 8.33023 11.509 14.094 10.4728 8.11137
threshold=103.15000000000002 18.500000000000004 92.850000000000009 38.500000000000007 -9.4999999999999982 25.500000000000004 13.500000000000002 78.050000000000011 47.500000000000007 108.05000000000001 56.500000000000007 -7.4999999999999991 65.950000000000017 85.65000000000002 17.500000000000004 25.500000000000004 16.500000000000004 9.5000000000000018 32.500000000000007 13.500000000000002 98.450000000000017 24.500000000000004 29.500000000000004 19.500000000000004 100.05000000000001 109.85000000000001 15.500000000000002 9.5000000000000018 12.500000000000002 64.050000000000011
decision_type=2 2 2 2 2 2 2 2 2 2 2 2 2 2 2 2 2 2 2 2 2 2 2 2 2 2 2 2 2 2
left_child=2 11 5 4 -4 6 -1 10 9 21 29 -2 -8 -14 -15 16 17 -6 20 -19 -17 -3 -23 -18 -25 26 27 -13 -29 -7
right_child=1 8 3 -5 15 7 12 -9 -10 -11 -12 25 13 14 -16 18 23 19 -20 -21 -22 22 -24 24 -26 -27 -28 28 -30 -31
leaf_value=-0.00080808870613906843 -0.0010729832250665878 0.0019058451970488254 -0.00095697382622266728 -0.0012672324391543432 0.0003123133197624337 -0.0012707363055072321 -0.0014025588594479951 -0.0015802456840802309 -0.0058110380510507688 0.0060523783398624305 -0.0015155229192734608 0.00041364297548277521 0.0026875429043726386 0.0037135787376072755 -0.001072970558270638 0.001121610342436432 -0.0020381771792573828 0.0037284673613185862 0.00024688974460575013 0.0011360330399823296 0.0036844709026862595 0.0064372117815603147 0.0023242621211266331 -0.00087853009360800241 0.0015197468301549272 0.0028458842875634187 -0.0014758537620553648 0.0043288250478951198 0.0010682126928208372 0.001046679380408218
leaf_weight=134298 7363 7100 22279 19753 45656 4868 2896 67565 402 5726 12237 20848 17593 4639 9410 9417 8264 10743 11745 8065 8508 4867 6030 10933 5763 5741 4829 4956 4895 16832
leaf_count=134298 7363 7100 22279 19753 45656 4868 2896 67565 402 5726 12237 20848 17593 4639 9410 9417 8264 10743 11745 8065 8508 4867 6030 10933 5763 5741 4829 4956 4895 16832
internal_value=-1.01568e-11 0.00175672 -0.000296233 0.000274587 0.000490015 -0.000636451 -0.000344559 -0.00112198 0.00378017 0.0039427 -0.000209615 0.000752943 0.00145784 0.00171963 0.000507555 0.000760704 0.000512008 0.000984674 0.00151026 0.00261681 0.00233806 0.00327147 0.00416126 -0.000708741 -5.07109e-05 0.00107872 0.000793157 0.00115008 0.00270861 0.000526809
internal_weight=504221 72757 431464 161126 141373 270338 168836 101502 24125 23723 33937 48632 34538 31642 14049 119094 89424 64464 29670 18808 17925 17997 10897 24960 16696 41269 35528 30699 9851 21700
internal_count=504221 72757 431464 161126 141373 270338 168836 101502 24125 23723 33937 48632 34538 31642 14049 119094 89424 64464 29670 18808 17925 17997 10897 24960 16696 41269 35528 30699 9851 21700
is_linear=0
shrinkage=0.05


Tree=51
num_leaves=31
num_cat=0
split_feature=0 1 0 1 1 1 1 1 0 1 1 0 1 0 0 1 0 1 1 0 0 1 1 1 1 1 0 1 0 0
split_gain=94.7248 53.5358 30.2489 19.32 20.0299 15.1975 13.8309 50.9214 15.3607 12.946 12.9432 11.3907 9.36453 9.34144 11.9599 21.372 9.29365 10.5735 9.1824 8.19177 8.12161 7.52008 19.7683 24.1295 11.2216 11.1766 9.78186 7.88252 7.83577 7.41453
threshold=103.15000000000002 21.500000000000004 92.850000000000009 38.500000000000007 -7.4999999999999991 31.500000000000004 25.500000000000004 13.500000000000002 76.250000000000014 48.500000000000007 2.5000000000000004 55.45000000000001 47.500000000000007 61.550000000000004 87.250000000000014 17.500000000000004 112.55000000000001 16.500000000000004 24.500000000000004 71.250000000000014 64.65000000000002 25.500000000000004 16.500000000000004 9.5000000000000018 30.500000000000004 13.500000000000002 99.65000000000002 19.500000000000004 100.05000000000001 41.550000000000004
decision_type=2 2 2 2 2 2 2 2 2 2 2 2 2 2 2 2 2 2 2 2 2 2 2 2 2 2 2 2 2 2
left_child=2 10 6 4 -4 18 7 29 9 11 -2 -8 -7 -9 -15 -16 -12 -18 -3 20 -13 22 23 -6 26 -25 -23 -24 -29 -1
right_child=1 5 3 -5 21 12 8 13 -10 -11 16 19 -14 14 15 -17 17 -19 -20 -21 -22 24 27 25 -26 -27 -28 28 -30 -31
leaf_value=0.0012202982905847723 -0.00019517940385939473 0.0031483435316817729 -0.00078485104884974146 -0.0012038708056697012 0.00032964575071992155 0.0023876796368770001 -0.0029612650460161235 -0.0021384647976389918 -0.0014518685877455751 -0.0011705134003160125 0.0012685819944398937 0.00025494089917131422 -0.0055204862011689233 0.0022783328462367696 0.0033474074028809714 -0.0012406259059785727 0.0029832400316777436 0.013237991393789235 0.0059126062703768953 9.5264547824413221e-05 0.0038443516812143226 0.0015373750134642476 -0.0019362684355513169 0.0035420440371799079 0.00056671924749651214 0.0010792313731562461 0.0044077011361873027 -0.000834603600533144 0.0014437595802179418 -0.00083711334400706427
leaf_weight=4532 18728 4706 26113 19753 41822 5442 1648 1784 72824 14039 33804 2398 402 21282 3791 7681 1035 332 8308 5996 4597 8635 8264 10743 16512 8065 4523 10933 5763 129766
leaf_count=4532 18728 4706 26113 19753 41822 5442 1648 1784 72824 14039 33804 2398 402 21282 3791 7681 1035 332 8308 5996 4597 8635 8264 10743 16512 8065 4523 10933 5763 129766
internal_value=1.13065e-11 0.00166888 -0.000281421 0.000260858 0.000465514 0.00396185 -0.000604629 -0.000327331 -0.00106588 -8.5709e-05 0.00086663 0.000954633 0.00184369 0.00138495 0.00157685 0.000275521 0.00143203 0.00547379 0.00491302 0.00145139 0.00261384 0.000748793 0.000511006 0.000998559 0.00143475 0.00248597 0.00252404 -0.000673304 -4.81753e-05 -0.000767684
internal_weight=504221 72757 431464 161126 141373 18858 270338 168836 101502 28678 53899 14639 5844 34538 32754 11472 35171 1367 13014 12991 6995 115260 85590 60630 29670 18808 13158 24960 16696 134298
internal_count=504221 72757 431464 161126 141373 18858 270338 168836 101502 28678 53899 14639 5844 34538 32754 11472 35171 1367 13014 12991 6995 115260 85590 60630 29670 18808 13158 24960 16696 134298
is_linear=0
shrinkage=0.05


Tree=52
num_leaves=31
num_cat=0
split_feature=0 1 0 1 1 1 1 0 0 1 1 1 1 0 0 1 1 1 0 1 1 1 0 0 1 1 1 1 1 0
split_gain=85.6339 47.2428 28.4219 18.3373 17.9717 12.4824 45.9565 13.9922 12.4639 10.9799 10.0703 9.99712 13.4778 8.71931 12.3636 23.6258 8.45408 7.27928 6.86045 9.66705 11.3467 10.3388 6.69161 8.59281 13.0411 12.0307 8.04041 8.02071 8.50502 7.477
threshold=103.45000000000002 18.500000000000004 92.850000000000009 42.500000000000007 -11.499999999999998 25.500000000000004 13.500000000000002 78.050000000000011 107.45000000000002 57.500000000000007 -7.4999999999999991 35.500000000000007 24.500000000000004 65.950000000000017 85.65000000000002 17.500000000000004 28.500000000000004 14.500000000000002 109.85000000000001 15.500000000000002 9.5000000000000018 12.500000000000002 41.550000000000004 84.65000000000002 -14.499999999999998 -37.499999999999993 11.500000000000002 10.500000000000002 -5.4999999999999991 74.050000000000011
decision_type=2 2 2 2 2 2 2 2 2 2 2 2 2 2 2 2 2 2 2 2 2 2 2 2 2 2 2 2 2 2
left_child=2 10 5 4 -4 6 22 9 11 -7 -2 12 -3 -8 17 -16 -14 -15 19 20 -12 -22 -1 25 -25 -24 -26 28 -27 -30
right_child=1 8 3 -5 -6 7 13 -9 -10 -11 18 -13 16 14 15 -17 -18 -19 -20 -21 21 -23 23 24 26 27 -28 -29 29 -31
leaf_value=0.0011592834243437462 -0.0010514921541484063 0.0014945585979231858 -0.001015367087948318 -0.0014528705304738083 0.00062741637886988512 0.00046711945241299481 -0.0013103053636221186 -0.0014286399729453259 0.0052291474598306301 -0.0014260013075015048 0.00040924538727882102 -0.00028290524773324919 0.006522092111501925 -0.00086683975257111729 0.0033703006433387674 -0.0009896194992248487 0.0030746346464421048 0.0027521262217195769 0.0026266181160155815 -0.0013888950195090476 0.0041817360619307202 0.00084809495005202953 1.5947555356759865e-05 -0.0014905277131633326 0.00011599459353478968 -0.0017387048408933745 0.0031179661365411718 -0.003403110861669795 -0.0016191539552818414 0.00014922201354789923
leaf_weight=4532 6824 5953 19053 14307 131906 22260 2896 67565 7200 11677 19562 2363 3397 1521 4639 9410 3732 16072 5741 4541 4695 4609 19186 13970 27681 36757 2426 4671 9835 15240
leaf_count=4532 6824 5953 19053 14307 131906 22260 2896 67565 7200 11677 19562 2363 3397 1521 4639 9410 3732 16072 5741 4541 4695 4609 19186 13970 27681 36757 2426 4671 9835 15240
internal_value=-5.63329e-12 0.00164177 -0.000258614 0.000257936 0.000420076 -0.000574397 -0.000310964 -0.00101258 0.00351109 -0.000184263 0.000720979 0.00271018 0.00325082 0.0013157 0.00155604 0.000450032 0.00471736 0.00243925 0.00102994 0.000755554 0.0010929 0.00253032 -0.0007293 -0.000795258 -0.000227957 -0.00108707 0.000357891 -0.00140529 -0.00125436 -0.000544376
internal_weight=504221 68617 435604 165266 150959 270338 168836 101502 22645 33937 45972 15445 13082 34538 31642 14049 7129 17593 39148 33407 28866 9304 134298 129766 44077 85689 30107 66503 61832 25075
internal_count=504221 68617 435604 165266 150959 270338 168836 101502 22645 33937 45972 15445 13082 34538 31642 14049 7129 17593 39148 33407 28866 9304 134298 129766 44077 85689 30107 66503 61832 25075
is_linear=0
shrinkage=0.05


Tree=53
num_leaves=31
num_cat=0
split_feature=0 1 0 1 1 1 1 1 1 1 0 1 1 0 1 0 0 1 0 0 0 1 1 0 0 1 0 1 0 1
split_gain=77.4632 39.3915 30.8803 21.346 20.0311 20.4854 17.5463 13.0551 12.3708 30.4955 9.93493 9.55893 9.22398 8.96013 8.94417 8.38625 7.20313 10.8023 11.4477 7.06988 6.56603 6.20758 7.8919 10.0514 8.88861 5.40538 13.6939 5.25738 11.2201 17.531
threshold=96.350000000000009 4.5000000000000009 105.55000000000001 22.500000000000004 34.500000000000007 25.500000000000004 15.500000000000002 20.500000000000004 27.500000000000004 2.5000000000000004 100.65000000000002 10.500000000000002 13.500000000000002 99.950000000000017 -21.499999999999996 64.050000000000011 73.250000000000014 46.500000000000007 55.45000000000001 115.45000000000002 41.550000000000004 -48.499999999999993 -12.499999999999998 60.550000000000004 80.15000000000002 24.500000000000004 75.050000000000011 12.500000000000002 91.450000000000017 15.500000000000002
decision_type=2 2 2 2 2 2 2 2 2 2 2 2 2 2 2 2 2 2 2 2 2 2 2 2 2 2 2 2 2 2
left_child=8 14 4 19 5 6 11 -8 9 21 -7 -3 -13 -9 -2 20 17 18 -10 -4 -11 -1 23 -23 -24 27 -27 -17 -29 -30
right_child=1 2 3 -5 -6 10 7 13 16 15 -12 12 -14 -15 -16 25 -18 -19 -20 -21 -22 22 24 -25 -26 26 -28 28 29 -31
leaf_value=0.00026859600664245526 -0.0022400585493444224 0.00076921497615837619 0.001755972632749648 0.0047585690682059702 -0.00066655591780762167 0.0015433711980111725 -0.0012620802581163775 -0.00073607284713362892 -0.0029431833250895744 0.0027784408754489044 0.0038074321915714717 0.0036469650701216726 0.0009593979016659862 0.0019795867474766637 -4.4203649435197138e-05 0.00025413130062208923 -0.0010693954172578009 -0.0010569595776221883 0.0020236020957577587 0.010648184393087519 -0.002400469595257128 0.00050136058964417817 -0.0013235433241484331 -0.0015132270034010275 9.3179800113647032e-05 0.0040446752060582973 -0.0012075576013690129 0.0016365418928606244 0.0031787891346666272 -0.0012112336092792613
leaf_weight=13153 5076 15926 20438 9109 16885 10016 13579 4871 1369 724 9386 8066 5284 8069 53667 33162 93216 11320 7604 226 3957 7034 17159 51692 31207 1438 9060 29067 2993 9468
leaf_count=13153 5076 15926 20438 9109 16885 10016 13579 4871 1369 724 9386 8066 5284 8069 53667 33162 93216 11320 7604 226 3957 7034 17159 51692 31207 1438 9060 29067 2993 9468
internal_value=-3.15674e-12 0.000829603 0.00134231 0.00274211 0.000889714 0.00123916 0.000752513 -0.000179114 -0.000462961 -0.000235745 0.00263864 0.00159641 0.00258321 0.000957332 -0.000233948 0.000461024 -0.000883554 -2.98886e-05 0.00126583 0.00185323 -0.00159946 -0.000756498 -0.0008824 -0.00127193 -0.000409437 0.000574245 -0.000488115 0.000723564 0.00109843 -0.000156797
internal_weight=504221 180598 121855 29773 92082 75197 55795 26519 323623 210114 19402 29276 13350 12940 58743 89869 113509 20293 8973 20664 4681 120245 107092 58726 48366 85188 10498 74690 41528 12461
internal_count=504221 180598 121855 29773 92082 75197 55795 26519 323623 210114 19402 29276 13350 12940 58743 89869 113509 20293 8973 20664 4681 120245 107092 58726 48366 85188 10498 74690 41528 12461
is_linear=0
shrinkage=0.05


Tree=54
num_leaves=31
num_cat=0
split_feature=0 1 0 1 1 0 1 1 1 0 1 1 1 1 1 1 1 0 0 0 1 1 1 0 0 1 0 1 1 1
split_gain=70.0916 39.1579 23.9226 15.5681 15.3657 11.0815 10.4423 10.2586 38.0329 11.8203 9.28738 8.41591 8.40527 10.7469 8.30059 18.1708 17.9896 17.2438 7.49978 9.34401 13.7249 7.1623 6.84997 6.44828 8.55421 9.47434 5.99659 8.86579 10.1211 7.91158
threshold=103.45000000000002 18.500000000000004 92.850000000000009 42.500000000000007 1.0000000180025095e-35 108.65000000000002 40.500000000000007 25.500000000000004 13.500000000000002 78.050000000000011 57.500000000000007 -7.4999999999999991 24.500000000000004 29.500000000000004 15.500000000000002 21.500000000000004 9.5000000000000018 99.850000000000009 58.350000000000001 88.450000000000017 17.500000000000004 33.500000000000007 -20.499999999999996 64.050000000000011 70.850000000000009 46.500000000000007 109.05000000000001 15.500000000000002 9.5000000000000018 12.500000000000002
decision_type=2 2 2 2 2 2 2 2 2 2 2 2 2 2 2 2 2 2 2 2 2 2 2 2 2 2 2 2 2 2
left_child=2 11 7 4 22 6 12 8 -1 10 23 -2 -3 -14 16 -16 -6 -17 -10 -20 -21 -19 -4 -9 25 -25 27 28 -13 -30
right_child=1 5 3 -5 14 -7 -8 9 18 -11 -12 26 13 -15 15 17 -18 21 19 20 -22 -23 -24 24 -26 -27 -28 -29 29 -31
leaf_value=-0.00066543265293871046 -0.00097332965279083191 0.0016475640663423732 -0.0018014106459176731 -0.0013364107884273144 0.0004128207676610718 0.0054153343944365086 -0.0020587542027228323 -0.001144093840529376 -0.0025055548765936311 -0.0013033295385106551 -0.0013016284260236209 0.00028693102662892187 0.0055716151799166964 0.0022669414889818461 -0.0010191652716195702 0.00020602493213546071 0.002544759972791463 0.0028946607842716809 0.0018644130103711615 0.0027440428258402746 -0.0013465900311740138 0.00047850874288028869 -0.00011491246705623523 0.0037372104415475367 0.00010909250628839927 -0.00076955584711633346 0.0021551531603471079 -0.0015126437788289151 0.0038553452784796001 0.00082506720205925742
leaf_weight=134298 6824 7214 7149 14307 24458 4477 1111 4988 1317 67565 11677 18353 4847 4996 17321 31738 16618 11314 23923 3053 6245 4208 38153 4143 11506 1623 7952 4225 4377 4241
leaf_count=134298 6824 7214 7149 14307 24458 4477 1111 4988 1317 67565 11677 18353 4847 4996 17321 31738 16618 11314 23923 3053 6245 4208 38153 4143 11506 1623 7952 4225 4377 4241
internal_value=6.70816e-12 0.00148533 -0.000233971 0.000239932 0.000389329 0.00318719 0.00263813 -0.000523683 -0.000284866 -0.000920926 -0.000159601 0.000647021 0.00294406 0.00389427 0.000719642 0.000366201 0.00127533 0.000873944 0.00119493 0.00134164 -3.42998e-06 0.00223964 -0.000381055 0.000439477 0.000896798 0.00246866 0.000929469 0.000617037 0.000950651 0.00236412
internal_weight=504221 68617 435604 165266 150959 22645 18168 270338 168836 101502 33937 45972 17057 9843 105657 64581 41076 47260 34538 33221 9298 15522 45302 22260 17272 5766 39148 31196 26971 8618
internal_count=504221 68617 435604 165266 150959 22645 18168 270338 168836 101502 33937 45972 17057 9843 105657 64581 41076 47260 34538 33221 9298 15522 45302 22260 17272 5766 39148 31196 26971 8618
is_linear=0
shrinkage=0.05


Tree=55
num_leaves=31
num_cat=0
split_feature=0 1 0 1 1 1 0 1 1 0 1 0 1 1 1 1 1 0 1 1 1 0 0 1 0 1 0 0 1 0
split_gain=63.2577 35.4698 21.5901 14.0502 13.8675 11.3276 9.92201 9.2584 34.3246 10.6813 8.99532 8.89188 8.66284 7.66435 21.0265 14.3185 13.8833 8.41158 7.4285 7.1683 7.01555 6.84513 10.1284 19.5616 6.69333 6.59172 6.41695 6.40744 6.18209 5.85283
threshold=103.45000000000002 21.500000000000004 92.850000000000009 42.500000000000007 1.0000000180025095e-35 31.500000000000004 111.75000000000001 25.500000000000004 13.500000000000002 76.250000000000014 48.500000000000007 55.45000000000001 16.500000000000004 14.500000000000002 10.500000000000002 25.500000000000004 32.500000000000007 98.450000000000017 -7.4999999999999991 47.500000000000007 24.500000000000004 65.950000000000017 85.65000000000002 17.500000000000004 99.050000000000011 14.500000000000002 71.250000000000014 64.65000000000002 -20.499999999999996 35.850000000000001
decision_type=2 2 2 2 2 2 2 2 2 2 2 2 2 2 2 2 2 2 2 2 2 2 2 2 2 2 2 2 2 2
left_child=2 6 7 4 28 20 18 8 29 10 11 -9 -8 14 -6 24 17 -17 -2 -7 -3 -10 25 -24 -15 -23 27 -13 -4 -1
right_child=1 5 3 -5 13 19 12 9 21 -11 -12 26 -14 15 -16 16 -18 -19 -20 -21 -22 22 23 -25 -26 -27 -28 -29 -30 -31
leaf_value=0.0016253462330975258 -0.00096374995995401631 0.0026027293846330279 -0.001711340140405944 -0.0012695902526786162 0.00050183093201559305 0.0019163151449076204 0.0023557313450690465 -0.0026501582418364989 -0.0011915373979959618 -0.0011967507722550118 -0.00096178671293503562 0.00018218480535255461 0.0097136293468024146 -0.0011084959337744327 0.0030900910825691834 0.00096084134542642665 4.1133149523506777e-05 0.0030999720521628568 0.00082791308471840102 -0.0053067677063731167 0.0050791341616319022 -0.00099854544809309777 0.0030043350636995616 -0.00096290039383547979 0.00035259430090185846 0.0024452696083109614 4.8304817342641909e-05 0.0033703755374413571 -0.00010916687164627404 -0.00068042320707161971
leaf_weight=2811 6720 4507 7149 14307 27159 4968 2140 1648 2896 72824 14039 2398 492 16549 11035 9417 17629 8976 41595 369 7826 1521 4639 9410 14892 16072 5996 4597 38153 131487
leaf_count=2811 6720 4507 7149 14307 27159 4968 2140 1648 2896 72824 14039 2398 492 16549 11035 9417 17629 8976 41595 369 7826 1521 4639 9410 14892 16072 5996 4597 38153 131487
internal_value=3.20785e-12 0.00141106 -0.000222273 0.000227936 0.000369862 0.00334136 0.000741575 -0.000497499 -0.000270623 -0.00087488 -5.75303e-05 0.000809664 0.00373114 0.00068366 0.00124963 0.000363237 0.00104377 0.00200476 0.000578716 0.00141691 0.00417415 0.00113519 0.00134814 0.000347086 -0.000416452 0.00214754 0.00124857 0.00227741 -0.000362002 -0.000632161
internal_weight=504221 68617 435604 165266 150959 17670 50947 270338 168836 101502 28678 14639 2632 105657 38194 67463 36022 18393 48315 5337 12333 34538 31642 14049 31441 17593 12991 6995 45302 134298
internal_count=504221 68617 435604 165266 150959 17670 50947 270338 168836 101502 28678 14639 2632 105657 38194 67463 36022 18393 48315 5337 12333 34538 31642 14049 31441 17593 12991 6995 45302 134298
is_linear=0
shrinkage=0.05


Tree=56
num_leaves=31
num_cat=0
split_feature=0 1 0 1 1 0 1 1 0 1 1 1 1 1 0 1 0 1 1 1 1 0 0 1 1 1 0 1 1 1
split_gain=57.7885 32.3859 23.4966 15.0868 17.8139 9.3436 8.35571 30.978 9.80423 7.60071 7.58814 6.84017 21.4701 15.1235 11.4879 7.69677 7.70937 7.61914 6.78409 6.506 6.37526 6.32798 7.85731 11.1545 6.3245 6.74174 5.79315 10.7218 10.1964 7.24576
threshold=104.95000000000002 17.500000000000004 92.850000000000009 39.500000000000007 1.5000000000000002 111.45000000000002 25.500000000000004 13.500000000000002 79.250000000000014 57.500000000000007 45.500000000000007 25.500000000000004 15.500000000000002 10.500000000000002 100.55000000000001 19.500000000000004 100.05000000000001 13.500000000000002 31.500000000000004 -11.499999999999998 -20.499999999999996 58.350000000000001 88.450000000000017 17.500000000000004 23.500000000000004 30.500000000000004 84.65000000000002 -14.499999999999998 10.500000000000002 -39.499999999999993
decision_type=2 2 2 2 2 2 2 2 2 2 2 2 2 2 2 2 2 2 2 2 2 2 2 2 2 2 2 2 2 2
left_child=2 19 6 4 20 10 7 26 9 -8 24 12 13 -6 -13 -14 -17 -15 -16 -2 -4 -9 -23 -24 -3 -26 28 -28 29 -1
right_child=1 5 3 -5 11 -7 8 21 -10 -11 -12 14 15 17 18 16 -18 -19 -20 -21 -22 22 23 -25 25 -27 27 -29 -30 -31
leaf_value=0.00014025992986498457 -0.0014948949178940627 0.0020106416850456084 -0.0016738146310219363 -0.0010729356528359861 0.00052585377411119502 0.0074706703105767913 0.00031947261416411535 -0.002320700297775645 -0.0012088835908089166 -0.001177529038428638 -0.0059370505377585757 0.00071695088759879519 -0.001401682715199061 0.0033188159037165601 0.0037347966720574707 -0.00072455233058202285 0.0012685903740413164 0.0011003999036555514 0.0012913655602496599 0.00092678080476305826 -0.00011847173572938563 0.0016925704426471262 0.0024566239726351233 -0.001231115623545036 0.005129023468253207 0.0022972877284534367 -0.0012755344386239861 0.00040048217240261748 -0.0030873624881422972 -0.00095564785692908629
leaf_weight=19557 3068 6537 7713 19074 28647 1299 24823 1317 63801 12878 231 23801 13183 9753 6352 10933 8722 6417 5139 28889 45190 23923 3053 6245 5553 3382 13970 30107 4740 65924
leaf_count=19557 3068 6537 7713 19074 28647 1299 24823 1317 63801 12878 231 23801 13183 9753 6352 10933 8722 6417 5139 28889 45190 23923 3053 6245 5553 3382 13970 30107 4740 65924
internal_value=-6.79372e-12 0.00163228 -0.000175536 0.000258773 0.00041193 0.00339533 -0.000472624 -0.000257092 -0.000831136 -0.000191877 0.00305821 0.000766576 0.000504263 0.00121592 0.00134376 -0.000466998 0.000159914 0.00243845 0.00264205 0.00069429 -0.000345233 0.00107843 0.00121318 -2.02457e-05 0.00319251 0.00405718 -0.000600553 -0.000130723 -0.000830086 -0.000704918
internal_weight=504221 48959 455262 184924 165850 17002 270338 168836 101502 37701 15703 112947 77655 44817 35292 32838 19655 16170 11491 31957 52903 34538 33221 9298 15472 8935 134298 44077 90221 85481
internal_count=504221 48959 455262 184924 165850 17002 270338 168836 101502 37701 15703 112947 77655 44817 35292 32838 19655 16170 11491 31957 52903 34538 33221 9298 15472 8935 134298 44077 90221 85481
is_linear=0
shrinkage=0.05


Tree=57
num_leaves=31
num_cat=0
split_feature=0 1 0 1 1 1 1 0 1 0 1 1 0 1 0 1 1 1 0 0 1 1 1 1 0 0 1 1 0 0
split_gain=52.2139 28.2125 21.9846 13.8335 16.8595 8.35001 19.8721 18.5564 13.4311 8.01664 7.54102 27.9576 8.8893 7.9515 8.98394 6.53119 6.34516 6.84471 5.84392 8.54515 16.5285 5.94903 5.7893 5.39774 5.38555 5.46175 5.2766 5.84607 5.27602 6.42402
threshold=105.25000000000001 17.500000000000004 92.850000000000009 39.500000000000007 4.5000000000000009 14.500000000000002 21.500000000000004 100.05000000000001 10.500000000000002 111.45000000000002 25.500000000000004 13.500000000000002 75.65000000000002 46.500000000000007 55.45000000000001 -20.499999999999996 23.500000000000004 30.500000000000004 65.950000000000017 85.65000000000002 17.500000000000004 14.500000000000002 31.500000000000004 -11.499999999999998 71.250000000000014 64.65000000000002 37.500000000000007 30.500000000000004 35.850000000000001 84.65000000000002
decision_type=2 2 2 2 2 2 2 2 2 2 2 2 2 2 2 2 2 2 2 2 2 2 2 2 2 2 2 2 2 2
left_child=2 23 10 4 15 8 -7 -8 -6 16 11 28 13 14 -12 -4 -3 -18 -13 21 -21 -20 -9 -2 25 -16 27 -26 -1 -30
right_child=1 9 3 -5 5 6 7 22 -10 -11 12 18 -14 -15 24 -17 17 -19 19 20 -22 -23 -24 -25 26 -27 -28 -29 29 -31
leaf_value=0.0015728563176317597 -0.0013689775152080359 0.0017608222695725654 -0.0016005051848452983 -0.001018051452615111 0.0006218739889974447 -0.00069664931724385741 0.0002697539158489992 0.0028357516691625076 0.0026797759994666315 0.007097136824778221 -0.0027075006904970496 -0.0011253341439421913 -0.0010720034165757762 -0.000828685500577 0.00029569532614547923 -5.6344685910202261e-05 0.0050311744641125273 0.002088680677043789 -0.0010332467839033646 0.0027443479913963225 -0.00090236778585804384 0.0022383776502497171 0.00097875645564091444 0.00093113159135217336 0.0012735517956970032 0.003354099071155386 0.0022667498975079119 -0.0031267276219581197 -0.00086452237324090861 -0.00012418729188684309
leaf_weight=2811 2818 6034 7811 19184 19859 23900 29489 13449 13198 1299 1532 2896 74398 14234 2214 55528 5097 3228 1521 4639 9410 16072 6101 26888 1368 4285 1787 1684 87410 44077
leaf_count=2811 2818 6034 7811 19184 19859 23900 29489 13449 13198 1299 1532 2896 74398 14234 2214 55528 5097 3228 1521 4639 9410 16072 6101 26888 1368 4285 1787 1684 87410 44077
internal_value=9.50456e-12 0.00161821 -0.000159981 0.000254463 0.000398627 0.000784291 0.000485533 0.00106169 0.00144349 0.00333568 -0.000448993 -0.000244237 -0.000789579 -1.43494e-05 0.000886293 -0.000246771 0.0029954 0.00389023 0.00102451 0.00122127 0.000301783 0.00195553 0.00225624 0.000712936 0.00137189 0.0023122 0.000109008 -0.00115439 -0.000570525 -0.000616348
internal_weight=504221 45364 458857 188519 169335 105996 72939 49039 33057 15658 270338 168836 101502 27104 12870 63339 14359 8325 34538 31642 14049 17593 19550 29706 11338 6499 4839 3052 134298 131487
internal_count=504221 45364 458857 188519 169335 105996 72939 49039 33057 15658 270338 168836 101502 27104 12870 63339 14359 8325 34538 31642 14049 17593 19550 29706 11338 6499 4839 3052 134298 131487
is_linear=0
shrinkage=0.05


Tree=58
num_leaves=31
num_cat=0
split_feature=0 1 0 1 1 1 1 0 1 0 1 1 0 1 1 1 1 0 0 1 1 1 1 0 0 1 1 1 1 1
split_gain=47.1231 25.4618 19.8411 12.4848 15.2157 7.53588 17.9346 16.7472 12.1216 7.23502 6.80577 25.2318 8.16565 6.44671 5.8944 5.72651 6.17735 5.33712 6.60675 9.04632 5.22484 5.03559 4.92658 4.91566 6.44524 9.7284 9.09551 7.02933 7.0169 6.73498
threshold=105.25000000000001 17.500000000000004 92.850000000000009 39.500000000000007 4.5000000000000009 14.500000000000002 21.500000000000004 100.05000000000001 10.500000000000002 111.45000000000002 25.500000000000004 13.500000000000002 79.250000000000014 56.500000000000007 -20.499999999999996 23.500000000000004 30.500000000000004 58.350000000000001 88.450000000000017 17.500000000000004 31.500000000000004 16.500000000000004 -16.499999999999996 45.850000000000001 84.65000000000002 11.500000000000002 10.500000000000002 -42.499999999999993 -17.499999999999996 1.0000000180025095e-35
decision_type=2 2 2 2 2 2 2 2 2 2 2 2 2 2 2 2 2 2 2 2 2 2 2 2 2 2 2 2 2 2
left_child=2 22 10 4 14 8 21 -8 -6 15 11 23 13 -12 -4 -3 -17 -13 -19 -20 -9 -7 -2 -1 26 28 27 -25 -26 -29
right_child=1 9 3 -5 5 6 7 20 -10 -11 12 17 -14 -15 -16 16 -18 18 19 -21 -22 -23 -24 24 25 -27 -28 29 -30 -31
leaf_value=0.00084894864301689383 -0.0018869703049929 0.0016727811580259612 -0.0015204799202828932 -0.00096714886627505606 0.0005907803042290693 0.00049110271073902524 0.00025626618336067436 0.0026939641079107629 0.0025457871605104859 0.0067422801348021554 0.00032140280770545182 -0.0021483985504917604 -0.0010948392477916598 -0.001042517465259024 -5.3527421630492839e-05 0.0047796157624317437 0.0019842465527446841 0.0015366229113559333 0.0021965754046807994 -0.0011244413080074198 0.00092981849288590191 -0.0011186874153746177 0.00083897805464202841 0.00025873456550066772 -0.0013544919014536548 0.0029599052061624704 -0.0030151801763790677 -0.0012481373813048582 0.00010111761694023112 -6.1204539401092401e-05
leaf_weight=6065 1762 6034 7811 19184 19859 6783 29489 13449 13198 1299 24209 1317 63801 13492 55528 5097 3228 23923 3053 6245 6101 17117 27944 14453 11399 2426 4644 49281 30252 15778
leaf_count=6065 1762 6034 7811 19184 19859 6783 29489 13449 13198 1299 24209 1317 63801 13492 55528 5097 3228 23923 3053 6245 6101 17117 27944 14453 11399 2426 4644 49281 30252 15778
internal_value=-5.754e-12 0.0015373 -0.000151982 0.00024174 0.000378696 0.000745077 0.000461256 0.0010086 0.00137132 0.0031689 -0.000426543 -0.000232025 -0.0007501 -0.000166701 -0.000234433 0.00284563 0.00369572 0.000973282 0.00109704 -3.39849e-05 0.00214342 -0.000661817 0.000677289 -0.000541999 -0.000607786 -0.000117978 -0.000864325 -0.000738702 -0.000297252 -0.000960284
internal_weight=504221 45364 458857 188519 169335 105996 72939 49039 33057 15658 270338 168836 101502 37701 63339 14359 8325 34538 33221 9298 19550 23900 29706 134298 128233 44077 84156 79512 41651 65059
internal_count=504221 45364 458857 188519 169335 105996 72939 49039 33057 15658 270338 168836 101502 37701 63339 14359 8325 34538 33221 9298 19550 23900 29706 134298 128233 44077 84156 79512 41651 65059
is_linear=0
shrinkage=0.05


Tree=59
num_leaves=31
num_cat=0
split_feature=0 1 0 1 1 0 1 1 0 1 0 1 1 1 0 1 0 0 1 0 1 0 1 1 1 1 1 1 1 1
split_gain=42.5286 22.9793 17.9066 11.3047 14.1208 6.60634 6.48964 16.8971 15.3104 10.9397 6.19149 5.82152 16.0559 14.1232 11.0814 8.85657 8.49312 8.16916 6.65342 9.61983 5.3197 5.11666 7.65631 5.07474 5.8165 4.93716 4.54462 4.49888 4.58657 6.65123
threshold=105.25000000000001 17.500000000000004 92.850000000000009 38.500000000000007 4.5000000000000009 110.85000000000001 14.500000000000002 21.500000000000004 99.850000000000009 10.500000000000002 41.550000000000004 -9.4999999999999982 24.500000000000004 13.500000000000002 77.450000000000017 -37.499999999999993 56.95000000000001 79.550000000000011 57.500000000000007 53.750000000000007 -20.499999999999996 88.450000000000017 15.500000000000002 23.500000000000004 30.500000000000004 25.500000000000004 16.500000000000004 -11.499999999999998 14.500000000000002 9.5000000000000018
decision_type=2 2 2 2 2 2 2 2 2 2 2 2 2 2 2 2 2 2 2 2 2 2 2 2 2 2 2 2 2 2
left_child=2 27 10 4 20 23 9 26 25 -6 -1 15 13 14 -13 -12 -15 18 19 -14 -4 -18 -23 -3 -25 -9 -8 -2 29 -29
right_child=1 5 3 -5 6 -7 7 8 -10 -11 11 12 17 16 -16 -17 21 -19 -20 -21 -22 22 -24 24 -26 -27 -28 28 -30 -31
leaf_value=0.0011930028005073048 -0.0012572553545511557 0.0015196412733604822 -0.0014444559401433214 -0.00086833036575784377 0.00056124127710912382 0.0059188824715918952 0.00046654756474563366 -0.00090880319428189951 0.0020602274748753278 0.0024184978115939001 2.6515340578071912e-05 -0.0012262906618577026 -0.0043448571425589513 -0.0042126429564458261 0.00020588641611849766 -0.0012102386806051566 0.0015658029857178028 -0.0010746970080010791 -0.0010816686506224544 0.00051101187131039701 -5.0851064356452647e-05 0.0033063045276043564 -0.00058191084002806668 0.004525182152876739 0.0017798872174087021 0.00062942454721392951 -0.0010627530397561212 0.00056961940130841786 -0.00075554916290055524 0.0024462832516344807
leaf_weight=5927 2818 5809 7811 20850 19859 1736 6783 6994 19854 13198 20732 20166 1064 752 40899 47969 22178 64600 12903 24629 55528 1547 6972 4952 3161 20525 17117 16413 3847 6628
leaf_count=5927 2818 5809 7811 20850 19859 1736 6783 6994 19854 13198 20732 20166 1064 752 40899 47969 22178 64600 12903 24629 55528 1547 6972 4952 3161 20525 17117 16413 3847 6628
internal_value=-4.8392e-12 0.00146044 -0.000144383 0.000229653 0.00036619 0.00301045 0.000723713 0.000455151 0.00100197 0.00130275 -0.000405216 -0.000441042 -0.000302039 0.00017627 -0.000267073 -0.000837022 0.00103712 -0.000730837 -0.000155301 0.00030992 -0.000222711 0.00116572 0.000124166 0.00264779 0.00345556 0.000238481 -0.000628726 0.000643425 0.000842626 0.00110946
internal_weight=504221 45364 458857 188519 167669 15658 104330 71273 47373 33057 270338 264411 195710 92514 61065 68701 31449 103196 38596 25693 63339 30697 8519 13922 8113 27519 23900 29706 26888 23041
internal_count=504221 45364 458857 188519 167669 15658 104330 71273 47373 33057 270338 264411 195710 92514 61065 68701 31449 103196 38596 25693 63339 30697 8519 13922 8113 27519 23900 29706 26888 23041
is_linear=0
shrinkage=0.05


Tree=60
num_leaves=31
num_cat=0
split_feature=0 1 0 1 1 0 0 1 1 0 0 1 0 0 0 1 0 0 1 1 1 1 1 1 1 0 1 1 1 0
split_gain=38.382 20.7388 16.1607 10.4104 11.2181 6.25222 5.61807 5.24688 23.5018 7.55235 6.79744 6.751 9.92584 6.63266 5.81849 7.47429 5.0723 5.02046 8.61371 8.38508 6.00851 6.30483 5.93003 4.99537 15.602 12.6783 11.0382 5.9715 5.36932 4.86839
threshold=105.25000000000001 17.500000000000004 92.850000000000009 44.500000000000007 1.5000000000000002 108.65000000000002 35.850000000000001 24.500000000000004 13.500000000000002 77.750000000000014 66.550000000000011 48.500000000000007 55.45000000000001 71.65000000000002 87.850000000000009 17.500000000000004 64.65000000000002 84.65000000000002 11.500000000000002 10.500000000000002 -36.499999999999993 -1.0000000180025095e-35 -19.499999999999996 15.500000000000002 19.500000000000004 98.15000000000002 9.5000000000000018 34.500000000000007 25.500000000000004 99.65000000000002
decision_type=2 2 2 2 2 2 2 2 2 2 2 2 2 2 2 2 2 2 2 2 2 2 2 2 2 2 2 2 2 2
left_child=2 -2 6 4 29 -3 -1 8 17 11 -10 12 -9 16 -12 -16 -14 19 22 20 -8 -22 -19 26 -25 -26 -6 28 -27 -4
right_child=1 5 3 -5 23 -7 7 9 10 -11 14 -13 13 -15 15 -17 -18 18 -20 -21 21 -23 -24 24 25 27 -28 -29 -30 -31
leaf_value=0.0015022161488349622 0.00061125379389128482 0.002185635077854943 0.00011926462028612627 -0.0011816406645703261 0.00031839445499335517 0.0043403581301206537 9.8016153289873082e-05 -0.0036867488100705186 -0.0014520931347154914 -0.00098342398440317484 0.0017081768537134626 -0.00081443463883273536 0.00014771206377388286 -3.6702426087384046e-05 0.0020667993019939995 -0.00085312587025719491 0.0028828287010238462 -0.0013424200165348176 0.0028016155301866289 -0.0028066344085382797 -0.0011986583063563067 -7.6979532275961977e-05 6.6566153985217629e-05 -0.0012072314945701297 -0.00013537256452037489 0.00087921288901550172 0.0018819052966601688 8.288296187420497e-05 0.0022887142039473315 -0.0008447173904247221
leaf_weight=3887 29706 10758 31232 12408 26169 4900 21002 1243 2612 70444 19392 15770 2502 8234 3425 6086 5256 9750 2426 4686 44246 17476 31901 13523 27666 12414 19852 7872 14826 22557
leaf_count=3887 29706 10758 31232 12408 26169 4900 21002 1243 2612 70444 19392 15770 2502 8234 3425 6086 5256 9750 2426 4686 44246 17476 31901 13523 27666 12414 19852 7872 14826 22557
internal_value=8.1142e-12 0.00138742 -0.000137164 0.000218171 0.000316795 0.00285993 -0.000384955 -0.000412485 -0.000235728 -0.000690998 0.0009906 -6.6861e-05 0.000617168 0.000951696 0.00121135 0.000198366 0.00200074 -0.000529656 -9.45697e-05 -0.00074905 -0.000632496 -0.000881066 -0.000263261 0.000581421 0.00033327 0.00066511 0.000992843 0.00129584 0.00164637 -0.000284992
internal_weight=504221 45364 458857 188519 176111 15658 270338 266451 163002 103449 31515 33005 17235 15992 28903 9511 7758 131487 44077 87410 82724 61722 41651 122322 76301 62778 46021 35112 27240 53789
internal_count=504221 45364 458857 188519 176111 15658 270338 266451 163002 103449 31515 33005 17235 15992 28903 9511 7758 131487 44077 87410 82724 61722 41651 122322 76301 62778 46021 35112 27240 53789
is_linear=0
shrinkage=0.05


Tree=61
num_leaves=31
num_cat=0
split_feature=0 1 0 1 1 0 0 1 1 0 1 1 1 0 0 1 0 1 0 0 1 1 0 1 1 1 0 1 1 1
split_gain=34.6398 18.7168 14.5851 9.39543 10.1355 5.71271 5.17506 4.88646 13.2042 11.8194 8.37912 7.97492 7.5551 6.7178 6.57127 10.8993 5.70239 5.56991 8.05333 4.79456 4.75066 6.20308 4.20413 4.1061 3.97129 14.0821 12.3122 10.6737 7.0565 4.30151
threshold=105.25000000000001 17.500000000000004 92.850000000000009 44.500000000000007 1.0000000180025095e-35 111.45000000000002 41.550000000000004 -9.4999999999999982 24.500000000000004 74.050000000000011 17.500000000000004 13.500000000000002 -49.499999999999993 79.550000000000011 85.65000000000002 17.500000000000004 59.550000000000004 57.500000000000007 53.750000000000007 64.050000000000011 24.500000000000004 30.500000000000004 100.15000000000002 -16.499999999999996 15.500000000000002 21.500000000000004 99.350000000000009 9.5000000000000018 31.500000000000004 13.500000000000002
decision_type=2 2 2 2 2 2 2 2 2 2 2 2 2 2 2 2 2 2 2 2 2 2 2 2 2 2 2 2 2 2
left_child=2 23 6 4 22 20 -1 12 9 10 -9 -11 -8 17 -13 -16 -12 18 -10 -14 -3 -22 -4 -2 27 -26 -27 -6 -28 -29
right_child=1 5 3 -5 24 -7 7 8 13 11 16 14 19 -15 15 -17 -18 -19 -20 -21 21 -23 -24 -25 25 26 28 29 -30 -31
leaf_value=0.0010954479262973208 -0.0017603218614649153 0.0014890944905321091 5.4387719089618261e-05 -0.0011225586317138172 0.00028530031495400688 0.0058922040384489366 0.00043905890915664318 -0.0013933134450561644 -0.0039713520739626694 7.9378782097825994e-05 -0.0029200474669886243 0.0020160705952852807 0.00012968143851072085 -0.00097179094831296672 0.0023374862349177582 -0.00069034851225528954 0.0020199657308365509 -0.00098564545950567011 0.0004715929505687368 -0.0011758038139477057 0.0045774227532189658 0.0016615029561761513 -0.00088764947359524842 0.00072830289824095352 -0.00080459977744814018 6.5880384084036331e-05 0.0022219511001781269 0.0023060995072396429 0.00048158680049351896 0.00074264666161380629
leaf_weight=5927 1762 6938 31909 12408 29215 1299 11009 16524 1064 46857 709 12195 8198 64600 4639 8272 3318 12903 24629 49494 4193 3228 18834 27944 20486 31090 15333 13271 9392 6581
leaf_count=5927 1762 6938 31909 12408 29215 1299 11009 16524 1064 46857 709 12195 8198 64600 4639 8272 3318 12903 24629 49494 4193 3228 18834 27944 20486 31090 15333 13271 9392 6581
internal_value=-7.3393e-12 0.00131804 -0.000130306 0.000207262 0.000300955 0.00271694 -0.000365707 -0.000398461 -0.00027111 0.000162649 -0.000894904 0.000464662 -0.000761248 -0.000659969 0.00118374 0.000397571 0.00115022 -0.000138057 0.000287601 -0.000990295 0.00242968 0.00330905 -0.000295263 0.000580691 0.000542276 0.000316607 0.000728128 0.0008932 0.00156086 0.00178781
internal_weight=504221 45364 458857 188519 176111 15658 270338 264411 195710 92514 20551 71963 68701 103196 25106 12911 4027 38596 25693 57692 14359 7421 50743 29706 125368 76301 55815 49067 24725 19852
internal_count=504221 45364 458857 188519 176111 15658 270338 264411 195710 92514 20551 71963 68701 103196 25106 12911 4027 38596 25693 57692 14359 7421 50743 29706 125368 76301 55815 49067 24725 19852
is_linear=0
shrinkage=0.05


Tree=62
num_leaves=31
num_cat=0
split_feature=0 1 1 1 1 0 0 1 0 1 1 0 0 1 0 0 0 1 0 1 1 1 1 1 0 1 1 1 1 1
split_gain=31.2624 16.8919 13.4276 17.0086 6.94672 6.17942 6.11002 8.32822 5.46406 15.1095 10.0492 8.99008 8.21127 9.8987 5.7614 5.73911 5.39656 4.93315 9.86106 4.82462 4.64219 4.4324 6.06023 4.37691 5.81313 7.05595 3.74971 4.17798 8.38161 3.70447
threshold=105.25000000000001 17.500000000000004 -10.499999999999998 31.500000000000004 5.5000000000000009 77.450000000000017 64.050000000000011 -51.499999999999993 98.15000000000002 25.500000000000004 20.500000000000004 75.65000000000002 78.950000000000017 16.500000000000004 64.65000000000002 71.250000000000014 108.65000000000002 16.500000000000004 86.65000000000002 10.500000000000002 -73.499999999999986 23.500000000000004 32.500000000000007 11.500000000000002 82.550000000000011 14.500000000000002 -11.499999999999998 13.500000000000002 9.5000000000000018 -20.499999999999996
decision_type=2 2 2 2 2 2 2 2 2 2 2 2 2 2 2 2 2 2 2 2 2 2 2 2 2 2 2 2 2 2
left_child=2 26 6 4 5 -4 20 -8 10 -10 12 14 13 19 -12 -15 21 23 -19 -6 -1 -3 -23 -14 25 -25 -2 28 -28 -9
right_child=1 16 3 -5 8 -7 7 29 9 -11 11 -13 17 15 -16 -17 -18 18 -20 -21 -22 22 -24 24 -26 -27 27 -29 -30 -31
leaf_value=-0.0025035613463114232 -0.0011835677645746236 0.00071925698675326963 -0.0010426459689216732 -0.00047212869169719604 -1.33405711912031e-05 8.2585712252887484e-05 0.0013988660445574184 -0.0013423921322809743 0.00043956979391791395 0.0025471486564923439 -0.00092153588975175482 -0.00063539836889921057 0.00078033669817533153 -0.00036891144099060209 0.0021217429308853083 0.0034627815097841835 0.0039564853282360243 0.0024714394053708295 -0.0007001152835542999 -0.0020890554194705935 0.00040142127099347652 0.003774911182146708 0.00039733941433454825 -0.0031948135431666158 0.0022987817243466063 0.0030481280861912592 0.0004741604816063459 -0.00055410268595719534 0.0027496827640412043 -0.00061878009677452999
leaf_weight=1499 2818 4335 14739 121180 5331 70863 3865 35777 42504 10631 2181 37948 17571 1727 5420 2251 4900 3351 9124 5895 16656 4547 1876 1119 13485 760 16413 5104 5371 34980
leaf_count=1499 2818 4335 14739 121180 5331 70863 3865 35777 42504 10631 2181 37948 17571 1727 5420 2251 4900 3351 9124 5895 16656 4547 1876 1119 13485 760 16413 5104 5371 34980
internal_value=1.1098e-11 0.00125214 -0.000123791 1.23734e-05 0.000252112 -0.000111157 -0.000661067 -0.000861208 0.000447322 0.000861244 0.000240152 -0.00032102 0.00066185 -0.000343889 0.00124852 0.0017993 0.00258109 0.000998588 0.000151819 -0.00110334 0.000161566 0.00195463 0.00278841 0.00131932 0.00193574 -0.000669728 0.000551657 0.000733517 0.00103521 -0.000984661
internal_weight=504221 45364 458857 366080 244900 85602 92777 74622 159298 53135 106163 45549 60614 15204 7601 3978 15658 45410 12475 11226 18155 10758 6423 32935 15364 1879 29706 26888 21784 70757
internal_count=504221 45364 458857 366080 244900 85602 92777 74622 159298 53135 106163 45549 60614 15204 7601 3978 15658 45410 12475 11226 18155 10758 6423 32935 15364 1879 29706 26888 21784 70757
is_linear=0
shrinkage=0.05


Tree=63
num_leaves=31
num_cat=0
split_feature=0 1 0 1 1 1 0 1 1 1 1 1 1 0 0 0 0 1 1 0 1 0 0 0 0 0 1 1 1 1
split_gain=28.243 16.1849 11.8127 7.94533 9.86708 7.83104 6.51444 6.17718 7.3757 12.5299 6.91443 6.08195 6.04734 4.96276 4.65048 4.63361 4.55526 4.04273 17.8613 6.04506 5.51114 8.2309 6.0298 5.45567 4.84973 4.16773 7.24591 6.97249 4.86313 5.26364
threshold=104.95000000000002 17.500000000000004 92.850000000000009 39.500000000000007 25.500000000000004 30.500000000000004 103.85000000000001 -18.499999999999996 16.500000000000004 9.5000000000000018 19.500000000000004 13.500000000000002 45.500000000000007 100.05000000000001 35.850000000000001 110.25000000000001 97.750000000000014 24.500000000000004 13.500000000000002 77.750000000000014 48.500000000000007 55.45000000000001 71.250000000000014 56.95000000000001 64.65000000000002 84.65000000000002 10.500000000000002 11.500000000000002 -36.499999999999993 -5.4999999999999991
decision_type=2 2 2 2 2 2 2 2 2 2 2 2 2 2 2 2 2 2 2 2 2 2 2 2 2 2 2 2 2 2
left_child=2 -2 14 4 7 -6 -7 -4 9 13 -10 -11 15 -9 -1 -3 -12 18 25 20 21 -19 24 -20 -23 26 28 -27 -16 -30
right_child=1 12 3 -5 5 6 -8 8 10 11 16 -13 -14 -15 17 -17 -18 19 23 -21 -22 22 -24 -25 -26 27 -28 -29 29 -31
leaf_value=0.0013836232251203718 0.00047801878296746818 0.0021643253440500805 -0.0011038276801882401 -0.00078119299335410513 0.0018984252795738431 0.0001648465404409866 0.0039270707886590031 0.00044328963645587989 -0.0015697280642308045 0.0021496717088097541 -0.0009696164016399951 0.00049249100552413601 -0.0055605877143472945 -0.00041872097236883739 0.0001061625900533685 0.004561671256507074 0.00061860479572141836 -0.0033457176749349506 -0.0031641875136379505 -0.00086450706981248005 -0.00071993802967626008 0.00014723273713311417 -1.4844470442517623e-05 0.000973219704025527 0.002859727876164021 -0.000214850278530329 -0.002572108686806629 0.0025426268410102693 -0.0011582403320580445 -0.00021884137720671375
leaf_weight=3887 31957 14423 9915 19074 15120 18947 1225 39652 9897 12894 7027 9703 236 28842 21002 2343 12628 1243 818 70444 15770 2502 8663 30697 4827 41651 4686 2426 36520 25202
leaf_count=3887 31957 14423 9915 19074 15120 18947 1225 39652 9897 12894 7027 9703 236 28842 21002 2343 12628 1243 818 70444 15770 2502 8663 30697 4827 41651 4686 2426 36520 25202
internal_value=1.69043e-12 0.00114111 -0.000122716 0.000185227 0.000296373 0.00103814 0.000393318 9.58599e-05 0.000194456 0.000417133 -0.000491924 0.00143809 0.00238747 8.03073e-05 -0.000333363 0.00249935 5.07884e-05 -0.000358411 -0.000203256 -0.000602885 -4.44922e-05 0.00057354 0.000878169 0.00086583 0.00193373 -0.000459496 -0.000659392 -6.30786e-05 -0.000551044 -0.00077467
internal_weight=504221 48959 455262 184924 165850 35292 20172 130558 120643 91091 29552 22597 17002 68494 270338 16766 19655 266451 163002 103449 33005 17235 15992 31515 7329 131487 87410 44077 82724 61722
internal_count=504221 48959 455262 184924 165850 35292 20172 130558 120643 91091 29552 22597 17002 68494 270338 16766 19655 266451 163002 103449 33005 17235 15992 31515 7329 131487 87410 44077 82724 61722
is_linear=0
shrinkage=0.05


Tree=64
num_leaves=31
num_cat=0
split_feature=0 1 0 1 1 1 1 1 1 0 0 1 0 1 1 0 1 0 1 1 0 0 1 1 1 0 0 1 1 1
split_gain=25.6076 13.5144 12.3869 6.63454 7.16783 6.98244 13.9957 4.66218 10.9853 9.11149 5.88903 7.71979 5.6075 5.23099 5.21489 4.74097 4.43334 5.48877 7.93533 4.24823 4.03617 6.19741 5.13233 4.37672 5.99042 3.89511 3.77877 4.28124 3.87895 3.68223
threshold=106.25000000000001 17.500000000000004 95.250000000000014 -21.499999999999996 44.500000000000007 25.500000000000004 30.500000000000004 -10.499999999999998 23.500000000000004 74.050000000000011 64.050000000000011 -51.499999999999993 79.550000000000011 56.500000000000007 17.500000000000004 35.850000000000001 12.500000000000002 91.450000000000017 15.500000000000002 -73.499999999999986 64.050000000000011 72.050000000000011 46.500000000000007 37.500000000000007 27.500000000000004 112.55000000000001 91.450000000000017 35.500000000000007 38.500000000000007 15.500000000000002
decision_type=2 2 2 2 2 2 2 2 2 2 2 2 2 2 2 2 2 2 2 2 2 2 2 2 2 2 2 2 2 2
left_child=2 -2 7 -4 5 29 -7 10 9 14 19 -12 13 20 15 -9 -11 -18 -19 -1 -10 22 -22 24 -23 -3 27 -14 -28 -5
right_child=1 25 3 4 -6 6 -8 8 12 16 11 -13 26 -15 -16 -17 17 18 -20 -21 21 23 -24 -25 -26 -27 28 -29 -30 -31
leaf_value=-0.0023896570538007238 0.00060140897666957995 0.0024605275962583228 -0.001506130640780249 0.00037115656502961889 -0.0011679104459461516 0.0022580991058163483 0.00022224728012310423 0.0028105038897546912 -0.00086177261764003017 0.00015809258848194569 0.0012900699515884376 -0.0010288357178106801 -0.0015847969537524634 -0.00080977190492194395 0.0010045029681706962 -0.001239442146576228 0.0013182443122460824 0.0024008723274887016 -0.0010871108865645081 0.00038932714919160646 0.0025490073754800484 0.0013451022304273171 -0.00051109909895722132 0.00097349155735106563 -0.0017657066870355306 0.0063061989795948781 0.00044603533631786316 -0.00066152646100439325 -0.00084806824961673971 -0.0002670768589471926
leaf_weight=1499 22648 11090 5178 83750 7773 13650 22126 754 5218 56812 3847 53526 18445 13852 3634 17362 22155 2205 6260 16656 5853 2249 1789 6788 4962 700 11592 39327 11570 30951
leaf_count=1499 22648 11090 5178 83750 7773 13650 22126 754 5218 56812 3847 53526 18445 13852 3634 17362 22155 2205 6260 16656 5853 2249 1789 6788 4962 700 11592 39327 11570 30951
internal_value=-4.04078e-12 0.00131605 -9.6475e-05 0.000255046 0.000312672 0.000389153 0.000999008 -0.000283997 -0.000172423 0.000191663 -0.000624987 -0.000873347 -0.000499207 -2.05583e-05 -0.000724125 -0.00107088 0.000419479 0.000904452 -0.000178546 0.000159875 0.000386463 0.000687433 0.00183263 6.22729e-05 -0.000795493 0.00268885 -0.000739975 -0.000956301 -0.000200402 0.000198935
internal_weight=504221 34438 469783 163428 158250 150477 35776 306355 230827 109182 75528 57373 121645 40711 21750 18116 87432 30620 8465 18155 26859 21641 7642 13999 7211 11790 80934 57772 23162 114701
internal_count=504221 34438 469783 163428 158250 150477 35776 306355 230827 109182 75528 57373 121645 40711 21750 18116 87432 30620 8465 18155 26859 21641 7642 13999 7211 11790 80934 57772 23162 114701
is_linear=0
shrinkage=0.05


Tree=65
num_leaves=31
num_cat=0
split_feature=0 1 1 1 0 1 1 1 1 0 1 0 0 1 0 1 0 0 0 0 1 0 1 0 1 1 1 1 0 1
split_gain=23.1775 12.9792 10.3728 12.612 6.94902 10.2091 9.60941 7.60898 13.1318 6.6989 6.63816 6.45013 5.64724 5.43015 5.07996 5.04103 8.97293 5.77197 4.8659 4.82237 5.17516 4.82058 6.6421 4.78558 3.99046 3.91727 3.83403 3.67182 3.36569 3.05382
threshold=105.25000000000001 23.500000000000004 -10.499999999999998 34.500000000000007 91.850000000000009 25.500000000000004 27.500000000000004 15.500000000000002 10.500000000000002 113.05000000000001 13.500000000000002 71.250000000000014 78.950000000000017 13.500000000000002 64.65000000000002 23.500000000000004 79.550000000000011 71.250000000000014 100.65000000000002 99.050000000000011 20.500000000000004 64.050000000000011 -51.499999999999993 100.05000000000001 15.500000000000002 44.500000000000007 -73.499999999999986 -14.499999999999998 35.850000000000001 -22.499999999999996
decision_type=2 2 2 2 2 2 2 2 2 2 2 2 2 2 2 2 2 2 2 2 2 2 2 2 2 2 2 2 2 2
left_child=2 9 21 4 6 7 10 8 23 27 12 14 28 -10 -8 17 -17 -12 -7 -9 -21 26 -23 -6 -11 -3 -1 -2 -4 -24
right_child=1 25 3 -5 5 18 11 19 13 24 15 -13 -14 -15 -16 16 -18 -19 -20 20 -22 22 29 -25 -26 -27 -28 -29 -30 -31
leaf_value=-0.0022701741440384446 -0.0014753457047911578 0.0029564350846717907 0.0027514168222974155 -0.00044895981499306253 0.00053536977023212705 0.00083600794401945738 -0.0012285388673718876 -0.0009916756986441263 0.0024170521669739644 0.0023767934401087865 -0.00065566173007435371 -0.0015565795177626403 0.00018793524348728884 0.0006198009237455153 0.0029555586308766253 0.0015426135277765627 -0.0014468224445887325 0.0013166211547700169 0.0022526713341579087 -0.00063710819675001098 0.0010312294952949941 0.0012617794884053116 -0.001242186449336785 -0.00033768554360364512 0.008380867700066295 -0.0035991512445939914 0.00036986083966835542 0.00065732641650358549 -0.00089180303667806796 -0.00057937523719673602
leaf_weight=1499 2150 8709 651 105234 36520 18811 1356 17024 10588 947 4441 15260 35284 6969 1560 4083 6516 22524 8943 9575 9034 3865 30687 27527 391 234 16656 32933 24180 40070
leaf_count=1499 2150 8709 651 105234 36520 18811 1356 17024 10588 947 4441 15260 35284 6969 1560 4083 6516 22524 8943 9575 9034 3865 30687 27527 391 234 16656 32933 24180 40070
internal_value=5.08315e-13 0.00107814 -0.000106588 1.30886e-05 0.000199494 0.000430183 -8.92095e-05 0.000226046 0.000492223 0.000659056 0.000107221 -0.00114484 -0.000218606 0.00170366 0.00100987 0.000628654 -0.000295217 0.000991796 0.00129249 -0.000383534 0.00017281 -0.000578811 -0.000756583 0.000160136 0.00413135 0.0027849 0.000151882 0.000526629 -0.000796288 -0.000866834
internal_weight=504221 45364 458857 366080 260846 144991 115855 117237 81604 36421 97679 18176 60115 17557 2916 37564 10599 26965 27754 35633 18609 92777 74622 64047 1338 8943 18155 35083 24831 70757
internal_count=504221 45364 458857 366080 260846 144991 115855 117237 81604 36421 97679 18176 60115 17557 2916 37564 10599 26965 27754 35633 18609 92777 74622 64047 1338 8943 18155 35083 24831 70757
is_linear=0
shrinkage=0.05


Tree=66
num_leaves=31
num_cat=0
split_feature=0 1 0 1 1 0 1 1 1 1 1 1 0 0 1 1 1 1 0 0 1 0 0 1 1 0 0 0 1 1
split_gain=21.1167 11.3381 10.1913 7.50759 7.98708 4.01577 3.84351 3.48577 9.46905 10.7008 9.67124 5.93307 5.49771 4.27525 5.72709 3.28418 8.52708 8.36428 8.20753 6.59239 5.82876 5.15494 5.12747 6.68167 3.97004 5.95989 3.72972 3.34635 4.27961 3.93673
threshold=106.25000000000001 17.500000000000004 92.050000000000011 44.500000000000007 -1.0000000180025095e-35 41.550000000000004 -22.499999999999996 34.500000000000007 25.500000000000004 15.500000000000002 10.500000000000002 13.500000000000002 100.65000000000002 99.050000000000011 20.500000000000004 -9.4999999999999982 24.500000000000004 14.500000000000002 77.450000000000017 58.350000000000001 -36.499999999999993 81.65000000000002 85.65000000000002 17.500000000000004 58.500000000000007 53.750000000000007 69.050000000000011 73.250000000000014 46.500000000000007 36.500000000000007
decision_type=2 2 2 2 2 2 2 2 2 2 2 2 2 2 2 2 2 2 2 2 2 2 2 2 2 2 2 2 2 2
left_child=2 -2 5 4 6 -1 -4 8 9 10 -6 -12 -10 -11 -15 20 17 18 -17 -19 -7 24 26 -24 25 -18 -21 28 -27 -29
right_child=1 -3 3 -5 7 15 -8 -9 12 13 11 -13 -14 14 -16 16 21 19 -20 22 -22 -23 23 -25 -26 27 -28 29 -30 -31
leaf_value=0.00098840281927792522 0.00054051553348271112 0.0024525117496758436 -0.0013698813782785984 -0.00093589873768735749 0.00028215525500382792 4.5573747331980112e-05 -0.0001079031844972357 -0.00019695048605995839 0.00081745320506581242 -0.00095453667401807591 0.0023786096295702465 0.00056270695904717734 0.0022565796407533513 -0.00067707580833489822 0.00097079579502462729 -0.00098632038579590147 -0.0034675294858014108 -0.0034962911296773842 0.00023664618248142398 -0.00028690022077786678 -0.00095301157313104406 -0.00088005406945699345 0.0021209281082872739 -0.00069654661550295268 -0.00083602951542281452 0.0014824566771353433 0.0018842421678245331 -0.000997120677348647 -0.00052305980805790941 0.00050879146632077895
leaf_weight=5927 22648 11790 6935 14305 39693 21624 46410 18453 18495 16639 11348 7452 10350 10940 10178 20996 1093 837 39583 2313 45073 52205 2981 7155 14630 9176 13660 7795 3746 9791
leaf_count=5927 22648 11790 6935 14305 39693 21624 46410 18453 18495 16639 11348 7452 10350 10940 10178 20996 1093 837 39583 2313 45073 52205 2981 7155 14630 9176 13660 7795 3746 9791
internal_value=-3.39027e-12 0.0011951 -8.76079e-05 0.00017008 0.000250433 -0.000298073 -0.000271964 0.000444565 0.000539196 0.000301053 0.000724622 0.00165882 0.00133383 -0.000355139 0.00011713 -0.000328252 -0.000220293 0.00013877 -0.00018722 0.000871649 -0.000629258 -0.000539555 0.00101168 0.000132073 -0.000155057 0.000160205 0.00156985 0.000290175 0.000901071 -0.000158705
internal_weight=504221 34438 469783 211198 196893 258585 53345 143548 125095 96250 58493 18800 28845 37757 21118 252658 185961 87525 60579 26946 66697 98436 26109 10136 46231 31601 15973 30508 12922 17586
internal_count=504221 34438 469783 211198 196893 258585 53345 143548 125095 96250 58493 18800 28845 37757 21118 252658 185961 87525 60579 26946 66697 98436 26109 10136 46231 31601 15973 30508 12922 17586
is_linear=0
shrinkage=0.05


Tree=67
num_leaves=31
num_cat=0
split_feature=0 1 1 1 0 1 1 1 1 1 0 0 0 0 1 0 0 0 1 1 0 0 1 0 0 1 0 1 0 1
split_gain=19.0579 10.2326 9.24976 10.9072 6.39092 10.3101 8.15368 6.43215 12.619 5.59124 5.4991 5.99204 5.15238 4.56532 4.16829 9.08417 4.978 4.03096 5.94943 3.88728 3.82858 3.81949 5.1687 3.69215 3.6041 3.45195 3.23601 2.91343 2.84381 2.83384
threshold=106.25000000000001 17.500000000000004 -11.499999999999998 34.500000000000007 91.850000000000009 25.500000000000004 27.500000000000004 15.500000000000002 9.5000000000000018 13.500000000000002 70.050000000000011 64.65000000000002 100.65000000000002 78.950000000000017 21.500000000000004 79.550000000000011 71.250000000000014 64.050000000000011 -51.499999999999993 13.500000000000002 100.05000000000001 99.050000000000011 20.500000000000004 64.050000000000011 35.850000000000001 -73.499999999999986 112.55000000000001 29.500000000000004 113.05000000000001 12.500000000000002
decision_type=2 2 2 2 2 2 2 2 2 2 2 2 2 2 2 2 2 2 2 2 2 2 2 2 2 2 2 2 2 2
left_child=2 28 17 4 6 7 9 8 20 13 11 -8 -7 24 16 23 -11 25 -19 -10 -6 -9 -23 -16 -4 -1 -3 -14 29 -2
right_child=1 26 3 -5 5 12 10 21 19 14 -12 -13 27 -15 15 -17 -18 18 -20 -21 -22 22 -24 -25 -26 -27 -28 -29 -30 -31
leaf_value=-0.0021681270882079728 0.00069083742149335403 0.0021217721325221049 0.0028531584194242269 -0.00040727958628022687 0.00044024153787307829 0.0007547607173824032 -0.0011830720025771313 -0.00089523423391933081 0.0019174276763184032 -0.00069760567456262647 -0.0014129210602586227 0.0036742354267381345 0.0029515989387262219 0.00016064184718140697 -0.0011422170560398237 -0.0009840624250103383 0.0013625248749527747 0.0011975102905391259 -0.00081967180350557285 0.0005279327357114212 -0.0003199809369796289 -0.0006432220208887658 0.00092225609549492727 0.0020265522435199564 -0.00080428787921913716 0.00033839683319542935 0.005627007452504976 0.0012726374136213397 0.0030495028518028981 -0.00069979620792017102
leaf_weight=1499 16918 11090 692 105782 36053 18811 1356 17024 15158 3503 15626 1194 5370 36439 1121 9834 17998 3865 67377 7536 30633 10940 10178 5108 25286 16420 700 4980 1054 4676
leaf_count=1499 16918 11090 692 105782 36053 18811 1356 17024 15158 3503 15626 1194 5370 36439 1121 9834 17998 3865 67377 7536 30633 10940 10178 5108 25286 16420 700 4980 1054 4676
internal_value=5.44616e-12 0.00113534 -8.32275e-05 2.41534e-05 0.000190206 0.000399584 -8.74411e-05 0.00020563 0.000437603 8.96544e-05 -0.00106159 0.00109129 0.00124775 -0.000200413 0.000571636 -3.77306e-05 0.00102688 -0.000541629 -0.000710236 0.00145602 9.10244e-05 -0.000337963 0.000111273 0.00145629 -0.000706861 0.000128716 0.00232989 0.00214375 0.00051349 0.000389707
internal_weight=504221 34438 469783 380622 274840 156683 118157 127522 89380 99981 18176 2550 29161 62417 37564 16063 21501 89161 71242 22694 66686 38142 21118 6229 25978 17919 11790 10350 22648 21594
internal_count=504221 34438 469783 380622 274840 156683 118157 127522 89380 99981 18176 2550 29161 62417 37564 16063 21501 89161 71242 22694 66686 38142 21118 6229 25978 17919 11790 10350 22648 21594
is_linear=0
shrinkage=0.05


Tree=68
num_leaves=31
num_cat=0
split_feature=0 0 1 1 1 0 1 1 1 0 1 1 1 1 0 0 1 0 1 0 1 1 1 1 0 0 1 0 1 0
split_gain=17.3526 10.077 7.0272 6.10317 7.68516 4.09744 3.88366 10.8622 9.44448 8.46618 5.79396 3.47873 4.55868 4.60202 6.40975 6.17591 4.17083 4.12618 5.49832 3.43876 3.22039 3.16422 3.15327 4.51745 6.14705 3.51193 8.48452 2.98226 3.44765 2.915
threshold=108.05000000000001 95.250000000000014 17.500000000000004 5.5000000000000009 44.500000000000007 107.65000000000002 13.500000000000002 21.500000000000004 10.500000000000002 100.05000000000001 31.500000000000004 62.500000000000007 -10.499999999999998 23.500000000000004 74.050000000000011 80.15000000000002 17.500000000000004 64.050000000000011 -51.499999999999993 35.850000000000001 -21.499999999999996 -69.499999999999986 12.500000000000002 18.500000000000004 84.850000000000009 78.65000000000002 15.500000000000002 91.450000000000017 35.500000000000007 100.05000000000001
decision_type=2 2 2 2 2 2 2 2 2 2 2 2 2 2 2 2 2 2 2 2 2 2 2 2 2 2 2 2 2 2
left_child=1 11 -2 5 6 20 8 -8 29 -9 -11 12 17 14 16 -15 19 21 -19 -14 -3 -1 -16 25 -25 26 -24 28 -17 -5
right_child=2 3 -4 4 -6 -7 7 9 -10 10 -12 -13 13 15 22 27 -18 18 -20 -21 -22 -23 23 24 -26 -27 -28 -29 -30 -31
leaf_value=-0.0015788496324638417 0.00080649121131852605 -0.0012701536885172844 0.0028542191483938257 0.0012426964556844673 -0.0010548340684725344 -0.0034059716092430404 -0.00039788696012605707 0.00011983697229713639 0.0022274749373816338 0.0019307948210037847 0.00041978418334943967 -0.00082485786878106902 0.0023878534489980745 0.00025853895167388797 0.00013107421870910523 -0.0013571273568082267 0.00093826669866468263 0.0011010953632149723 -0.0008559240878538108 -0.0010613295862011551 4.9072605376348519e-06 0.00039363276542331201 -0.0037938978248257976 0.0014968326553294548 -0.00067642526102429433 0.0016051838181736248 0.002494814520463658 -9.605487579183021e-05 -0.00046434625748399981 -0.00011294026990134692
leaf_weight=2333 12603 5430 6276 6030 7864 956 28493 23543 10832 18278 9717 22894 754 32148 56812 17779 3634 3847 53526 17362 56262 15822 1044 5079 9054 14340 1103 21222 27602 11582
leaf_count=2333 12603 5430 6276 6030 7864 956 28493 23543 10832 18278 9717 22894 754 32148 56812 17779 3634 3847 53526 17362 56262 15822 1044 5079 9054 14340 1103 21222 27602 11582
internal_value=-9.20215e-12 -5.78505e-05 0.00148722 0.000240217 0.00045447 -0.000157658 0.000563889 0.000385531 0.00106572 0.000818647 0.00140633 -0.000231995 -0.000184112 -6.32655e-05 0.000160441 -0.000310602 -0.000607664 -0.000516811 -0.000724701 -0.000917772 -0.000107321 0.00014016 0.000351518 0.000760527 0.000104582 0.00132282 -0.000563134 -0.000585315 -0.000814113 0.000351203
internal_weight=504221 485342 18879 178987 116339 62648 108475 80031 28444 51538 27995 306355 283461 207933 109182 98751 21750 75528 57373 18116 61692 18155 87432 30620 14133 16487 2147 66603 45381 17612
internal_count=504221 485342 18879 178987 116339 62648 108475 80031 28444 51538 27995 306355 283461 207933 109182 98751 21750 75528 57373 18116 61692 18155 87432 30620 14133 16487 2147 66603 45381 17612
is_linear=0
shrinkage=0.05


Tree=69
num_leaves=31
num_cat=0
split_feature=0 1 1 1 0 1 1 1 1 1 0 1 0 0 0 1 0 0 0 1 1 1 0 0 1 0 0 0 1 1
split_gain=15.7619 8.41141 7.67223 8.70402 5.58631 7.64931 6.28762 6.24179 12.7034 5.9892 5.34601 6.37288 5.22497 4.98978 5.40782 4.77284 4.48732 4.29461 4.76809 6.41783 4.11615 3.69951 3.42525 3.25208 4.16625 2.90344 2.83743 2.59298 2.58985 2.76864
threshold=106.25000000000001 17.500000000000004 -13.499999999999998 34.500000000000007 90.65000000000002 25.500000000000004 27.500000000000004 15.500000000000002 10.500000000000002 14.500000000000002 82.550000000000011 10.500000000000002 98.15000000000002 70.050000000000011 64.65000000000002 12.500000000000002 69.050000000000011 58.350000000000001 84.850000000000009 17.500000000000004 13.500000000000002 -38.499999999999993 100.05000000000001 99.050000000000011 20.500000000000004 41.550000000000004 112.55000000000001 56.95000000000001 -12.499999999999998 12.500000000000002
decision_type=2 2 2 2 2 2 2 2 2 2 2 2 2 2 2 2 2 2 2 2 2 2 2 2 2 2 2 2 2 2
left_child=2 28 21 4 6 7 9 8 22 10 11 -4 -7 14 -8 -12 -13 25 -19 -20 -10 -1 -6 -9 -25 -11 -3 -23 -2 -30
right_child=1 26 3 -5 5 12 13 23 20 17 15 16 -14 -15 -16 -17 -18 18 19 -21 -22 27 -24 24 -26 -27 -28 -29 29 -31
leaf_value=2.8985713155026079e-05 -0.0012931021234673979 0.0019206707723677765 -0.00035246225491965581 -0.00037066198870522717 0.00039797026731560621 0.00037519764190227452 -0.0011368454041118818 -0.00081360904246150086 0.0021023026847398229 0.0018178399589632742 0.00010544741214649008 0.00036916282869718149 0.0016707150856568405 -0.0013805188517362255 0.0034775967233918823 0.0025029250275046752 -0.0030260512895003439 0.0011977648102744472 0.0021084704360096007 -0.0007525153155739572 0.00063744256492563578 0.00060655848940249779 -0.00026807950430414283 -0.00059116649180071838 0.00081432831816237645 -0.0033925147200694113 0.0052029460397149839 -0.00081136418816605432 0.00095677764623295573 -0.0003934549624014714
leaf_weight=22276 1910 11090 32674 105782 44786 14951 1356 19143 12086 357 24165 1279 16233 14035 1194 2271 4070 19496 2540 8587 7950 3425 33924 10940 10178 1065 700 55020 15734 5004
leaf_count=22276 1910 11090 32674 105782 44786 14951 1356 19143 12086 357 24165 1279 16233 14035 1194 2271 4070 19496 2540 8587 7950 3425 33924 10940 10178 1065 700 55020 15734 5004
internal_value=6.15334e-12 0.00103251 -7.56893e-05 1.63484e-05 0.000160865 0.00034186 -0.000111519 0.000183093 0.000397031 4.30375e-05 -0.000234691 -0.000614371 0.00104959 -0.00101085 0.0010238 0.000311404 -0.00221422 0.000601692 0.000726424 -9.94279e-05 0.00152107 -0.000519296 0.000110903 -0.000341622 8.62237e-05 -0.00208443 0.00211555 -0.000728271 0.000468707 0.000630972
internal_weight=504221 34438 469783 389062 283280 170191 113089 139007 98746 96504 64459 38023 31184 16585 2550 26436 5349 32045 30623 11127 20036 80721 78710 40261 21118 1422 11790 58445 22648 20738
internal_count=504221 34438 469783 389062 283280 170191 113089 139007 98746 96504 64459 38023 31184 16585 2550 26436 5349 32045 30623 11127 20036 80721 78710 40261 21118 1422 11790 58445 22648 20738
is_linear=0
shrinkage=0.05


Tree=70
num_leaves=31
num_cat=0
split_feature=0 0 1 1 1 0 1 1 1 1 1 1 1 0 0 0 0 1 0 0 0 1 1 1 1 0 0 0 1 1
split_gain=14.4903 8.17329 5.76473 5.01656 6.47479 3.55351 3.21948 10.4908 7.51989 8.4725 3.0528 3.84331 6.35368 5.47 3.75456 3.24206 3.03202 3.02781 4.11443 2.95459 2.9421 6.29651 2.89512 3.41558 2.91036 2.88447 2.6348 2.62707 3.95856 3.36223
threshold=108.05000000000001 95.250000000000014 17.500000000000004 4.5000000000000009 44.500000000000007 98.550000000000011 25.500000000000004 30.500000000000004 13.500000000000002 10.500000000000002 62.500000000000007 1.5000000000000002 23.500000000000004 78.050000000000011 68.65000000000002 64.050000000000011 105.05000000000001 27.500000000000004 103.45000000000002 100.85000000000001 70.850000000000009 44.500000000000007 19.500000000000004 16.500000000000004 17.500000000000004 97.750000000000014 41.550000000000004 60.550000000000004 -49.499999999999993 -73.499999999999986
decision_type=2 2 2 2 2 2 2 2 2 2 2 2 2 2 2 2 2 2 2 2 2 2 2 2 2 2 2 2 2 2
left_child=1 10 -2 5 6 -3 8 16 9 19 11 27 14 15 26 -14 17 18 -8 -5 21 -17 23 -10 -25 -24 -13 29 -29 -1
right_child=2 3 -4 4 -6 -7 7 -9 22 -11 -12 12 13 -15 -16 20 -18 -19 -20 -21 -22 -23 25 24 -26 -27 -28 28 -30 -31
leaf_value=-0.002166719007013488 0.00074248311836450575 0.0004314915331347727 0.0025971700915734513 0.0010046014194483514 -0.00098488502465582882 -0.00041359630599788368 0.00010552300402704686 0.00020889353474260803 9.4093490687218622e-05 0.002020626176590466 -0.0007650819028043233 0.0022526848224043669 -0.00069511324674035192 -0.00050398057286213426 0.00045614858065154618 0.0026526704694997596 0.0035297333026745384 0.0022592772730371398 0.0040206926396154433 -0.00020044554926312502 0.00020675089734571513 -0.00044759317217187282 -0.00095400979751743145 -0.0022956292257329488 -0.00056864713130251186 0.00057448613788195794 -0.0010563110179790708 0.00077617456453799548 -0.00057321748262656718 0.00042411331813218634
leaf_weight=1370 12603 17757 6276 8681 7864 41537 4521 23339 10603 10832 22894 663 5945 72083 65750 4290 2410 7227 788 12285 13784 2649 3791 3746 6995 16611 6494 5784 90080 14569
leaf_count=1370 12603 17757 6276 8681 7864 41537 4521 23339 10603 10832 22894 663 5945 72083 65750 4290 2410 7227 788 12285 13784 2649 3791 3746 6995 16611 6494 5784 90080 14569
internal_value=5.40473e-12 -5.28645e-05 0.00135904 0.000215575 0.000401884 -0.000160515 0.000499403 0.000871234 0.000305839 0.000885147 -0.000209699 -0.000164843 -1.62598e-05 -0.000277635 0.000337768 0.000334172 0.00190552 0.00159327 0.000686641 0.000298506 0.000629452 0.00146913 -0.000135421 -0.000542515 -0.00117094 0.000290468 -0.000749777 -0.000392973 -0.000491801 0.000201424
internal_weight=504221 485342 18879 178987 119693 59294 111829 38285 73544 31798 306355 283461 171658 98751 72907 26668 14946 12536 5309 20966 20723 6939 41746 21344 10741 20402 7157 111803 95864 15939
internal_count=504221 485342 18879 178987 119693 59294 111829 38285 73544 31798 306355 283461 171658 98751 72907 26668 14946 12536 5309 20966 20723 6939 41746 21344 10741 20402 7157 111803 95864 15939
is_linear=0
shrinkage=0.05


Tree=71
num_leaves=31
num_cat=0
split_feature=0 0 1 1 1 1 1 0 1 1 1 0 1 0 0 1 1 0 1 1 1 0 1 1 0 1 0 0 1 0
split_gain=13.0775 7.5119 5.63444 6.50765 9.33768 7.38944 7.41956 5.77411 5.20267 4.18438 3.58161 3.05247 2.69861 2.54319 2.5266 2.41286 2.68956 2.57485 2.31372 5.10848 7.03199 6.48272 6.44406 5.43251 5.1688 4.70684 4.50253 3.50914 4.27845 3.15456
threshold=108.05000000000001 92.050000000000011 44.500000000000007 8.5000000000000018 13.500000000000002 24.500000000000004 32.500000000000007 98.15000000000002 17.500000000000004 10.500000000000002 -20.499999999999996 41.550000000000004 -66.499999999999986 100.75000000000001 100.05000000000001 -4.4999999999999991 12.500000000000002 111.75000000000001 -12.499999999999998 23.500000000000004 14.500000000000002 82.550000000000011 10.500000000000002 12.500000000000002 58.350000000000001 -36.499999999999993 81.65000000000002 55.45000000000001 58.500000000000007 71.250000000000014
decision_type=2 2 2 2 2 2 2 2 2 2 2 2 2 2 2 2 2 2 2 2 2 2 2 2 2 2 2 2 2 2
left_child=1 11 3 10 9 -6 7 -7 15 -5 -3 12 -1 -4 -12 -2 -17 -18 25 20 21 22 -20 -23 -22 -13 27 -21 -29 -24
right_child=8 2 13 4 5 6 -8 -9 -10 -11 14 18 -14 -15 -16 16 17 -19 19 26 24 23 29 -25 -26 -27 -28 28 -30 -31
leaf_value=-0.0023460292631817849 -0.000848056507776362 -0.0010235821492628955 -0.00055741833565697439 0.00055337600797046647 -0.00020274836487784765 0.00033271311543689127 2.6823803789802638e-05 0.001775328575194174 0.0024673116413963113 0.0019967544778448851 0.00027638891664830129 5.7534686234771734e-05 0.0012392425305454864 -0.0026375750660706226 -0.00027768383757375875 0.0015066057947142929 -0.0010645182048135717 0.0025592087199166418 -0.00035163407698038401 -0.0021165359721519055 -0.0032329239440731872 0.00014974536080300128 -0.00038331032664787893 0.0024677049027482276 0.00095383361892899038 -0.00086527200103432447 -0.00073547342974285962 0.00034859632919400979 -0.00070036653815535969 -0.003053519714967156
leaf_weight=582 2086 9285 12735 8318 45781 11479 24823 17527 6276 12669 43157 21624 5345 1661 39322 7619 2273 625 30561 2000 761 28791 1584 2771 23552 38279 53622 31359 14088 3666
leaf_count=582 2086 9285 12735 8318 45781 11479 24823 17527 6276 12669 43157 21624 5345 1661 39322 7619 2273 625 30561 2000 761 28791 1584 2771 23552 38279 53622 31359 14088 3666
internal_value=8.28081e-12 -5.02213e-05 0.000159838 0.000224731 0.000466173 0.000264223 0.000661377 0.00120442 0.00129109 0.00142469 -9.25736e-05 -0.000234425 0.000887188 -0.000797425 1.22338e-05 0.000705359 0.00101347 -0.000283004 -0.000260737 -0.000176388 9.3865e-05 -0.000169182 -0.000629629 0.000353252 0.000822788 -0.000532154 -0.000421551 -6.67735e-05 2.3431e-05 -0.00224788
internal_weight=504221 485342 226757 212361 120597 99610 53829 29006 18879 20987 91764 258585 5927 14396 82479 12603 10517 2898 252658 192755 91686 67373 35811 31562 24313 59903 101069 47447 45447 5250
internal_count=504221 485342 226757 212361 120597 99610 53829 29006 18879 20987 91764 258585 5927 14396 82479 12603 10517 2898 252658 192755 91686 67373 35811 31562 24313 59903 101069 47447 45447 5250
is_linear=0
shrinkage=0.05


Tree=72
num_leaves=31
num_cat=0
split_feature=0 1 1 1 1 1 1 0 1 1 0 1 0 1 0 1 0 1 0 0 1 0 1 0 0 1 1 1 0 0
split_gain=11.9134 7.25818 5.36245 5.66921 3.88103 3.73624 6.29214 5.51686 4.14878 3.85173 3.13741 4.66581 3.06317 2.84271 3.67933 2.76761 8.61204 6.44488 6.07921 4.6265 5.30996 4.11157 3.7219 3.31923 4.13184 4.74761 2.61217 2.59336 2.49847 2.09205
threshold=104.95000000000002 8.5000000000000018 -14.499999999999998 45.500000000000007 45.500000000000007 24.500000000000004 12.500000000000002 112.15000000000002 15.500000000000002 17.500000000000004 64.050000000000011 -51.499999999999993 90.65000000000002 30.500000000000004 106.25000000000001 25.500000000000004 72.450000000000017 14.500000000000002 61.550000000000004 82.550000000000011 11.500000000000002 69.050000000000011 12.500000000000002 65.950000000000017 85.65000000000002 17.500000000000004 -73.499999999999986 35.500000000000007 35.850000000000001 74.050000000000011
decision_type=2 2 2 2 2 2 2 2 2 2 2 2 2 2 2 2 2 2 2 2 2 2 2 2 2 2 2 2 2 2
left_child=2 -2 10 12 5 6 -3 9 -9 -8 26 -12 15 -7 -15 17 18 19 -17 20 28 -22 -21 -19 -25 -26 -1 -18 -4 -30
right_child=1 4 3 -5 -6 13 7 8 -10 -11 11 -13 -14 14 -16 16 27 23 -20 22 21 -23 -24 24 25 -27 -28 -29 29 -31
leaf_value=-0.0018660208855254242 -8.8396307010872727e-06 0.0023509495320171471 0.0025227884525683389 -0.00044063891626943601 -0.0051509077384499675 0.0029462649885410451 -0.00077603887148923164 -0.00061950644311397826 0.006167135634641295 0.00088385402924497048 0.00104091643034101 -0.00075661919436042146 0.00021764789175225099 -0.0010521147427789402 0.0023018485887877829 -0.0010529218696453653 -0.0011760688887208367 -0.00097059026422156305 0.0018103402869931685 0.00011714642336223319 0.00051426126328642241 -0.0031837370243590259 0.0022315860921553925 0.0013586195034655012 0.0019465521260792569 -0.00073646345925865251 0.00031808951813424278 -0.00030411325818230746 -0.00082076734788185919 -4.2084527432885079e-05
leaf_weight=1499 19447 5644 737 61913 236 4940 6344 335 687 7782 3865 54726 180546 1280 2264 2635 18971 2659 6253 24902 998 3045 2271 16072 2259 6104 15781 15490 16731 17805
leaf_count=1499 19447 5644 737 61913 236 4940 6344 335 687 7782 3865 54726 180546 1280 2264 2635 18971 2659 6253 24902 998 3045 2271 16072 2259 6104 15781 15490 16731 17805
internal_value=3.15274e-12 0.000741125 -7.97007e-05 -2.96191e-06 0.00123532 0.0012868 0.000925982 0.000395052 0.00394255 0.000138395 -0.000463431 -0.000638043 8.23917e-05 0.00217105 0.00109048 -9.59447e-05 -0.000426222 5.70446e-05 0.000961477 -0.00020783 -0.000554571 -0.0022709 0.000293862 0.00070705 0.00088961 -1.17316e-05 0.000128623 -0.00078413 -0.000357845 -0.000419318
internal_weight=504221 48959 455262 379391 29512 29276 20792 15148 1022 14126 75871 58591 317478 8484 3544 136932 43349 93583 8888 66489 39316 4043 27173 27094 24435 8363 17280 34461 35273 34536
internal_count=504221 48959 455262 379391 29512 29276 20792 15148 1022 14126 75871 58591 317478 8484 3544 136932 43349 93583 8888 66489 39316 4043 27173 27094 24435 8363 17280 34461 35273 34536
is_linear=0
shrinkage=0.05


Tree=73
num_leaves=31
num_cat=0
split_feature=0 1 1 1 0 1 1 0 1 1 1 1 0 0 0 1 1 0 0 0 1 1 0 1 0 0 1 1 1 1
split_gain=10.9136 6.18864 6.44182 4.2237 4.07179 3.42064 8.45359 3.47858 3.22521 8.60955 4.7943 4.09361 3.13421 3.01385 2.82455 2.70652 2.63742 7.97259 6.22642 4.91184 3.83389 4.53895 6.73376 3.23961 3.3311 2.69984 3.34082 2.59987 2.5712 2.36469
threshold=108.05000000000001 -13.499999999999998 45.500000000000007 17.500000000000004 93.65000000000002 25.500000000000004 30.500000000000004 99.65000000000002 15.500000000000002 9.5000000000000018 18.500000000000004 12.500000000000002 100.05000000000001 100.45000000000002 102.65000000000002 -39.499999999999993 23.500000000000004 72.450000000000017 64.050000000000011 74.050000000000011 13.500000000000002 17.500000000000004 84.250000000000014 17.500000000000004 35.850000000000001 78.65000000000002 16.500000000000004 27.500000000000004 10.500000000000002 16.500000000000004
decision_type=2 2 2 2 2 2 2 2 2 2 2 2 2 2 2 2 2 2 2 2 2 2 2 2 2 2 2 2 2 2
left_child=1 15 4 -2 16 8 7 27 9 12 29 28 -6 -4 -12 -1 19 18 -18 23 -21 25 -23 24 -3 26 -22 -7 -11 -10
right_child=3 2 13 -5 5 6 -8 -9 10 11 14 -13 -14 -15 -16 -17 17 -19 -20 20 21 22 -24 -25 -26 -27 -28 -29 -30 -31
leaf_value=4.3570627114885579e-05 0.00065169432685855484 0.002291356878999568 -0.00037753172064188949 0.0022392450957854355 0.0004058789345350961 -0.00030739118376481176 0.00013548116380507691 0.0022197928959448994 -6.3721243435593713e-05 0.00074906584682417397 -0.00023475411784646216 0.00048650688273845812 -0.00026897539110139261 -0.0025814593318573683 0.00084667390258045649 -0.00061349389304817675 -0.00063235763118563973 -0.00058062612327094065 0.001957654781349784 5.2225828384016672e-05 -0.0017914082886765919 0.0015977690251499505 -0.00059723397679971421 0.00083691931640279295 -0.0009171382969538149 0.0019801120788547275 0.0038642071670602998 0.0015461959357969792 0.0023330373686025209 -0.0015690452936818868
leaf_weight=21161 12603 844 60519 6276 31561 3233 28352 9011 3907 3813 17242 11630 37823 1592 9292 60424 3738 49910 6119 57345 1055 5678 9084 3634 19483 8324 347 4560 7809 7852
leaf_count=21161 12603 844 60519 6276 31561 3233 28352 9011 3907 3813 17242 11630 37823 1592 9292 60424 3738 49910 6119 57345 1055 5678 9084 3634 19483 8324 347 4560 7809 7852
internal_value=-7.18879e-12 -4.58786e-05 3.43795e-05 0.00117945 0.000119534 0.00028691 0.000662162 0.00155079 0.00015749 0.000317041 -0.000228487 0.00114971 3.79985e-05 -0.000434022 0.000143954 -0.000443069 -5.84806e-05 -0.00032399 0.000975463 9.15157e-05 0.000275868 0.000799586 0.000247044 -0.000538097 -0.000783918 0.00163823 -0.000391623 0.000777218 0.00181336 -0.00106889
internal_weight=504221 485342 403757 18879 341646 176085 45156 16804 130929 92636 38293 23252 69384 62111 26534 81585 165561 59767 9857 105794 81833 24488 14762 23961 20327 9726 1402 7793 11622 11759
internal_count=504221 485342 403757 18879 341646 176085 45156 16804 130929 92636 38293 23252 69384 62111 26534 81585 165561 59767 9857 105794 81833 24488 14762 23961 20327 9726 1402 7793 11622 11759
is_linear=0
shrinkage=0.05


Tree=74
num_leaves=31
num_cat=0
split_feature=0 0 1 1 1 1 1 1 0 1 0 1 0 1 0 1 1 0 0 1 0 1 1 0 1 1 0 1 0 1
split_gain=9.84957 5.59249 4.37239 5.01141 5.99763 6.06038 6.03234 5.10794 4.62984 3.81189 3.15148 2.95457 2.58761 2.36373 2.17973 2.12236 2.28127 2.20648 2.02583 1.96047 1.93233 1.79459 3.88486 5.30717 4.5837 3.7666 3.66432 3.12939 3.03622 3.47462
threshold=108.05000000000001 92.050000000000011 44.500000000000007 7.5000000000000009 13.500000000000002 24.500000000000004 32.500000000000007 10.500000000000002 98.15000000000002 17.500000000000004 107.65000000000002 -22.499999999999996 41.550000000000004 -34.499999999999993 100.05000000000001 -4.4999999999999991 12.500000000000002 113.05000000000001 100.75000000000001 8.5000000000000018 103.25000000000001 -12.499999999999998 23.500000000000004 74.050000000000011 13.500000000000002 -36.499999999999993 81.65000000000002 17.500000000000004 53.750000000000007 58.500000000000007
decision_type=2 2 2 2 2 2 2 2 2 2 2 2 2 2 2 2 2 2 2 2 2 2 2 2 2 2 2 2 2 2
left_child=1 12 3 10 7 -6 8 14 -7 15 11 -3 13 -1 -5 -2 19 -18 -4 -17 -16 25 23 27 -25 -14 28 -23 -24 -30
right_child=9 2 18 4 5 6 -8 -9 -10 -11 -12 -13 21 -15 20 16 17 -19 -20 -21 -22 22 26 24 -26 -27 -28 -29 29 -31
leaf_value=-0.00038582264915089956 -0.00083779642574510554 -0.0010355078297766688 -0.00049139792137988826 0.0011183585406579031 -0.0001988345774699976 0.00029281470419564637 1.156551167658532e-05 0.0017954567491842328 0.0015846023867576815 0.0021272828591347693 -0.0027730645623899276 2.617239741767555e-05 6.1727856861098731e-05 0.0016500893972372099 -0.0011377307994272132 0.00082132808618882037 -0.00077882163791920896 0.0035759490665663095 -0.002347952376204178 0.0025514888358945582 0.00053099401213888649 -0.00085041669282050799 -0.0022344042646918433 2.811081789668391e-05 0.00090865400716577021 -0.00076377881470577279 -0.00064945497120602353 0.00078316530984893552 0.00031844229057977947 -0.00062205771551906703
leaf_weight=2387 2086 7143 12735 5479 45781 11479 24823 12669 17527 6276 1085 79352 21624 3540 3128 5237 2570 328 1661 2382 3895 18578 1534 48339 21288 38279 53622 3481 31681 14232
leaf_count=2387 2086 7143 12735 5479 45781 11479 24823 12669 17527 6276 1085 79352 21624 3540 3128 5237 2570 328 1661 2382 3895 18578 1534 48339 21288 38279 53622 3481 31681 14232
internal_value=1.06648e-11 -4.35846e-05 0.000137662 0.000194827 0.000398316 0.000224062 0.000583731 0.0010879 0.00107338 0.00112048 -9.50968e-05 -6.15041e-05 -0.000202523 0.00083016 0.000370892 0.00061911 0.00090808 -0.000285942 -0.000705606 0.00136224 -0.000212246 -0.000226748 -0.000152462 8.32126e-05 0.000297331 -0.000465784 -0.000366257 -0.000592631 -4.62017e-05 2.69084e-05
internal_weight=504221 485342 226757 212361 124781 99610 53829 25171 29006 18879 87580 86495 258585 5927 12502 12603 10517 2898 14396 7619 7023 252658 192755 91686 69627 59903 101069 22059 47447 45913
internal_count=504221 485342 226757 212361 124781 99610 53829 25171 29006 18879 87580 86495 258585 5927 12502 12603 10517 2898 14396 7619 7023 252658 192755 91686 69627 59903 101069 22059 47447 45913
is_linear=0
shrinkage=0.05


Tree=75
num_leaves=31
num_cat=0
split_feature=0 1 1 1 1 0 1 1 1 1 1 0 1 0 0 1 1 0 0 0 1 0 1 1 0 0 0 1 1 1
split_gain=9.00871 5.56347 3.95328 4.02194 3.5585 2.5743 3.93262 2.48919 2.8697 4.05595 4.39417 2.60169 2.46454 2.34731 2.17642 2.10394 2.80686 2.65715 2.08125 3.92534 2.00097 1.59677 1.58593 8.36956 11.8142 3.45734 3.33244 3.7764 2.83096 2.80556
threshold=104.95000000000002 17.500000000000004 -14.499999999999998 45.500000000000007 45.500000000000007 64.050000000000011 -51.499999999999993 -16.499999999999996 14.500000000000002 9.5000000000000018 12.500000000000002 112.15000000000002 -69.499999999999986 89.65000000000002 111.45000000000002 24.500000000000004 30.500000000000004 106.25000000000001 35.850000000000001 55.45000000000001 15.500000000000002 109.45000000000002 14.500000000000002 22.500000000000004 72.450000000000017 79.250000000000014 81.65000000000002 25.500000000000004 36.500000000000007 11.500000000000002
decision_type=2 2 2 2 2 2 2 2 2 2 2 2 2 2 2 2 2 2 2 2 2 2 2 2 2 2 2 2 2 2
left_child=2 7 5 13 14 12 -7 -2 9 21 -11 -10 -1 18 15 -3 -17 -18 -4 20 -20 -9 25 -24 -25 29 27 -26 -29 -21
right_child=1 4 3 -5 -6 6 -8 8 11 10 -12 -13 -14 -15 -16 16 17 -19 19 22 -22 -23 23 24 26 -27 -28 28 -30 -31
leaf_value=-0.0013739079955535749 -0.0014906608622921272 0.00069662962489271108 0.0017829060758691269 -0.00037206445838801805 -0.0047217319624782627 0.00098445762252437493 -0.0006658116688885345 -6.3321607315731354e-05 -0.0012271372035710668 0.0025801226300159541 2.9251204793098138e-05 0.00350954702984509 0.00037342412406611683 0.00017995818621034781 0.0034308785318585555 0.0026711807805890786 -0.0010248037625569851 0.0018648361364515991 -0.0006085408996724808 -0.00049356288657759792 -0.0030259563840489001 0.0010547206089428309 0.001024794952807702 0.0014023270091176598 0.0018009066251336112 0.00010206960311409694 -0.0010477497226839671 -0.0010213862553984565 0.00051289900180926198 -0.0021621750010169501
leaf_weight=2333 1918 7519 1455 61913 236 3865 54726 14789 3777 4311 2775 314 14947 189833 1294 4571 1280 2102 1754 25439 1672 4073 17694 8658 2272 31684 21649 7596 4976 2796
leaf_count=2333 1918 7519 1455 61913 236 3865 54726 14789 3777 4311 2775 314 14947 189833 1294 4571 1280 2102 1754 25439 1672 4073 17694 8658 2272 31684 21649 7596 4976 2796
internal_value=1.41723e-12 0.000644474 -6.93069e-05 -3.418e-06 0.00137521 -0.000398783 -0.00055695 0.000255703 0.000367209 0.000561257 0.00158116 -0.000863578 0.000137514 6.84736e-05 0.00146103 0.00129628 0.00186321 0.000771182 -9.73257e-05 -0.000119005 -0.00178832 0.000178105 -7.24193e-05 0.000103059 -0.000258156 -0.000256466 -0.000652107 -7.50879e-05 -0.000414116 -0.000658799
internal_weight=504221 48959 455262 379391 17002 75871 58591 31957 30039 25948 7086 4091 17280 317478 16766 15472 7953 3382 127645 126190 3426 18862 122764 62845 45151 59919 36493 14844 12572 28235
internal_count=504221 48959 455262 379391 17002 75871 58591 31957 30039 25948 7086 4091 17280 317478 16766 15472 7953 3382 127645 126190 3426 18862 122764 62845 45151 59919 36493 14844 12572 28235
is_linear=0
shrinkage=0.05


Tree=76
num_leaves=31
num_cat=0
split_feature=0 1 1 1 1 0 1 1 1 1 1 1 0 0 0 1 1 0 0 1 1 1 0 1 1 0 0 1 1 0
split_gain=8.13036 5.02103 3.56783 3.78024 3.21154 2.32839 3.60777 2.52871 2.2465 2.58991 3.6605 3.96574 2.34803 2.16722 4.29712 2.02368 2.73296 2.06836 1.96906 2.164 1.83826 2.31894 2.60504 1.58427 3.62777 7.11974 5.98108 5.54 5.19851 5.14044
threshold=104.95000000000002 17.500000000000004 -14.499999999999998 62.500000000000007 45.500000000000007 69.050000000000011 -51.499999999999993 -22.499999999999996 -16.499999999999996 14.500000000000002 9.5000000000000018 12.500000000000002 112.15000000000002 64.65000000000002 41.550000000000004 -73.499999999999986 -29.499999999999996 58.350000000000001 112.55000000000001 20.500000000000004 24.500000000000004 30.500000000000004 106.25000000000001 1.5000000000000002 16.500000000000004 81.65000000000002 98.15000000000002 19.500000000000004 25.500000000000004 81.350000000000009
decision_type=2 2 2 2 2 2 2 2 2 2 2 2 2 2 2 2 2 2 2 2 2 2 2 2 2 2 2 2 2 2
left_child=2 8 5 13 18 15 -7 -8 -2 10 -10 -12 -11 14 -4 -1 -17 -18 20 -20 -3 -22 -23 -15 29 28 -27 -28 -26 -25
right_child=1 4 3 -5 -6 6 7 -9 9 12 11 -13 -14 23 -16 16 17 -19 19 -21 21 22 -24 24 25 26 27 -29 -30 -31
leaf_value=-0.0016757194451803778 -0.0014161278174197587 0.00072961862630379509 0.0014993776809857336 -0.00061119863708439205 -0.0044856453961613831 0.00125127711728985 -0.00098976561681824999 -0.000271921593321932 0.00016919960342250847 -0.0011657803230102773 0.0024511165234724843 2.7788587459908415e-05 0.0033340697449626058 -0.00014069366590553227 -0.00092383844365209419 0.00050856260165593867 0.00053981106676932039 -0.0013557770096997135 0.0083070838419584247 0.0021889950969845666 0.0025210222637715215 -0.00097356358062825163 0.0018640901593251506 -0.00043114062642723327 0.0016112263738663674 -0.00038591552101815757 -0.0010657387448400164 0.00054966771225723973 0.00026049037408387607 0.00056597557776467402
leaf_weight=1620 1918 7873 2150 23955 236 2594 26844 22594 18862 3777 4311 2775 314 74514 12273 15791 2175 4253 205 490 4721 1280 2197 15791 9544 98505 6192 37153 28084 71230
leaf_count=1620 1918 7873 2150 23955 236 2594 26844 22594 18862 3777 4311 2775 314 74514 12273 15791 2175 4253 205 490 4721 1280 2197 15791 9544 98505 6192 37153 28084 71230
internal_value=5.63359e-13 0.00061225 -6.58416e-05 -3.2471e-06 0.00130645 -0.000378844 -0.000566329 -0.000661699 0.000242918 0.000348849 0.000533194 0.0015021 -0.0008204 3.77265e-05 -0.000562616 3.03711e-05 0.000154763 -0.000714379 0.00138798 0.00399361 0.0012753 0.00179934 0.000819455 6.31177e-05 0.000120104 -8.35034e-06 -0.000170545 0.000318901 0.000603092 0.000385037
internal_weight=504221 48959 455262 379391 17002 75871 52032 49438 31957 30039 25948 7086 4091 355436 14423 23839 22219 6428 16766 695 16071 8198 3477 341013 266499 179478 141850 43345 37628 87021
internal_count=504221 48959 455262 379391 17002 75871 52032 49438 31957 30039 25948 7086 4091 355436 14423 23839 22219 6428 16766 695 16071 8198 3477 341013 266499 179478 141850 43345 37628 87021
is_linear=0
shrinkage=0.05


Tree=77
num_leaves=31
num_cat=0
split_feature=0 0 1 1 0 1 1 1 1 1 1 0 0 1 0 0 0 0 1 0 1 0 1 1 0 0 1 1 0 1
split_gain=7.49264 4.44923 3.67858 9.20414 3.20767 3.1375 2.90675 3.28687 7.18192 5.09834 4.16396 3.55961 2.7567 2.73961 2.22054 2.18846 2.01981 2.01115 2.06362 1.89777 2.71684 1.83691 1.81394 2.61233 2.61239 2.59035 1.63599 3.40653 1.53027 1.39897
threshold=108.65000000000002 92.050000000000011 34.500000000000007 25.500000000000004 100.65000000000002 16.500000000000004 -20.499999999999996 16.500000000000004 9.5000000000000018 17.500000000000004 12.500000000000002 100.75000000000001 100.05000000000001 11.500000000000002 101.95000000000002 99.050000000000011 93.850000000000009 41.550000000000004 -66.499999999999986 112.55000000000001 20.500000000000004 97.050000000000011 27.500000000000004 30.500000000000004 94.450000000000017 99.550000000000011 11.500000000000002 8.5000000000000018 100.55000000000001 -14.499999999999998
decision_type=2 2 2 2 2 2 2 2 2 2 2 2 2 2 2 2 2 2 2 2 2 2 2 2 2 2 2 2 2 2
left_child=1 17 3 6 22 26 -3 8 12 14 13 28 -8 -10 15 16 -9 18 -1 -7 -21 -12 -5 25 -25 -24 27 -2 -11 -19
right_child=5 2 -4 4 -6 19 7 9 10 11 21 -13 -14 -15 -16 -17 -18 29 -20 20 -22 -23 23 24 -26 -27 -28 -29 -30 -31
leaf_value=-0.0020929812130444647 0.00040590771009745463 -0.00079460916705326352 -0.00035812774903390507 -0.00030903105199121296 0.0016048047995782366 0.0016934143481689657 0.00028808099774933001 0.0015072079574337501 0.0010662979842029515 -0.00049614851147448339 0.0013009608395014513 0.00045165497705590201 -0.00027070856467198878 0.0026074871547230433 -0.0031854452862934987 0.0009836538337202516 -0.0029059627415155896 -0.00041896109304085435 0.0010422320119684635 0.0084783008163970604 0.0022051859744871504 0.00010452429569268739 0.0012262727433454425 0.0017961599390543149 -0.00029308434388571492 0.0042832511173378236 -0.0005522904610500537 0.0031531717705919854 -0.0032759270342249502 -0.00013492351894757229
leaf_weight=582 5731 9386 33537 4421 12769 4551 44985 323 8507 16941 4261 16210 43332 4362 1883 948 1314 55575 5345 265 495 12983 5446 2014 5820 794 2443 1405 510 197083
leaf_count=582 5731 9386 33537 4421 12769 4551 44985 323 8507 16941 4261 16210 43332 4362 1883 948 1314 55575 5345 265 495 12983 5446 2014 5820 794 2443 1405 510 197083
internal_value=2.03968e-12 -3.36219e-05 0.000125983 0.00020831 0.00099528 0.00110492 6.00447e-05 0.000111283 0.000241276 -0.000292479 0.000908089 -8.1835e-05 1.39156e-05 0.00158869 -0.00187943 -0.000928086 -0.00203519 -0.000176044 0.000734371 0.00207965 0.00439252 0.000400164 0.000574462 0.000851989 0.000244028 0.00161525 0.000564487 0.000946814 -0.000577387 -0.000197401
internal_weight=504221 489331 230746 197209 31264 14890 165945 156559 118430 38129 30113 33661 88317 12869 4468 2585 1637 258585 5927 5311 760 17244 18495 14074 7834 6240 9579 7136 17451 252658
internal_count=504221 489331 230746 197209 31264 14890 165945 156559 118430 38129 30113 33661 88317 12869 4468 2585 1637 258585 5927 5311 760 17244 18495 14074 7834 6240 9579 7136 17451 252658
is_linear=0
shrinkage=0.05


Tree=78
num_leaves=31
num_cat=0
split_feature=0 0 1 1 1 1 0 1 1 1 0 1 1 1 1 0 1 0 0 1 0 0 0 0 0 0 0 1 1 1
split_gain=6.77908 3.80403 3.30077 3.64725 5.81426 4.85839 5.81785 3.06318 2.87799 2.75145 2.78589 2.2547 2.6 2.20525 2.40962 2.12831 2.13196 1.93286 1.81506 1.90621 1.79062 1.75528 1.7171 1.71581 1.97508 1.82288 1.6819 1.49522 2.13146 2.2228
threshold=108.05000000000001 92.050000000000011 44.500000000000007 8.5000000000000018 13.500000000000002 21.500000000000004 100.05000000000001 31.500000000000004 10.500000000000002 -4.4999999999999991 115.45000000000002 16.500000000000004 17.500000000000004 26.500000000000004 32.500000000000007 107.65000000000002 -28.499999999999996 100.45000000000002 41.550000000000004 -34.499999999999993 100.75000000000001 100.15000000000002 99.350000000000009 101.95000000000002 99.050000000000011 93.850000000000009 101.85000000000001 17.500000000000004 11.500000000000002 9.5000000000000018
decision_type=2 2 2 2 2 2 2 2 2 2 2 2 2 2 2 2 2 2 2 2 2 2 2 2 2 2 2 2 2 2
left_child=1 18 3 15 8 11 13 21 17 -2 27 -6 23 -7 -15 16 -3 -5 19 -1 -4 -8 -18 24 25 -13 -14 28 29 -11
right_child=9 2 20 4 5 6 7 -9 -10 10 -12 12 26 14 -16 -17 22 -19 -20 -21 -22 -23 -24 -25 -26 -27 -28 -29 -30 -31
leaf_value=-0.00039432440959713078 -0.00078308453563732938 -0.0013879340340538086 -0.00041796684272449818 0.0011930374179348589 0.00022729586715813712 -0.00060802290322776065 0.0055230209462344649 0.00026349905882426761 0.0015745344358460605 0.00078035888417559362 0.0057051106311718754 0.0014318472466463275 -0.0007402783053725683 0.00081428364180551039 -0.00012971258850218807 -0.0021925274514928016 0.00022439356943675863 -0.00033482339833066006 -0.00018753077337398065 0.0014339652704732694 -0.002163419142320214 0.0013044658155481213 -0.00021822004522995361 -0.0028972434517549202 0.00093447106108383794 -0.0027606649230740386 0.00028300805774235816 0.0016667290523555312 -0.00033576378366335181 0.0031626621480366542
leaf_weight=2387 2086 2871 12735 3878 12550 9969 250 9717 12669 5682 328 323 10162 11477 16448 1171 42596 4440 252658 3540 1661 18028 45126 1785 948 1314 6639 6172 3428 1183
leaf_count=2387 2086 2871 12735 3878 12550 9969 250 9717 12669 5682 328 323 10162 11477 16448 1171 42596 4440 252658 3540 1661 18028 45126 1785 948 1314 6639 6172 3428 1183
internal_value=-5.72792e-12 -3.61585e-05 0.000113324 0.000162992 0.000343744 0.000184387 0.000434196 0.000980821 0.0011001 0.000929564 0.00114231 -0.000303727 -0.000618513 3.03647e-05 0.000258264 -7.45536e-05 -4.71768e-05 0.000377493 -0.000167242 0.000697652 -0.000619356 0.00136217 -3.29597e-06 -0.00170497 -0.000881682 -0.00193343 -0.000335922 0.00105141 0.000682447 0.00119089
internal_weight=504221 485342 226757 212361 120597 99610 65889 27995 20987 18879 16793 33721 21171 37894 27925 91764 90593 8318 258585 5927 14396 18278 87722 4370 2585 1637 16801 16465 10293 6865
internal_count=504221 485342 226757 212361 120597 99610 65889 27995 20987 18879 16793 33721 21171 37894 27925 91764 90593 8318 258585 5927 14396 18278 87722 4370 2585 1637 16801 16465 10293 6865
is_linear=0
shrinkage=0.05


Tree=79
num_leaves=31
num_cat=0
split_feature=0 1 1 1 1 1 1 0 0 0 1 1 0 1 0 0 1 0 1 1 0 1 0 0 0 1 0 1 1 0
split_gain=6.21784 3.7151 3.24787 4.74917 2.80992 3.31184 2.69661 2.36007 3.40346 1.83438 2.89956 1.97656 1.73168 1.6104 2.86498 1.75129 1.82754 1.56195 1.6423 2.12154 2.07708 1.48248 1.35338 1.33742 1.32578 1.32438 2.42219 3.19578 2.3409 2.48233
threshold=104.95000000000002 9.5000000000000018 12.500000000000002 17.500000000000004 -10.499999999999998 62.500000000000007 45.500000000000007 64.65000000000002 41.550000000000004 64.050000000000011 -51.499999999999993 -69.499999999999986 113.05000000000001 -22.499999999999996 79.850000000000009 69.050000000000011 -39.499999999999993 111.45000000000002 24.500000000000004 30.500000000000004 106.25000000000001 -16.499999999999996 55.45000000000001 105.25000000000001 107.25000000000001 29.500000000000004 70.850000000000009 48.500000000000007 4.5000000000000009 74.65000000000002
decision_type=2 2 2 2 2 2 2 2 2 2 2 2 2 2 2 2 2 2 2 2 2 2 2 2 2 2 2 2 2 2
left_child=4 21 -3 12 9 7 17 8 -6 11 -11 -1 -4 15 -15 16 -12 18 23 -20 -21 -2 -10 -5 -25 28 27 -27 29 -9
right_child=1 2 3 6 5 -7 -8 25 22 10 13 -13 -14 14 -16 -17 -18 -19 19 20 -22 -23 -24 24 -26 26 -28 -29 -30 -31
leaf_value=-0.0012116017844408201 -0.0012961548796784021 0.0021725069697111016 -0.00060640765560159005 0.0028392309659575846 0.0013069161268716382 -0.00056301041705869386 -0.0041779646649956707 -0.00094425917667559269 -0.0017806881147564354 0.00091985034661182003 0.0017184720935085709 0.00034735920436568713 0.0031166254229014513 -0.0010334970773301388 -3.9747507384361397e-05 -0.00090117336768058022 -0.00057526201271986118 0.0028729831939311255 0.0022679805461406134 -0.00097175533141125926 0.0015830749467717082 0.00016288915512903217 -0.0005859253834360977 -0.00039311583263740058 0.00099184749785068095 0.0018811217671179253 -0.00013267262762673996 -0.0006807410122340147 0.00025720176855049395 1.0313224247518462e-05
leaf_weight=2333 1918 4311 6538 581 1988 23955 236 7568 3344 3865 1356 15822 328 9531 30343 26844 2415 1294 4571 1280 2102 18862 8140 3256 3682 3404 97598 1895 146814 68047
leaf_count=2333 1918 4311 6538 581 1988 23955 236 7568 3344 3865 1356 15822 328 9531 30343 26844 2415 1294 4571 1280 2102 18862 8140 3256 3682 3404 97598 1895 146814 68047
internal_value=5.78831e-12 0.000535419 0.000909443 0.00068131 -5.75791e-05 5.15057e-06 0.00112951 4.53229e-05 -0.00060317 -0.000303559 -0.000413578 0.000147026 -0.000428552 -0.000486692 -0.000277281 -0.000759435 0.000249533 0.00120422 0.00106465 0.00156554 0.000616137 2.8219e-05 -0.000933826 0.000534857 0.000341885 7.21775e-05 -7.61465e-05 0.000964962 0.000140793 -8.52261e-05
internal_weight=504221 48959 28179 23868 455262 362753 17002 338798 13472 92509 74354 18155 6866 70489 39874 30615 3771 16766 15472 7953 3382 20780 11484 7519 6938 325326 102897 5299 222429 75615
internal_count=504221 48959 28179 23868 455262 362753 17002 338798 13472 92509 74354 18155 6866 70489 39874 30615 3771 16766 15472 7953 3382 20780 11484 7519 6938 325326 102897 5299 222429 75615
is_linear=0
shrinkage=0.05


Tree=80
num_leaves=31
num_cat=0
split_feature=0 1 1 1 1 0 0 0 1 1 0 0 0 1 0 1 1 1 0 1 1 1 1 1 1 0 1 0 0 0
split_gain=5.66706 3.46045 3.56151 2.42915 2.75923 2.36278 2.33395 2.30548 2.15761 2.15006 6.34376 4.82033 3.26291 4.86799 3.95477 3.52588 2.48087 3.68778 3.05579 2.06741 5.6514 2.82894 4.96877 4.34321 3.21146 2.47939 2.26195 3.97241 2.26431 2.1468
threshold=108.65000000000002 -11.499999999999998 45.500000000000007 15.500000000000002 14.500000000000002 100.45000000000002 92.850000000000009 112.15000000000002 20.500000000000004 23.500000000000004 72.450000000000017 64.050000000000011 77.750000000000014 16.500000000000004 69.050000000000011 12.500000000000002 12.500000000000002 17.500000000000004 84.250000000000014 25.500000000000004 30.500000000000004 16.500000000000004 9.5000000000000018 18.500000000000004 12.500000000000002 97.750000000000014 27.500000000000004 103.45000000000002 103.95000000000002 100.05000000000001
decision_type=2 2 2 2 2 2 2 2 2 2 2 2 2 2 2 2 2 2 2 2 2 2 2 2 2 2 2 2 2 2
left_child=1 -1 6 4 -2 -4 9 -5 -9 12 11 -11 13 15 -15 -3 -14 -18 -19 21 26 22 29 -23 -24 -25 27 -21 -29 -8
right_child=3 2 5 7 -6 -7 19 8 -10 10 -12 -13 16 14 -16 -17 17 18 -20 20 -22 23 24 25 -26 -27 -28 28 -30 -31
leaf_value=-0.00030836956967388729 0.00065533393778093561 -0.0003796263722620197 -0.00026355253068743119 0.0012921705839228272 -0.0032552953667159996 -0.0022078387154889829 0.00032637089603937907 0.0065496636521923148 0.0019528284102163622 -0.00055341494786406091 -0.00053478028976222788 0.0017254626259090835 7.8250752525219118e-05 -0.00062941560056825184 0.0019496594774767605 -0.0020767693379404283 0.0014485672460280792 0.0012895640209704964 -0.00040839240817710197 -0.00013208859689454308 8.5293039978890991e-05 -0.0012610930557737344 0.0014144435084072744 -0.00069646686015329958 0.00035189827282791782 0.00033493764751550388 0.0016846693789969063 0.007023273434910814 0.0018397427109280691 -0.00022842778841513506
leaf_weight=90500 8609 22668 60519 4757 476 1604 32492 440 608 3738 46648 6119 41204 2436 3813 3538 9944 3939 8096 5630 30707 8331 12424 8190 16630 20193 10320 239 1778 37631
leaf_count=90500 8609 22668 60519 4757 476 1604 32492 440 608 3738 46648 6119 41204 2436 3813 3538 9944 3939 8096 5630 30707 8331 12424 8190 16630 20193 10320 239 1778 37631
internal_value=-9.19764e-12 -2.92405e-05 3.40976e-05 0.000960932 0.00045044 -0.000313754 9.82765e-05 0.00175987 0.0038828 -4.67135e-05 -0.000291248 0.00086126 9.7763e-05 -0.000309727 0.000944278 -0.000608753 0.000307077 0.000736057 0.000147341 0.000217796 0.000497408 0.000117644 0.000256446 -0.000257309 0.000806261 3.73228e-05 0.00120175 0.000550015 0.00245395 2.86422e-05
internal_weight=504221 489331 398831 14890 9085 62123 336708 5805 1048 152143 56505 9857 95638 32455 6249 26206 63183 21979 12035 184565 48674 135891 99177 36714 29054 28383 17967 7647 2017 70123
internal_count=504221 489331 398831 14890 9085 62123 336708 5805 1048 152143 56505 9857 95638 32455 6249 26206 63183 21979 12035 184565 48674 135891 99177 36714 29054 28383 17967 7647 2017 70123
is_linear=0
shrinkage=0.05


Tree=81
num_leaves=31
num_cat=0
split_feature=0 1 0 1 1 0 0 0 1 0 1 1 0 1 1 1 0 1 1 0 1 0 0 1 0 1 1 0 1 1
split_gain=5.18693 3.73849 3.05106 2.37648 2.98274 2.34932 2.79268 1.64886 2.45555 2.5502 2.50626 2.19734 2.19249 1.50786 1.50397 1.40981 1.93561 3.01875 1.29794 1.66792 1.31599 6.8423 4.5347 7.08431 3.92841 5.16241 2.70165 3.4084 2.31616 2.18028
threshold=105.25000000000001 23.500000000000004 115.45000000000002 -5.4999999999999991 62.500000000000007 64.050000000000011 41.550000000000004 60.550000000000004 -49.499999999999993 87.250000000000014 -28.499999999999996 -73.499999999999986 99.450000000000017 -16.499999999999996 44.500000000000007 29.500000000000004 70.850000000000009 48.500000000000007 4.5000000000000009 74.050000000000011 16.500000000000004 79.550000000000011 81.350000000000009 10.500000000000002 99.050000000000011 21.500000000000004 11.500000000000002 97.050000000000011 12.500000000000002 27.500000000000004
decision_type=2 2 2 2 2 2 2 2 2 2 2 2 2 2 2 2 2 2 2 2 2 2 2 2 2 2 2 2 2 2
left_child=3 2 13 7 5 6 -5 11 -9 -10 -11 -1 -12 -2 -3 18 17 -17 19 -7 22 -22 23 -20 -23 -26 -24 -28 -29 -27
right_child=1 14 -4 4 -6 15 -8 8 9 10 12 -13 -14 -15 -16 16 -18 -19 20 -21 21 24 26 -25 25 29 27 28 -30 -31
leaf_value=-0.0016639914110737994 -0.0011832829065849238 0.0015323200871773773 0.005289882400214968 0.0011870172772677518 -0.00052189341043503042 -0.00095695897049426822 -0.00097605722542454167 0.00067984273504621286 -0.00064695287351827964 -0.0011993499225839916 0.00020691643745844991 0.00043681135184722107 -0.00056269265767542654 0.00031642702632970647 -0.0025296747588958498 0.0017061724066817236 -0.00011888132482076136 -0.00070162699446045616 0.00067082930221022555 3.4530118343729249e-05 0.0012461388254187246 -0.00037574020463923888 0.00028458451324854506 -0.0016785241410717867 -0.00045320937300229809 0.00072290913323144323 0.0015414825918463491 0.0017414084030532703 2.4446129677132587e-05 0.0022522375269791273
leaf_weight=1370 1762 8709 302 1762 23960 4643 9744 5823 45886 4949 32215 13610 12984 34357 234 3594 98023 2041 6666 49074 11040 43740 33630 6187 9596 10371 12781 2463 9699 3006
leaf_count=1370 1762 8709 302 1762 23960 4643 9744 5823 45886 4949 32215 13610 12984 34357 234 3594 98023 2041 6666 49074 11040 43740 33630 6187 9596 10371 12781 2463 9699 3006
internal_value=3.68812e-12 0.000510033 0.000285113 -5.04234e-05 1.60829e-05 5.66096e-05 -0.000644809 -0.000245109 -0.000317142 -0.000377594 -0.000131127 0.000244682 -1.41638e-05 0.000243266 0.00142604 8.29362e-05 -6.70777e-05 0.000834066 0.000159577 -5.11687e-05 0.000235463 9.31284e-05 0.000390407 -0.00046007 -9.76775e-05 0.000431747 0.000577031 0.00097133 0.000372159 0.00106657
internal_weight=504221 45364 36421 458857 342020 318060 11506 116837 101857 96034 50148 14980 45199 36119 8943 306554 103658 5635 202896 53717 149179 77753 71426 12853 66713 22973 58573 24943 12162 13377
internal_count=504221 45364 36421 458857 342020 318060 11506 116837 101857 96034 50148 14980 45199 36119 8943 306554 103658 5635 202896 53717 149179 77753 71426 12853 66713 22973 58573 24943 12162 13377
is_linear=0
shrinkage=0.05


Tree=82
num_leaves=31
num_cat=0
split_feature=0 1 1 1 0 0 1 1 1 0 0 0 1 1 1 1 0 0 0 1 1 1 1 0 0 1 0 0 0 1
split_gain=4.80192 2.87151 2.78258 2.30662 2.121 1.9627 2.11287 4.54408 1.98915 3.5327 2.49932 2.29842 1.9569 4.71242 3.26361 2.45273 1.91774 1.89478 1.82899 2.87401 1.83593 1.76633 2.31349 1.75706 1.86686 1.73987 5.21795 4.09964 3.07963 2.46787
threshold=108.65000000000002 -14.499999999999998 45.500000000000007 36.500000000000007 100.45000000000002 93.65000000000002 25.500000000000004 30.500000000000004 27.500000000000004 100.95000000000002 101.35000000000001 102.05000000000001 15.500000000000002 9.5000000000000018 18.500000000000004 12.500000000000002 115.45000000000002 100.05000000000001 69.050000000000011 -51.499999999999993 -22.499999999999996 -25.499999999999996 -57.499999999999993 102.65000000000002 102.55000000000001 23.500000000000004 72.450000000000017 61.550000000000004 74.050000000000011 13.500000000000002
decision_type=2 2 2 2 2 2 2 2 2 2 2 2 2 2 2 2 2 2 2 2 2 2 2 2 2 2 2 2 2 2
left_child=1 18 5 16 -4 25 12 8 9 -8 -11 -12 13 17 -14 -15 -2 -7 21 -20 -21 22 -1 24 -16 28 27 -27 -3 -30
right_child=3 2 4 -5 -6 6 7 -9 -10 10 11 -13 14 15 23 -17 -18 -19 19 20 -22 -23 -24 -25 -26 26 -28 -29 29 -31
leaf_value=-0.00051477482567421537 0.00072354341280237615 -0.00041350455007101926 -0.00023510718414232083 0.0062045125930166962 -0.0020772303200082705 0.00029901055714699493 -0.00051390617299463832 0.00010284540354556399 0.0015967400731626291 0.0070159267742132799 -0.0022335127327809201 0.0018521185723961303 -0.00088595557445583144 0.0013304575693300147 -0.00014455211871301923 0.00031826482578257444 0.0045120484525152642 -0.00021455024362998637 0.0011562940721316069 -0.00082808081974467549 -0.00022771872678560088 -0.00080247016011336138 0.00065831691780577381 0.00063020163666917175 -0.0047697533288658745 -0.00078232213317672703 -0.00046683935886525113 0.0014524849666972444 4.6902065823436402e-05 0.00064393870848043452
leaf_weight=6252 14347 24707 60519 201 1604 32584 3920 28617 9831 207 393 2774 12080 11982 17021 11958 342 40019 2594 27456 23749 4764 12823 9964 221 2913 49910 6944 59037 24488
leaf_count=6252 14347 24707 60519 201 1604 32584 3920 28617 9831 207 393 2774 12080 11982 17021 11958 342 40019 2594 27456 23749 4764 12823 9964 221 2913 49910 6944 59037 24488
internal_value=-5.63114e-12 -2.69162e-05 2.56825e-05 0.000884547 -0.00028267 8.04806e-05 0.000194443 0.000488358 0.00113257 0.000506963 0.00169304 0.00134512 9.54632e-05 0.000216528 -0.000202045 0.000824869 0.00081175 1.59342e-05 -0.000305832 -0.000467378 -0.000549631 5.87381e-05 0.000273826 0.000101624 -0.000203836 -4.26879e-05 -0.00025922 0.000792041 7.68837e-05 0.000221942
internal_weight=504221 489331 411693 14890 62123 349570 181571 45742 17125 7294 3374 3167 135829 96543 39286 23940 14689 72603 77638 53799 51205 23839 19075 27206 17242 167999 59767 9857 108232 83525
internal_count=504221 489331 411693 14890 62123 349570 181571 45742 17125 7294 3374 3167 135829 96543 39286 23940 14689 72603 77638 53799 51205 23839 19075 27206 17242 167999 59767 9857 108232 83525
is_linear=0
shrinkage=0.05


Tree=83
num_leaves=31
num_cat=0
split_feature=0 1 1 1 1 0 0 0 0 1 1 0 1 1 0 1 0 1 0 0 1 0 1 1 0 1 1 0 1 1
split_gain=4.33373 2.60243 3.06634 2.08172 1.86501 1.83505 1.78339 1.34578 1.31931 1.9707 2.1578 2.29138 1.89865 1.28691 1.20533 1.16625 1.63833 1.23267 4.37064 4.80013 7.58134 3.9087 6.54064 2.92295 2.64813 7.10252 2.1802 2.93403 2.03964 1.73385
threshold=108.65000000000002 -3.4999999999999996 31.500000000000004 36.500000000000007 -5.4999999999999991 64.65000000000002 115.45000000000002 29.850000000000005 60.550000000000004 -49.499999999999993 -17.499999999999996 79.850000000000009 -73.499999999999986 62.500000000000007 99.250000000000014 4.5000000000000009 72.450000000000017 16.500000000000004 74.65000000000002 98.15000000000002 22.500000000000004 81.350000000000009 10.500000000000002 10.500000000000002 83.850000000000009 24.500000000000004 17.500000000000004 101.95000000000002 18.500000000000004 27.500000000000004
decision_type=2 2 2 2 2 2 2 2 2 2 2 2 2 2 2 2 2 2 2 2 2 2 2 2 2 2 2 2 2 2
left_child=1 8 5 4 -2 -3 -6 -4 12 -10 -11 -12 -1 -9 -13 16 -7 21 -19 24 26 22 -17 -23 25 28 27 -21 -20 -22
right_child=3 2 7 -5 6 15 -8 13 9 10 11 14 -14 -15 -16 17 -18 18 19 20 29 23 -24 -25 -26 -27 -28 -29 -30 -31
leaf_value=-0.0015550530913972507 -0.00097290045938720282 -0.00064418602385178019 0.0027273416265246758 0.0058942864004948841 0.00086138975740946929 -0.0012540363804793792 0.0046057111783448807 -8.7424957009915496e-05 0.00062358319918028005 -0.00057501809896119379 -0.00071692417775206163 0.00019301011713799762 0.00039573326528145924 -0.00049646201451341936 -0.00033397885835182735 0.0006661210572960017 2.7418965266593443e-05 0.0013720698058422016 0.0029196526984640852 0.00041869551781803147 0.00070714151738413651 0.0001950026857873236 -0.00160378536535838 0.00084972012522790486 -0.00048437964617243154 -0.0009600177951410078 -7.2347167232991036e-05 -0.0027670037073582268 0.00093139529165646808 0.001622503108579181
leaf_weight=1370 1388 7043 403 201 12975 2638 326 99131 5823 47429 13119 34128 13925 23857 15908 6594 45762 6457 1720 1173 12947 33454 6118 34760 39995 5684 14236 1883 5158 8616
leaf_count=1370 1388 7043 403 201 12975 2638 326 99131 5823 47429 13119 34128 13925 23857 15908 6594 45762 6457 1720 1173 12947 33454 6118 34760 39995 5684 14236 1883 5158 8616
internal_value=-6.66443e-12 -2.55703e-05 4.44038e-05 0.00084032 0.000771163 0.000150666 0.000953161 -0.000157317 -0.000215581 -0.000272944 -0.000320153 -0.00012875 0.000220998 -0.000166769 2.54639e-05 0.000175306 -4.24256e-05 0.000234246 0.000114864 2.60601e-05 0.000447453 0.000378622 -0.000426334 0.000528629 -0.000285472 0.000347811 -0.00033247 -0.00154422 0.0014286 0.0010729
internal_weight=504221 489331 357629 14890 14689 234238 13301 123391 131702 116407 110584 63155 15295 122988 50036 227195 48400 178795 97869 91412 38855 80926 12712 68214 52557 12562 17292 3056 6878 21563
internal_count=504221 489331 357629 14890 14689 234238 13301 123391 131702 116407 110584 63155 15295 122988 50036 227195 48400 178795 97869 91412 38855 80926 12712 68214 52557 12562 17292 3056 6878 21563
is_linear=0
shrinkage=0.05


Tree=84
num_leaves=31
num_cat=0
split_feature=0 1 1 0 1 1 1 1 0 1 0 1 1 0 0 1 1 0 0 1 0 0 0 0 0 0 1 0 0 1
split_gain=3.93242 3.27657 2.97032 2.82965 2.16366 1.62858 2.09975 2.10736 4.40826 4.80999 3.85521 3.64896 3.07687 3.35241 2.95801 2.99031 2.32838 2.81545 4.84504 2.17854 2.04957 1.8176 1.69407 1.62937 1.54958 1.69302 1.5397 3.34033 1.78533 1.84675
threshold=103.45000000000002 22.500000000000004 47.500000000000007 113.05000000000001 15.500000000000002 62.500000000000007 3.5000000000000004 16.500000000000004 81.350000000000009 10.500000000000002 81.65000000000002 11.500000000000002 25.500000000000004 69.050000000000011 97.65000000000002 19.500000000000004 36.500000000000007 70.050000000000011 64.65000000000002 44.500000000000007 96.750000000000014 102.15000000000002 45.850000000000001 100.95000000000002 68.15000000000002 45.850000000000001 28.500000000000004 103.85000000000001 103.85000000000001 24.500000000000004
decision_type=2 2 2 2 2 2 2 2 2 2 2 2 2 2 2 2 2 2 2 2 2 2 2 2 2 2 2 2 2 2
left_child=5 3 26 -2 -5 6 -1 8 9 -8 12 23 13 -9 -12 -16 17 18 -14 21 -13 -17 -11 -10 25 -18 28 -28 -3 -30
right_child=1 2 -4 4 -6 -7 7 10 11 22 14 20 16 -15 15 19 24 -19 -20 -21 -22 -23 -24 -25 -26 -27 27 -29 29 -31
leaf_value=-0.00017401778052656436 0.00010182270475689006 0.0041049567941552813 -0.003459439380851582 0.0012273208876071575 0.0058328428179596726 -0.00045638311621174795 0.00033308088288202392 -0.00033725381125043774 0.00033617692014212774 0.0030634615408337636 -0.00032030133346172269 0.0014204645307427798 -0.00093537758101869825 0.001595832906144388 -0.00091033514632765569 0.00030613852826886004 0.0022282628363684324 -0.00090035129185642236 0.0025573760349930359 -0.00083724005098529623 0.00045314828799750172 0.0012630342971421474 -0.0015254840724394547 -0.00054820634959670638 0.00070817537550253067 -0.00055249276707863989 -0.0024530607596485437 0.00093160605105017849 0.00031486295852531734 0.0019495491324032115
leaf_weight=159606 51186 636 369 947 349 23933 9009 3070 27682 207 94778 12403 2122 8324 5286 24348 613 8880 1866 3376 9805 6233 7074 6415 15462 5112 815 6904 2743 4668
leaf_count=159606 51186 636 369 947 349 23933 9009 3070 27682 207 94778 12403 2122 8324 5286 24348 613 8880 1866 3376 9805 6233 7074 6415 15462 5112 815 6904 2743 4668
internal_value=2.38158e-12 0.000351819 0.000974958 0.000160242 0.00246754 -5.54191e-05 -3.21086e-05 5.77475e-05 0.000285061 -0.000439313 -3.42002e-05 0.000494635 0.000363744 0.00107498 -0.000169151 0.000195902 0.000125781 -0.000404719 0.000698895 0.000368108 0.000993387 0.000501172 -0.00139502 0.000169789 0.000447982 -0.000254745 0.00107874 0.000574241 0.00156268 0.00134451
internal_weight=504221 68617 16135 52482 1296 435604 411671 252065 72595 16290 179470 56305 45449 11394 134021 39243 34055 12868 3988 33957 22208 30581 7281 34097 21187 5725 15766 7719 8047 7411
internal_count=504221 68617 16135 52482 1296 435604 411671 252065 72595 16290 179470 56305 45449 11394 134021 39243 34055 12868 3988 33957 22208 30581 7281 34097 21187 5725 15766 7719 8047 7411
is_linear=0
shrinkage=0.05


Tree=85
num_leaves=31
num_cat=0
split_feature=0 1 1 1 0 1 1 1 1 0 0 0 1 1 1 1 0 1 1 0 0 1 1 1 0 1 1 0 0 0
split_gain=3.66536 2.20694 2.15344 1.87956 1.52305 2.425 1.60066 1.55516 2.08044 1.50163 1.45137 2.78767 1.42821 2.60178 1.36236 1.48283 1.70282 1.05357 2.32088 4.22089 4.44445 4.19653 3.36897 3.28609 3.2456 5.31867 2.41939 2.15646 1.71086 1.65579
threshold=108.65000000000002 -14.499999999999998 62.500000000000007 16.500000000000004 69.050000000000011 -51.499999999999993 -22.499999999999996 -25.499999999999996 -57.499999999999993 58.350000000000001 35.850000000000001 64.050000000000011 11.500000000000002 8.5000000000000018 36.500000000000007 19.500000000000004 112.55000000000001 4.5000000000000009 16.500000000000004 81.65000000000002 98.15000000000002 18.500000000000004 47.500000000000007 19.500000000000004 81.350000000000009 10.500000000000002 10.500000000000002 74.65000000000002 71.250000000000014 69.050000000000011
decision_type=2 2 2 2 2 2 2 2 2 2 2 2 2 2 2 2 2 2 2 2 2 2 2 2 2 2 2 2 2 2
left_child=1 4 10 12 7 -6 -7 8 -1 -9 -3 -12 13 -2 15 16 -5 27 24 23 -21 -22 -23 28 25 -19 -26 -13 -20 -27
right_child=3 2 -4 14 5 6 -8 9 -10 -11 11 17 -14 -15 -16 -17 -18 18 19 20 21 22 -24 -25 26 29 -28 -29 -30 -31
leaf_value=-0.00048135555803928328 0.00023902504961611679 0.0015289876845405136 -0.00043737934286131128 0.0020473273326558628 0.0010760011781888827 -0.0007510038372916159 -0.0001904287019239345 0.00050958746777444931 0.00063108261925212857 -0.0013723260591518309 -0.00071280926572071931 -0.00076383156082765718 -0.00068893353919917682 0.0026399529998122756 0.005565007449827384 0.00088218675709230809 0.0070289578102245114 0.00059481412708812956 -0.00014551100217633777 -0.00029368579201728825 -0.00099858822830621217 0.0004993903085214593 -0.0014733573841465356 0.00035363941814974383 0.00017755995078100933 0.00059355015452176722 0.00077321654929077266 7.3546376034704683e-06 0.0026128624861478057 -0.0017697035231660049
leaf_weight=6252 5731 1654 23964 1051 2594 27456 23749 1592 12823 3172 11775 10078 2443 1405 201 3854 205 6666 720 98505 5900 48164 2266 34860 33454 861 34760 90176 2564 5326
leaf_count=6252 5731 1654 23964 1051 2594 27456 23749 1592 12823 3172 11775 10078 2443 1405 201 3854 205 6666 720 98505 5900 48164 2266 34860 33454 861 34760 90176 2564 5326
internal_value=-1.23464e-12 -2.3516e-05 2.2596e-05 0.000772808 -0.000268035 -0.000415452 -0.000491008 6.46496e-05 0.000266471 -0.000743441 5.10252e-05 4.46934e-05 0.000354517 0.000711741 0.00152724 0.00136842 0.00286041 6.85235e-05 0.000119261 2.49525e-05 -9.11111e-05 0.000263134 0.000410748 0.00049608 0.000343762 -0.000385075 0.00048109 -7.01686e-05 0.0020081 -0.00144083
internal_weight=504221 489331 411693 14890 77638 53799 51205 23839 19075 4764 387729 386075 9579 7136 5311 5110 1256 374300 274046 192979 154835 56330 50430 38144 81067 12853 68214 100254 3284 6187
internal_count=504221 489331 411693 14890 77638 53799 51205 23839 19075 4764 387729 386075 9579 7136 5311 5110 1256 374300 274046 192979 154835 56330 50430 38144 81067 12853 68214 100254 3284 6187
is_linear=0
shrinkage=0.05


Tree=86
num_leaves=31
num_cat=0
split_feature=0 1 1 1 0 0 0 1 0 0 1 1 1 1 0 0 1 0 1 1 1 1 0 1 0 1 0 1 0 1
split_gain=3.32151 2.05811 2.00623 1.64066 1.5618 1.28509 2.68788 1.20171 1.18129 1.16721 1.92026 1.36456 1.14157 1.03064 2.2423 1.42608 1.69898 0.938413 1.46809 1.90909 1.24632 1.70049 3.36897 2.13812 2.58284 1.29606 1.07504 1.04233 0.924865 1.10548
threshold=109.05000000000001 -11.499999999999998 62.500000000000007 -5.4999999999999991 115.45000000000002 64.65000000000002 41.550000000000004 35.500000000000007 55.45000000000001 64.050000000000011 -51.499999999999993 -69.499999999999986 2.5000000000000004 -22.499999999999996 72.850000000000009 74.65000000000002 -34.499999999999993 104.95000000000002 45.500000000000007 23.500000000000004 30.500000000000004 39.500000000000007 106.85000000000001 35.500000000000007 105.85000000000001 32.500000000000007 107.05000000000001 41.500000000000007 67.15000000000002 -59.499999999999993
decision_type=2 2 2 2 2 2 2 2 2 2 2 2 2 2 2 2 2 2 2 2 2 2 2 2 2 2 2 2 2 2
left_child=1 9 5 -2 7 6 -3 -5 12 11 28 -1 -8 15 -15 16 -12 -7 19 -19 26 22 23 25 -25 -22 -21 -23 29 -11
right_child=3 2 -4 4 -6 17 8 -9 -10 10 13 -13 -14 14 -16 -17 -18 18 -20 20 21 27 -24 24 -26 -27 -28 -29 -30 -31
leaf_value=-0.0010019628764591246 -0.0010466248571275036 0.0012575002250462318 -0.00041551035942952505 0.00080481721332465979 0.0043777303152349239 4.8493048512962424e-05 0.00024430516136805135 0.004579342236352521 -0.00038883767071417176 -0.0025135287670727592 0.00066885305864724945 0.00029461300836503891 -0.0019782162668406955 -0.001279347214509766 -6.9896936176414652e-05 -0.0007982001837978335 -0.00077439729035677597 0.00014876090766140844 -0.0039037348200366196 0.0021892975995603972 -0.0024078763152430432 0.005514857105539935 0.001955837696095209 -0.0012482742407136092 -0.0086651233270904938 0.0012179315676894994 0.00062012809658804286 0.00075580213218927382 0.001163022222831556 0.0011456906076262492
leaf_weight=2333 1097 2037 23964 10977 328 329415 738 215 8291 422 4214 15586 2661 4331 33281 23119 3951 26112 204 2766 463 221 1007 263 212 527 1803 240 3039 404
leaf_count=2333 1097 2037 23964 10977 328 329415 738 215 8291 422 4214 15586 2661 4331 33281 23119 3951 26112 204 2766 463 221 1007 263 212 527 1803 240 3039 404
internal_value=2.43489e-12 -2.05588e-05 2.80955e-05 0.000801045 0.000976991 5.62963e-05 -0.000418596 0.000877326 -0.000710658 -0.000235674 -0.000324696 0.000125803 -0.00149566 -0.000385534 -0.000209164 -0.00059758 -2.95281e-05 7.4243e-05 0.000325069 0.000350733 0.00105373 0.000249371 -0.000270538 -0.00180089 -0.00455853 -0.000477775 0.00157008 0.00303726 0.000759786 -0.00072379
internal_weight=504221 491604 400924 12617 11520 376960 13727 11192 11690 90680 72761 17919 3399 68896 37612 31284 8165 363233 33818 33614 7502 2933 2472 1465 475 990 4569 461 3865 826
internal_count=504221 491604 400924 12617 11520 376960 13727 11192 11690 90680 72761 17919 3399 68896 37612 31284 8165 363233 33818 33614 7502 2933 2472 1465 475 990 4569 461 3865 826
is_linear=0
shrinkage=0.05


Tree=87
num_leaves=31
num_cat=0
split_feature=0 1 1 0 1 0 0 1 1 1 1 0 0 0 1 0 1 0 0 0 0 0 1 1 0 0 0 0 1 0
split_gain=3.01083 2.25387 3.06413 1.9475 1.39501 1.29926 1.89544 1.18905 1.13038 2.69394 1.23648 1.11629 1.07511 0.980249 0.874704 0.906928 1.94114 1.50256 0.977198 2.85563 2.25468 1.86064 1.59763 1.58503 1.12417 0.963421 3.54396 2.85569 0.962128 0.910951
threshold=111.75000000000001 3.5000000000000004 31.500000000000004 107.45000000000002 15.500000000000002 58.350000000000001 41.550000000000004 1.5000000000000002 12.500000000000002 17.500000000000004 9.5000000000000018 107.25000000000001 29.850000000000005 106.45000000000002 62.500000000000007 82.550000000000011 36.500000000000007 68.15000000000002 103.95000000000002 104.45000000000002 103.55000000000001 102.85000000000001 39.500000000000007 46.500000000000007 102.65000000000002 69.550000000000011 64.050000000000011 75.65000000000002 37.500000000000007 75.65000000000002
decision_type=2 2 2 2 2 2 2 2 2 2 2 2 2 2 2 2 2 2 2 2 2 2 2 2 2 2 2 2 2 2
left_child=1 11 3 5 7 6 -3 -2 10 -10 -5 13 -4 -1 15 16 25 28 20 22 21 24 -20 -21 -17 26 -14 -27 -18 -19
right_child=4 2 12 8 -6 -7 -8 -9 9 -11 -12 -13 14 -15 -16 18 17 29 19 23 -22 -23 -24 -25 -26 27 -28 -29 -30 -31
leaf_value=-0.00014283351483330701 0.0028868404511482489 0.0011914325978266581 0.0024520593216682024 0.00076491243445989425 0.0027757925052419928 0.00016480793562012529 -0.0016576665284711205 -9.7605025516359418e-07 -0.00081360797308217651 0.0010510408078381022 0.0023875683689119544 -0.00083310550078430226 -0.0018502296167129725 0.00095208555985730079 -0.00040662790883558281 -0.00020616436788265061 0.0024710904458814841 0.0010689080667372203 0.0050085402325723309 0.00025596816810825467 -0.0032666998716360442 0.0017460761450457819 -8.3698987994226115e-05 -0.004092824379725574 -0.0030157783370485854 -0.002711565212640623 0.0027303721990549206 -5.1159001119714777e-05 -0.00049277353737847511 0.00032010170597619796
leaf_weight=170184 465 799 403 3204 1306 182225 2167 1527 2932 5708 1853 5831 865 2069 23858 64506 289 6677 498 3468 599 1224 223 223 358 1587 825 2768 5211 10369
leaf_count=170184 465 799 403 3204 1306 182225 2167 1527 2932 5708 1853 5831 865 2069 23858 64506 289 6677 498 3468 599 1224 223 223 358 1587 825 2768 5211 10369
internal_value=5.5819e-12 -9.91384e-06 6.88575e-05 0.000190462 0.00150578 0.000147912 -0.000890158 0.000673138 0.000765773 0.000418269 0.00135949 -0.000152714 -0.000126266 -0.000129682 -0.000134676 -6.95925e-05 0.000168227 0.000381555 -0.000165227 0.000555437 -0.000212906 -0.000185227 0.00343355 -6.77384e-06 -0.000221671 -0.00062742 0.000385863 -0.00102063 -0.000337036 0.000613413
internal_weight=504221 500923 322839 198888 3298 185191 2966 1992 13697 8640 5057 178084 123951 172253 123548 99690 28591 22546 71099 4412 66687 66088 721 3691 64864 6045 1690 4355 5500 17046
internal_count=504221 500923 322839 198888 3298 185191 2966 1992 13697 8640 5057 178084 123951 172253 123548 99690 28591 22546 71099 4412 66687 66088 721 3691 64864 6045 1690 4355 5500 17046
is_linear=0
shrinkage=0.05


Tree=88
num_leaves=31
num_cat=0
split_feature=0 0 1 1 1 1 0 1 0 0 0 0 0 1 1 0 1 1 0 0 1 1 0 0 1 1 0 1 0 0
split_gain=2.75314 1.78574 1.91328 4.30806 2.44749 6.94315 2.60396 2.38643 2.29217 2.07101 2.06969 1.85842 1.4303 1.42526 2.32389 1.47332 1.8086 1.33558 2.36838 1.32101 1.22469 1.30072 2.65078 2.09998 1.17451 1.15696 1.13996 1.42867 1.1357 1.65969
threshold=109.05000000000001 89.850000000000009 34.500000000000007 25.500000000000004 15.500000000000002 9.5000000000000018 98.350000000000009 12.500000000000002 91.450000000000017 105.55000000000001 100.05000000000001 99.050000000000011 100.65000000000002 15.500000000000002 14.500000000000002 112.15000000000002 20.500000000000004 18.500000000000004 103.15000000000002 104.35000000000001 27.500000000000004 30.500000000000004 94.450000000000017 100.35000000000001 -28.499999999999996 -6.4999999999999991 41.550000000000004 -34.499999999999993 97.450000000000017 97.850000000000009
decision_type=2 2 2 2 2 2 2 2 2 2 2 2 2 2 2 2 2 2 2 2 2 2 2 2 2 2 2 2 2 2
left_child=1 26 3 4 5 10 -7 9 -5 -8 24 -6 20 14 25 -15 -17 18 -13 -20 28 23 -23 -22 -3 -2 27 -1 -10 -30
right_child=13 2 -4 8 11 6 7 -9 12 -11 -12 17 -14 15 -16 16 -18 -19 19 -21 21 22 -24 -25 -26 -27 -28 -29 29 -31
leaf_value=-0.00038185124841503485 -0.0010848168668812837 -0.00079322265361059577 -0.00023771161573229619 -0.0007969966084958942 -0.00063532306927992091 0.0014602881778888546 0.00056674280899582797 -0.00011126263653022783 0.00040736202195964811 0.0022542793626662175 -0.00028953392369010966 0.000388957556084885 0.0011558934971332075 0.00094374253543868386 -0.0032591922071771012 0.0054978545067106924 0.001289199843832696 0.0002411024268389714 -0.0027744395840215183 -0.00080394648147638777 0.0010588241320335361 0.00166382637478676 -0.00029722980526035903 0.0060166273114368391 0.00019796995311212513 0.00076491692393593192 -0.00013908273984381176 0.0012009446474516832 -0.0048853480439076486 -0.00058318492244340632
leaf_weight=2387 977 3147 42333 2582 20559 10520 6416 8899 2791 2537 47548 3840 13049 3886 432 440 608 18019 1137 3376 6368 2448 5820 221 59412 6274 222805 3540 261 1589
leaf_count=2387 977 3147 42333 2582 20559 10520 6416 8899 2791 2537 47548 3840 13049 3886 432 440 608 18019 1137 3376 6368 2448 5820 221 59412 6274 222805 3540 261 1589
internal_value=-4.46055e-12 -1.87174e-05 7.01746e-05 0.000129274 3.30832e-05 0.000138838 0.000836298 0.000468586 0.000636968 0.00104494 -4.08806e-05 -0.000278968 0.000750726 0.000729296 0.00030343 0.00139243 0.00305619 -1.16182e-06 -0.000523772 -0.00130039 0.000479569 0.000701046 0.000283402 0.00122511 0.000148108 0.000515684 -0.000120877 0.0005635 -0.000229435 -0.00119014
internal_weight=504221 491604 262872 220539 185410 138479 28372 17852 35129 8953 110107 46931 32547 12617 7683 4934 1048 26372 8353 4513 19498 14857 8268 6589 62559 7251 228732 5927 4641 1850
internal_count=504221 491604 262872 220539 185410 138479 28372 17852 35129 8953 110107 46931 32547 12617 7683 4934 1048 26372 8353 4513 19498 14857 8268 6589 62559 7251 228732 5927 4641 1850
is_linear=0
shrinkage=0.05


Tree=89
num_leaves=31
num_cat=0
split_feature=0 1 1 0 0 1 0 1 0 1 1 1 1 0 1 0 0 0 1 1 1 1 0 1 0 1 1 0 0 1
split_gain=2.49183 2.3891 3.12405 2.64612 1.8619 1.84585 1.25109 1.07257 1.74863 2.18104 1.27281 1.26374 1.45088 1.3993 1.0558 1.19144 1.0299 1.862 0.989584 1.10569 4.12709 1.56476 1.18759 0.972497 0.96617 1.16877 1.39298 0.919813 0.91667 1.42864
threshold=103.45000000000002 24.500000000000004 28.500000000000004 103.85000000000001 113.05000000000001 47.500000000000007 103.95000000000002 -17.499999999999996 69.050000000000011 -51.499999999999993 62.500000000000007 -73.499999999999986 -29.499999999999996 29.850000000000005 15.500000000000002 113.55000000000001 35.850000000000001 55.45000000000001 -19.499999999999996 12.500000000000002 10.500000000000002 17.500000000000004 111.15000000000002 -57.499999999999993 103.95000000000002 1.5000000000000002 3.5000000000000004 110.65000000000002 107.65000000000002 19.500000000000004
decision_type=2 2 2 2 2 2 2 2 2 2 2 2 2 2 2 2 2 2 2 2 2 2 2 2 2 2 2 2 2 2
left_child=7 4 6 -4 18 27 -3 8 11 -10 16 -1 23 -14 15 -6 -9 -18 -2 20 24 -21 -22 -13 25 -20 -27 -5 -23 -30
right_child=1 2 3 5 14 -7 -8 10 9 -11 -12 12 13 -15 -16 -17 17 -19 19 21 22 28 -24 -25 -26 26 -28 -29 29 -31
leaf_value=-0.0012242274301379552 -0.0010197903472191293 0.0042196582467986807 -0.0023013913561406273 0.00062215546953409378 0.0038755544804405639 -0.0032667532135177446 0.0015970772454113635 0.0012172182168135746 0.0009793057994674332 -0.000517851508109077 -0.00036414748138702545 -0.00014522284645722322 0.0035297494111717616 -0.00066541406538337474 0.0040374193383988779 -7.5071003210192813e-05 -0.0010339237365398382 1.9625034278305901e-05 1.2968682464335629e-05 -0.00065763490419064102 0.0021154573172671677 -8.39136608148031e-05 -0.0016896404921122052 0.00071660819927382214 1.1324803269570928e-05 0.0050477267779184118 0.0011946929062926961 0.0031946111513601176 0.0023934633350313336 0.00022915125579524591
leaf_weight=1620 1936 505 887 6537 265 297 4570 1766 2594 39094 23933 4632 207 5000 422 682 4246 341353 1539 8845 3454 7306 218 11159 25785 297 1116 367 1099 2490
leaf_count=1620 1936 505 887 6537 265 297 4570 1766 2594 39094 23933 4632 207 5000 422 682 4246 341353 1539 8845 3454 7306 218 11159 25785 297 1116 367 1099 2490
internal_value=3.26116e-12 0.000280059 0.000885624 0.000275457 0.000136317 0.000592866 0.00185804 -4.41153e-05 -0.000232642 -0.000424692 -1.14639e-05 0.000121332 0.000225143 -0.000498639 0.00195735 0.00103044 1.28356e-05 6.68122e-06 9.02229e-05 0.000131431 0.000311113 -0.000163569 0.00188956 0.000463806 0.000109421 0.000966264 0.00200457 0.000758901 0.000237534 0.000891893
internal_weight=504221 68617 13163 8088 55454 7201 5075 435604 64306 41688 371298 22618 20998 5207 1369 947 347365 345599 54085 52149 32409 19740 3672 15791 28737 2952 1413 6904 10895 3589
internal_count=504221 68617 13163 8088 55454 7201 5075 435604 64306 41688 371298 22618 20998 5207 1369 947 347365 345599 54085 52149 32409 19740 3672 15791 28737 2952 1413 6904 10895 3589
is_linear=0
shrinkage=0.05


Tree=90
num_leaves=31
num_cat=0
split_feature=0 1 1 0 0 0 1 0 1 0 1 1 0 1 0 1 0 1 1 1 1 0 1 0 0 1 1 1 0 1
split_gain=2.297 1.5412 1.48281 1.52938 1.33509 2.15174 1.36151 1.27406 1.15192 1.12304 1.62932 1.42469 1.26935 1.55417 1.09801 0.964331 0.895705 1.47107 3.04114 1.82477 5.10925 2.0689 1.63469 2.39804 1.92526 1.2648 2.03385 1.2538 7.02512 2.39911
threshold=109.05000000000001 -9.4999999999999982 45.500000000000007 100.45000000000002 55.45000000000001 41.550000000000004 15.500000000000002 115.45000000000002 35.500000000000007 60.550000000000004 -49.499999999999993 -73.499999999999986 85.050000000000011 -28.499999999999996 99.550000000000011 -5.4999999999999991 93.65000000000002 25.500000000000004 30.500000000000004 13.500000000000002 10.500000000000002 100.45000000000002 27.500000000000004 103.45000000000002 103.95000000000002 18.500000000000004 16.500000000000004 23.500000000000004 72.050000000000011 13.500000000000002
decision_type=2 2 2 2 2 2 2 2 2 2 2 2 2 2 2 2 2 2 2 2 2 2 2 2 2 2 2 2 2 2
left_child=1 9 4 -4 5 -3 -7 8 15 11 -11 -1 -12 -14 -15 -2 27 19 22 20 21 -18 23 -19 -25 26 -21 29 -29 -6
right_child=7 2 3 -5 16 6 -8 -9 -10 10 12 -13 13 14 -16 -17 17 18 -20 25 -22 -23 -24 24 -26 -27 -28 28 -30 -31
leaf_value=-0.0013165390135271707 -0.00090752207500916957 0.00060329881640723852 -0.00015600137425390609 -0.0017188285389224296 -6.7828998991483126e-05 -0.00044169951161356194 -0.0026845656102052846 0.0036672655499112514 0.0042096644605315011 0.00054651102485852047 -0.00054631266639900908 0.00037878244898373233 -0.00087005986224723559 0.00014477235265076161 -0.00044346351063632978 0.00065766440549600263 0.000348471906650142 -0.00020826233775750785 8.6047953458039258e-05 -6.0255500367782667e-05 0.0011523143390765281 -0.00020609051142911856 0.0013434054602840849 0.0060123199830805912 0.0012463982721168795 4.7562925155065827e-05 -0.0010818841263070839 0.0012103065082063348 -0.00040539120040138197 0.00047681355875975567
leaf_weight=1370 1081 1701 60519 1607 63173 1243 1485 344 215 5823 34851 12984 6336 27460 11156 10977 30939 5277 28775 12056 12362 36849 9935 239 1869 27550 8175 7765 50368 29737
leaf_count=1370 1081 1701 60519 1607 63173 1243 1485 344 215 5823 34851 12984 6336 27460 11156 10977 30939 5277 28775 12056 12362 36849 9935 239 1869 27550 8175 7765 50368 29737
internal_value=4.80203e-13 -1.70966e-05 2.7635e-05 -0.000196427 6.98812e-05 -0.000792369 -0.00166261 0.000666146 0.000582028 -0.000192311 -0.000260922 0.000216975 -0.000319839 -0.000144255 -2.51665e-05 0.000517345 8.16292e-05 0.000158952 0.000401133 7.16915e-05 0.000217493 4.70163e-05 0.000924607 0.0003612 0.00178675 -0.000172882 -0.000473078 -7.45927e-06 -0.000189578 0.000106491
internal_weight=504221 491604 391624 62126 329498 4429 2728 12617 12273 99980 85626 14354 79803 44952 38616 12058 325069 174026 46095 127931 80150 67788 17320 7385 2108 47781 20231 151043 58133 92910
internal_count=504221 491604 391624 62126 329498 4429 2728 12617 12273 99980 85626 14354 79803 44952 38616 12058 325069 174026 46095 127931 80150 67788 17320 7385 2108 47781 20231 151043 58133 92910
is_linear=0
shrinkage=0.05


Tree=91
num_leaves=31
num_cat=0
split_feature=0 1 1 0 0 0 1 0 1 1 0 1 1 0 1 0 1 1 0 0 0 1 1 0 1 1 1 0 1 0
split_gain=2.12824 1.69027 2.21063 1.38892 1.42145 1.11976 1.15856 1.05924 1.12016 1.41208 1.05094 1.13995 1.85463 1.01774 1.00933 1.73666 0.997336 1.0882 0.9881 0.976455 0.919872 2.42186 1.24224 2.07176 3.79996 2.69236 2.34197 2.61359 2.66076 2.0302
threshold=111.75000000000001 3.5000000000000004 29.500000000000004 64.65000000000002 41.550000000000004 53.750000000000007 17.500000000000004 106.25000000000001 41.500000000000007 37.500000000000007 107.45000000000002 12.500000000000002 17.500000000000004 105.85000000000001 31.500000000000004 106.85000000000001 15.500000000000002 1.5000000000000002 107.25000000000001 29.850000000000005 73.65000000000002 22.500000000000004 16.500000000000004 81.350000000000009 10.500000000000002 14.500000000000002 11.500000000000002 96.750000000000014 12.500000000000002 83.850000000000009
decision_type=2 2 2 2 2 2 2 2 2 2 2 2 2 2 2 2 2 2 2 2 2 2 2 2 2 2 2 2 2 2
left_child=1 18 3 4 19 -6 -7 13 9 14 20 -12 -13 -4 -9 -16 17 -2 -1 -3 21 -5 23 24 -22 -26 -25 -28 -29 -24
right_child=16 2 7 10 5 6 -8 8 -10 -11 11 12 -14 -15 15 -17 -18 -19 -20 -21 22 -23 29 26 25 -27 27 28 -30 -31
leaf_value=-0.00011032965235704635 0.0026796950784421739 -0.00058869892686960247 -0.00010461354925906631 0.0001654863201188175 -0.0023931907278231601 -0.0013695767569150766 0.00048450341812014035 0.0022160665982111903 -0.0023855296847552568 0.0041994179449213005 0.0012138852776371202 -0.00074828783911621102 0.00082186199002877046 -0.0024528972627534725 -0.003463532186116434 0.0008809881318616224 0.0023398277929083376 -8.2931512673693438e-05 -0.00077213164910231997 0.0030654652178882069 0.00048531543182902756 0.0019589450388320588 0.00059177287986030946 0.00012891535328526585 -0.0025557697065492243 0.00023465817156605997 0.0012584865036989921 0.0015826495393819495 -4.6867214726396295e-05 -0.00011553847621129565
leaf_weight=172253 465 336 133190 7246 1056 1859 1541 733 236 342 5057 2932 5245 463 297 1020 1306 1527 5831 401 4780 2543 11955 42838 2580 1300 12403 3144 12328 67014
leaf_count=172253 465 336 133190 7246 1056 1859 1541 733 236 342 5057 2932 5245 463 297 1020 1306 1527 5831 401 4780 2543 11955 42838 2580 1300 12403 3144 12328 67014
internal_value=-3.55163e-12 -8.33509e-06 5.98802e-05 0.000171707 -0.000634543 -0.000970968 -0.000529242 -9.32018e-05 0.000900887 0.00122513 0.000194792 0.000623795 0.000258859 -0.000112748 0.000728934 -9.87556e-05 0.00126599 0.000561959 -0.000131999 0.00139952 0.000161024 0.000631394 0.000131945 0.000271636 -0.000458317 -0.00162083 0.000361031 0.000717743 0.00028426 -8.45966e-06
internal_weight=504221 500923 322839 186558 5193 4456 3400 136281 2628 2392 181365 13234 8177 133653 2050 1317 3298 1992 178084 737 168131 9789 158342 79373 8660 3880 70713 27875 15472 78969
internal_count=504221 500923 322839 186558 5193 4456 3400 136281 2628 2392 181365 13234 8177 133653 2050 1317 3298 1992 178084 737 168131 9789 158342 79373 8660 3880 70713 27875 15472 78969
is_linear=0
shrinkage=0.05


Tree=92
num_leaves=31
num_cat=0
split_feature=0 1 1 0 1 0 0 1 1 0 1 1 0 0 1 0 0 1 1 0 0 1 1 1 0 0 1 1 0 0
split_gain=2.01922 2.0174 2.32393 1.58698 1.51118 1.05885 1.73879 2.22856 0.900988 0.892314 0.861406 1.11712 1.22376 1.32773 1.91283 2.54878 1.41836 1.82336 1.53102 1.18821 1.29983 0.976616 0.949011 0.903987 3.32729 2.62772 1.75547 1.53937 1.37765 1.75076
threshold=103.15000000000002 24.500000000000004 28.500000000000004 115.45000000000002 47.500000000000007 103.85000000000001 103.55000000000001 35.500000000000007 -19.499999999999996 107.05000000000001 63.500000000000007 -5.4999999999999991 99.450000000000017 87.450000000000017 -33.499999999999993 51.750000000000007 75.950000000000017 -59.499999999999993 -57.499999999999993 64.65000000000002 41.550000000000004 44.500000000000007 -28.499999999999996 20.500000000000004 73.65000000000002 97.65000000000002 52.500000000000007 47.500000000000007 97.850000000000009 77.15000000000002
decision_type=2 2 2 2 2 2 2 2 2 2 2 2 2 2 2 2 2 2 2 2 2 2 2 2 2 2 2 2 2 2
left_child=10 3 9 8 5 6 7 -4 -2 -3 11 12 13 14 16 -16 18 -18 -1 20 21 -13 -15 28 26 -26 -25 -27 29 -21
right_child=1 2 4 -5 -6 -7 -8 -9 -10 -11 -12 19 -14 22 15 -17 17 -19 -20 23 -22 -23 -24 24 25 27 -28 -29 -30 -31
leaf_value=-0.00030274333610371589 -0.00092332720742291721 0.0020895794499254743 -0.0013292697672121882 0.0036765007290186606 -0.0027156602511349236 0.00068298651451169888 -0.002887070186052968 0.0038363182718564428 0.00013320987809594881 0.00075036493391354231 -0.00034410263010200008 0.00029262084373985657 -0.00069313362261373039 -0.00055213883474269237 0.0011030156506799313 -0.00055226244279762125 0.0025230218562374424 -0.00083762015204740924 0.00061316449837990096 -0.00020978734586850516 -0.00066012360602303729 0.0035060720444902169 0.00023159143815017517 0.0010444444380267393 -0.00022547101328680613 0.00039948689437437442 -0.00045915789932688485 -0.00092606838607240294 -0.0001064251887993405 0.00034695825915056176
leaf_weight=6988 2093 3401 557 311 402 6904 593 334 56201 1961 22245 1491 9774 4397 2475 38521 436 5434 13146 17277 10670 281 31780 9911 106507 28580 2414 2372 39473 77292
leaf_count=6988 2093 3401 557 311 402 6904 593 334 56201 1961 22245 1491 9774 4397 2475 38521 436 5434 13146 17277 10670 281 31780 9911 106507 28580 2414 2372 39473 77292
internal_value=-2.39368e-12 0.000243661 0.000779442 0.00011428 0.000279015 0.000422536 -0.000789155 0.000607101 9.52757e-05 0.0015998 -4.10882e-05 -2.46164e-05 -0.000158411 -0.000107757 -0.000239556 -0.00045233 9.58891e-05 -0.000588005 0.000295276 2.63923e-05 -0.000451858 0.000802203 0.000136336 4.73573e-05 -3.70564e-05 -0.000107621 0.000749946 0.000297903 0.000141685 0.000245245
internal_weight=504221 72757 14152 58605 8790 8388 1484 891 58294 5362 431464 409219 112951 103177 67000 40996 26004 5870 20134 296268 12442 1772 36177 283826 149784 137459 12325 30952 134042 94569
internal_count=504221 72757 14152 58605 8790 8388 1484 891 58294 5362 431464 409219 112951 103177 67000 40996 26004 5870 20134 296268 12442 1772 36177 283826 149784 137459 12325 30952 134042 94569
is_linear=0
shrinkage=0.05


Tree=93
num_leaves=31
num_cat=0
split_feature=0 0 1 1 1 1 0 0 0 0 0 0 0 1 0 0 0 1 1 1 0 1 0 1 0 0 0 1 1 1
split_gain=1.83503 1.48927 1.26475 2.05353 3.18772 1.55168 2.1717 2.4492 1.80082 1.29662 1.23963 1.12788 1.58925 0.991958 0.946645 2.63286 2.25107 2.87797 0.931824 3.68219 2.2879 1.37292 1.24212 1.07877 1.02219 1.75412 1.65394 1.09949 1.0217 0.965991
threshold=111.75000000000001 95.250000000000014 47.500000000000007 25.500000000000004 30.500000000000004 27.500000000000004 100.95000000000002 101.35000000000001 102.05000000000001 100.45000000000002 99.15000000000002 102.95000000000002 103.25000000000001 36.500000000000007 102.95000000000002 102.55000000000001 105.05000000000001 28.500000000000004 13.500000000000002 10.500000000000002 99.250000000000014 12.500000000000002 100.25000000000001 18.500000000000004 102.65000000000002 102.55000000000001 102.85000000000001 21.500000000000004 -22.499999999999996 16.500000000000004
decision_type=2 2 2 2 2 2 2 2 2 2 2 2 2 2 2 2 2 2 2 2 2 2 2 2 2 2 2 2 2 2
left_child=1 -1 3 18 5 6 9 -8 -9 -5 -4 -6 13 -13 15 -7 17 -16 19 20 -3 -21 -23 29 25 -25 27 -26 -22 -20
right_child=-2 2 10 4 11 14 7 8 -10 -11 -12 12 -14 -15 16 -17 -18 -19 23 21 28 22 -24 24 26 -27 -28 -29 -30 -31
leaf_value=-7.644569151673819e-05 0.0011755491230112155 0.00038483776772517083 -9.6517475636279831e-05 -0.00024034404219955998 -0.00010011097680179711 0.0015424612366919178 0.0065162719555811035 -0.0022706957074218733 0.0013176566271541031 -0.0038817172835158946 -0.0016266203923617252 0.0049345926058194239 0.00041942771409507381 0.00063391921492958708 0.0023897063000723386 0.0063499280537168195 0.001797913810244898 -0.0025642726759458404 -0.00014243028901427432 0.0013057783004311126 -0.0010739824400614884 0.0014148630534213495 -0.00042024419710841364 -0.00015431288647221671 0.00087218973518273478 -0.004642885117328039 0.00028802916123765417 0.0059533938445786045 -0.00011971169254779814 -0.00085078480740415205
leaf_weight=306355 3298 27397 3851 2897 19669 5620 207 393 3169 267 2017 334 6050 224 444 300 1959 863 11947 8170 2950 1381 2775 14409 209 221 11539 217 57029 8060
leaf_count=306355 3298 27397 3851 2897 19669 5620 207 393 3169 267 2017 334 6050 224 444 300 1959 863 11947 8170 2950 1381 2775 14409 209 221 11539 217 57029 8060
internal_value=-6.65613e-12 -7.73964e-06 0.000100441 0.000122921 0.000429329 0.000982892 0.000418209 0.00122901 0.000921749 -0.000547628 -0.000622458 8.97594e-05 0.000654917 0.00320816 0.00140908 0.00178608 0.000725712 -0.00088136 3.41296e-05 0.0001204 6.27305e-06 0.000929414 0.000189545 -0.000150439 5.82128e-05 -0.000222117 0.000400981 0.0034605 -0.000166646 -0.000427797
internal_weight=504221 500923 194568 188700 42396 16119 6933 3769 3562 3164 5868 26277 6608 558 9186 5920 3266 1307 146304 99702 87376 12326 4156 46602 26595 14630 11965 426 59979 20007
internal_count=504221 500923 194568 188700 42396 16119 6933 3769 3562 3164 5868 26277 6608 558 9186 5920 3266 1307 146304 99702 87376 12326 4156 46602 26595 14630 11965 426 59979 20007
is_linear=0
shrinkage=0.05


Tree=94
num_leaves=31
num_cat=0
split_feature=0 1 1 0 1 0 0 0 0 0 0 1 1 1 0 1 0 1 0 0 0 1 1 1 1 0 0 1 1 1
split_gain=1.71431 1.61523 1.55954 1.53678 1.01754 2.19011 1.63114 0.984848 1.16885 0.944513 1.20967 1.94222 0.928999 2.97762 1.14549 2.45835 1.11378 1.04134 0.905361 0.977716 0.89535 1.62259 1.06262 0.842379 0.832737 0.800473 0.868053 0.767288 1.02737 1.2207
threshold=103.45000000000002 22.500000000000004 47.500000000000007 115.45000000000002 28.500000000000004 103.85000000000001 104.45000000000002 105.25000000000001 105.85000000000001 104.25000000000001 103.85000000000001 25.500000000000004 12.500000000000002 9.5000000000000018 110.25000000000001 15.500000000000002 109.45000000000002 14.500000000000002 106.05000000000001 107.05000000000001 103.95000000000002 1.5000000000000002 3.5000000000000004 26.500000000000004 15.500000000000002 107.85000000000001 108.05000000000001 64.500000000000014 3.5000000000000004 20.500000000000004
decision_type=2 2 2 2 2 2 2 2 2 2 2 2 2 2 2 2 2 2 2 2 2 2 2 2 2 2 2 2 2 2
left_child=27 3 4 12 6 -6 9 -8 23 10 -3 -12 13 20 16 17 25 -16 -10 -20 21 -2 -23 -9 -18 -14 -27 28 -1 -30
right_child=1 2 -4 -5 5 -7 7 8 18 -11 11 -13 14 -15 15 -17 24 -19 19 -21 -22 22 -24 -25 -26 26 -28 -29 29 -31
leaf_value=-0.00012129956196871332 -0.00014359988690527018 0.0034794261567763192 -0.0025433456846689529 0.0037149852231042843 -0.0021164072079989673 0.00062424807884430391 -0.00050043005666303977 0.0017526237442316069 -0.0022310172825926494 0.0051052232531623712 -0.0024221965212017204 0.0035166475148834734 -0.00044111625637227619 0.0012827497872866366 -0.0001480818032222524 0.0020266480825264287 -0.004133054827532125 -0.0041332579942213168 0.0022232642558295693 0.00049372643264920682 -7.0242840543607206e-05 0.0048104862171391453 0.0013988992709356681 0.0052025700784197049 -0.00099510493736082624 0.0028322631073459774 0.00016625220102013032 -0.00033406108907552454 0.00018177929540830889 -4.4129024667001539e-05
leaf_weight=159606 1781 636 369 292 815 6904 1194 578 238 306 302 253 11606 5597 469 1462 315 252 1099 3186 26245 297 986 255 643 355 2182 20650 95559 159789
leaf_count=159606 1781 636 369 292 815 6904 1194 578 238 306 302 253 11606 5597 469 1462 315 252 1099 3186 26245 297 986 255 643 355 2182 20650 95559 159789
internal_value=4.58773e-13 0.000232292 0.000669806 9.77833e-05 0.000745009 0.00033488 0.00113842 0.0007981 0.00108758 0.00262747 0.00199087 0.00028506 7.75453e-05 0.000225987 -0.000222241 0.000848341 -0.000377004 -0.00154096 0.000770594 0.000937312 2.41821e-05 0.000832989 0.00218864 0.00280873 -0.00202689 -0.000265246 0.000539305 -3.6591e-05 -2.17875e-05 4.04128e-05
internal_weight=504221 68617 16135 52482 15766 7719 8047 6550 5356 1497 1191 555 52190 34906 17284 2183 15101 721 4523 4285 29309 3064 1283 833 958 14143 2537 435604 414954 255348
internal_count=504221 68617 16135 52482 15766 7719 8047 6550 5356 1497 1191 555 52190 34906 17284 2183 15101 721 4523 4285 29309 3064 1283 833 958 14143 2537 435604 414954 255348
is_linear=0
shrinkage=0.05


Tree=95
num_leaves=31
num_cat=0
split_feature=0 1 1 1 1 0 1 1 1 0 0 0 0 1 1 0 1 1 0 0 1 1 1 0 1 0 1 0 1 1
split_gain=1.60429 1.39664 1.07156 1.01381 0.997999 1.34492 2.36292 1.68095 0.936327 0.904753 0.846638 1.5472 0.824676 1.60455 2.44959 0.783044 1.02902 0.76086 0.740375 0.691482 0.667661 0.656252 0.634471 0.628717 0.984897 0.753848 0.6159 0.571591 0.545268 0.882225
threshold=108.65000000000002 36.500000000000007 -14.499999999999998 62.500000000000007 -38.499999999999993 74.050000000000011 -51.499999999999993 -61.499999999999993 -6.4999999999999991 115.45000000000002 66.550000000000011 35.850000000000001 69.050000000000011 23.500000000000004 39.500000000000007 41.550000000000004 -35.499999999999993 -61.499999999999993 85.850000000000009 53.750000000000007 35.500000000000007 -73.499999999999986 -63.499999999999993 81.950000000000017 -34.499999999999993 99.850000000000009 -28.499999999999996 91.450000000000017 29.500000000000004 6.5000000000000009
decision_type=2 2 2 2 2 2 2 2 2 2 2 2 2 2 2 2 2 2 2 2 2 2 2 2 2 2 2 2 2 2
left_child=2 8 4 10 5 7 17 19 -2 -10 11 -4 13 -12 20 16 -6 -7 -19 21 -15 -1 -23 24 -17 26 -25 -28 29 -14
right_child=1 -3 3 -5 15 6 -8 -9 9 -11 12 -13 28 14 -16 23 -18 18 -20 -21 -22 22 -24 25 -26 -27 27 -29 -30 -31
leaf_value=-0.002009988690563454 -0.00086179537037590773 0.0046509265973793332 0.0011595173243480797 -0.00029903330174032238 -0.0024479724726273648 0.0028687224226414893 -0.0011502976189934515 0.00067815106801211535 0.00051085880636385177 0.0031694916098253668 -5.860130455283845e-05 -0.00044490039745909734 -2.6895127323840404e-05 0.0025265777474549299 6.1147499252997697e-05 0.00031816577059252444 0.0014159787146879211 -0.00023098941765097659 0.0030068205728520096 0.00015858476070368621 0.0053237183663481678 0.00011478473010456589 -0.0023846613083566941 -0.00053791738485576179 -0.00067743828180655838 -0.00066863867109369249 -0.00021350662009357582 0.00031389510975022704 -5.4876629336246793e-05 0.00015950165679799668
leaf_weight=977 1237 201 1654 23964 201 446 4336 11118 13124 328 3660 16419 109591 1031 1344 2874 1207 878 221 2678 269 1309 315 5578 18307 6638 10110 10445 102885 150876
leaf_count=977 1237 201 1654 23964 201 446 4336 11118 13124 328 3660 16419 109591 1031 1344 2874 1207 878 221 2678 269 1309 315 5578 18307 6638 10110 10445 102885 150876
internal_value=6.81829e-13 0.000511276 -1.55578e-05 1.65735e-05 -0.000185941 9.66495e-05 -0.000552039 0.00032931 0.00045463 0.000575684 3.60799e-05 -0.000298068 5.24169e-05 0.000619398 0.00155793 -0.000299661 0.000864378 0.00112696 0.000420108 -0.000405377 0.00310537 -0.000986034 -0.000370022 -0.00033004 -0.000542347 -0.000192818 -7.19558e-05 5.4492e-05 4.258e-05 8.10756e-05
internal_weight=504221 14890 489331 411693 77638 22278 5881 16397 14689 13452 387729 18073 369656 6304 2644 55360 1408 1545 1099 5279 1300 2601 1624 53952 21181 32771 26133 20555 363352 260467
internal_count=504221 14890 489331 411693 77638 22278 5881 16397 14689 13452 387729 18073 369656 6304 2644 55360 1408 1545 1099 5279 1300 2601 1624 53952 21181 32771 26133 20555 363352 260467
is_linear=0
shrinkage=0.05


Tree=96
num_leaves=31
num_cat=0
split_feature=0 0 1 1 1 1 1 0 0 0 1 0 0 1 0 0 0 1 0 0 0 0 0 1 1 1 0 1 0 1
split_gain=1.45557 1.02186 1.23927 1.37062 3.11392 1.74443 4.33863 2.33258 1.97031 1.65391 1.61361 1.58005 1.38583 1.29455 2.06335 1.63725 3.4431 1.71608 1.2731 1.17157 1.90066 1.51339 2.8414 1.60128 1.16262 1.08656 2.29532 1.22846 1.21373 1.01117
threshold=109.05000000000001 89.850000000000009 -28.499999999999996 34.500000000000007 27.500000000000004 15.500000000000002 9.5000000000000018 95.65000000000002 99.050000000000011 91.65000000000002 12.500000000000002 100.05000000000001 107.05000000000001 22.500000000000004 99.850000000000009 100.05000000000001 100.35000000000001 23.500000000000004 100.65000000000002 103.45000000000002 103.85000000000001 101.35000000000001 100.95000000000002 25.500000000000004 28.500000000000004 17.500000000000004 101.55000000000001 16.500000000000004 101.15000000000002 35.500000000000007
decision_type=2 2 2 2 2 2 2 2 2 2 2 2 2 2 2 2 2 2 2 2 2 2 2 2 2 2 2 2 2 2
left_child=1 -1 -3 4 5 6 11 -8 -7 -6 12 -4 -9 14 -10 17 -17 -15 -16 21 -21 22 23 -18 -11 26 -20 -28 -27 -2
right_child=29 2 3 -5 9 8 7 10 13 24 -12 -13 -14 15 18 16 19 -19 25 20 -22 -23 -24 -25 -26 28 27 -29 -30 -31
leaf_value=-9.0889628795057801e-05 0.00047106620055409066 -0.00083333379051350449 0.00016919672356550139 -0.00019329457186833404 -0.00066420055177990789 -0.00051885804632890412 0.0015243193572973823 0.00067284182840644238 0.0014986402645546905 0.001550143496104085 1.6340781605844712e-05 -0.00021921555859966873 0.0024374886650651178 -0.00458529763133593 -0.0016215787595298342 0.0049373655480561959 0.0011366855328436942 -0.00023599539852004706 0.0020605229178265712 0.0037801474400665372 0.00068398118687071992 -0.00074377868324542666 0.0039180507861065013 -0.0033673261320846942 0.00059840402271674664 -0.0017996706026501227 -0.00037203879698564636 -0.0021101911281081716 0.00022597699505900491 0.0039139252276189874
leaf_weight=228732 12400 3880 59412 42333 2264 24890 6516 9684 1674 3814 10915 46815 1257 284 1742 459 500 1126 597 549 5103 2975 583 326 20222 798 1991 2077 10086 217
leaf_count=228732 12400 3880 59412 42333 2264 24890 6516 9684 1674 3814 10915 46815 1257 284 1742 459 500 1126 597 549 5103 2975 583 326 20222 798 1991 2077 10086 217
internal_value=2.35784e-12 -1.36096e-05 5.36338e-05 6.69216e-05 0.000117765 4.73079e-05 0.000144728 0.000694013 -0.000187855 0.000627735 0.000446472 -1.97935e-06 0.00087558 7.90271e-05 -0.000177509 0.000487697 0.000702619 -0.00111203 -0.000339783 0.000508941 0.000984723 -0.000104453 0.00124544 -0.000640927 0.000749425 -0.00019618 -0.000834612 -0.00125949 7.74593e-05 0.00053028
internal_weight=504221 491604 262872 258992 216659 190359 134599 28372 55760 26300 21856 106227 10941 30870 18965 11905 10495 1410 17291 10036 5652 4384 1409 826 24036 15549 4665 4068 10884 12617
internal_count=504221 491604 262872 258992 216659 190359 134599 28372 55760 26300 21856 106227 10941 30870 18965 11905 10495 1410 17291 10036 5652 4384 1409 826 24036 15549 4665 4068 10884 12617
is_linear=0
shrinkage=0.05


Tree=97
num_leaves=31
num_cat=0
split_feature=0 1 0 1 0 1 1 0 1 0 1 0 0 1 1 0 1 1 1 1 0 0 1 0 0 0 0 0 1 1
split_gain=1.36763 1.0937 1.35714 1.10346 2.4442 3.70701 2.06891 2.2275 1.99319 1.68418 3.23464 2.51847 2.35234 3.36692 2.31473 1.50297 1.7414 1.32405 1.28162 1.18394 2.35567 3.49702 1.9578 1.36816 1.21626 1.09617 1.04811 1.00894 0.958212 1.17369
threshold=111.75000000000001 3.5000000000000004 107.45000000000002 16.500000000000004 81.350000000000009 10.500000000000002 11.500000000000002 96.750000000000014 12.500000000000002 81.65000000000002 25.500000000000004 69.050000000000011 97.65000000000002 20.500000000000004 47.500000000000007 69.050000000000011 15.500000000000002 18.500000000000004 14.500000000000002 36.500000000000007 70.050000000000011 53.750000000000007 58.500000000000007 68.15000000000002 65.350000000000009 65.350000000000009 97.950000000000017 45.850000000000001 11.500000000000002 9.5000000000000018
decision_type=2 2 2 2 2 2 2 2 2 2 2 2 2 2 2 2 2 2 2 2 2 2 2 2 2 2 2 2 2 2
left_child=1 -1 3 4 5 25 -6 -8 -9 10 11 -5 -11 26 -15 18 -17 -13 -7 20 21 -12 23 27 -23 -3 -14 -21 29 -4
right_child=-2 2 28 9 6 15 7 8 -10 12 19 17 13 14 -16 16 -18 -19 -20 22 -22 24 -24 -25 -26 -27 -28 -29 -30 -31
leaf_value=-0.00010615687361191862 0.0010148563845724286 -0.00091880704856051694 0.00062438398768216116 -0.00027051555402334237 8.563095931848254e-05 0.00090185211879653432 0.0011382759371587597 0.0013626500687538333 -4.7710362704127253e-05 -0.00025481775881338697 -0.0024094005585219304 0.0025700683376138531 -0.0032994883580946587 0.00042944031068940341 -0.00098035039072608869 -0.0020672644602223924 0.00030820592640875243 0.0010636609091189502 -0.0017897676456080387 0.0018349232098765187 -0.00084784255731302355 0.00032278930132937001 -0.00025421020546574446 0.00077927158247627793 0.0022691748362612964 0.00055158225744544518 -0.00053950602123055348 -0.00044828950484749144 0.00025202545392707308 0.0024349884553917425
leaf_weight=178084 3298 1526 3204 3070 42838 1279 12403 3144 12328 106190 771 1886 355 42822 3124 4390 936 6438 676 544 8880 1536 14946 13380 1681 7483 11081 4376 10310 1242
leaf_count=178084 3298 1526 3204 3070 42838 1279 12403 3144 12328 106190 771 1886 355 42822 3124 4390 936 6438 676 544 8880 1536 14946 13380 1681 7483 11081 4376 10310 1242
internal_value=2.85058e-13 -6.68166e-06 4.81907e-05 2.5755e-05 0.000176597 -0.000375558 0.000303796 0.000639069 0.000238883 -3.36067e-05 0.000199138 0.000953529 -0.000115434 0.000142506 0.000333585 -0.00121456 -0.0016498 0.00140497 -2.88563e-05 1.27404e-05 -0.000394483 0.000615005 0.000170358 0.000517111 0.00133985 0.000302519 -0.000625182 -0.000195837 0.000516615 0.00113018
internal_weight=504221 500923 322839 308083 87003 16290 70713 27875 15472 221080 57508 11394 163572 57382 45946 7281 5326 8324 1955 46114 12868 3988 33246 18300 3217 9009 11436 4920 14756 4446
internal_count=504221 500923 322839 308083 87003 16290 70713 27875 15472 221080 57508 11394 163572 57382 45946 7281 5326 8324 1955 46114 12868 3988 33246 18300 3217 9009 11436 4920 14756 4446
is_linear=0
shrinkage=0.05


Tree=98
num_leaves=31
num_cat=0
split_feature=0 0 1 1 0 1 0 0 0 0 0 0 1 1 0 0 1 0 0 1 0 0 0 0 0 0 1 0 1 0
split_gain=1.23429 1.02084 1.0719 3.02998 1.46765 1.17025 1.38501 1.62995 1.40096 1.10716 1.76788 1.18744 1.05038 3.45094 2.41408 2.02934 1.89093 2.32698 1.3723 1.26144 1.92791 1.15651 1.04051 1.03822 2.07402 1.34938 1.14845 0.979911 0.950919 0.856388
threshold=111.75000000000001 89.850000000000009 34.500000000000007 27.500000000000004 91.65000000000002 29.500000000000004 94.450000000000017 97.15000000000002 94.050000000000011 99.450000000000017 100.65000000000002 98.850000000000009 15.500000000000002 9.5000000000000018 98.350000000000009 99.050000000000011 12.500000000000002 109.45000000000002 105.55000000000001 21.500000000000004 99.550000000000011 100.05000000000001 103.15000000000002 100.05000000000001 100.35000000000001 100.65000000000002 24.500000000000004 101.35000000000001 7.5000000000000009 110.25000000000001
decision_type=2 2 2 2 2 2 2 2 2 2 2 2 2 2 2 2 2 2 2 2 2 2 2 2 2 2 2 2 2 2
left_child=1 -1 3 12 -5 9 8 -8 -7 11 -11 -6 13 21 -15 -14 18 -18 -16 20 -17 -3 28 -21 26 -26 -25 -27 -23 -22
right_child=-2 2 -4 4 5 6 7 -9 -10 10 -12 -13 15 14 16 19 17 -19 -20 23 29 22 -24 24 25 27 -28 -29 -30 -31
leaf_value=-8.4211397339400434e-05 0.00096411359882547841 0.00012672756196962476 -0.00017138769517086058 -0.00061824964837610473 0.00087985122188670949 0.00099657975332834397 -0.00074744175335166507 0.00055757203290037957 0.0040159623040572591 0.0043527771642806736 0.001364505981037176 -0.002191017434988654 -0.00048530723624209797 0.0011949584648227895 0.00031341350807059446 0.0020643085273959944 -2.2113371112725091e-05 -0.0030158944978233484 0.001551516368116854 -0.00072603546614845131 -0.00036810331946693418 -0.00034968043898298169 -3.2891437316959836e-06 0.0057685288290182752 -0.0020983673527207171 0.0018940636198493761 0.0012074382560995391 0.00041423343271707389 -0.0014704266965684008 0.0013867455834815326
leaf_weight=228732 3298 62559 42561 2264 3392 2439 3068 10870 456 576 3517 347 24890 10520 6416 913 9087 699 3437 1702 16406 19336 30018 288 497 1238 265 11606 2098 726
leaf_count=228732 3298 62559 42561 2264 3392 2439 3068 10870 456 576 3517 347 24890 10520 6416 913 9087 699 3437 1702 16406 19336 30018 288 497 1238 265 11606 2098 726
internal_value=3.93815e-12 -6.34757e-06 5.90842e-05 0.000101801 0.000600105 0.000711937 0.000477015 0.000270315 0.00147217 0.00121685 0.00178504 0.000594858 3.56013e-05 0.000108124 0.000583751 -0.000143031 0.000256345 -0.000235955 0.000745298 0.000110209 -0.000174431 -1.76927e-05 -0.000193289 0.000439545 0.000582328 0.000457953 0.00358283 0.00055687 -0.000459381 -0.000293738
internal_weight=504221 500923 272191 229630 26929 24665 16833 13938 2895 7832 4093 3739 202701 144170 30159 58531 19639 9786 9853 33641 18045 114011 51452 15596 13894 13341 553 12844 21434 17132
internal_count=504221 500923 272191 229630 26929 24665 16833 13938 2895 7832 4093 3739 202701 144170 30159 58531 19639 9786 9853 33641 18045 114011 51452 15596 13894 13341 553 12844 21434 17132
is_linear=0
shrinkage=0.05


Tree=99
num_leaves=31
num_cat=0
split_feature=0 1 1 1 0 1 0 0 0 0 0 0 0 0 0 1 0 1 0 0 1 1 0 0 0 0 0 1 0 0
split_gain=1.13721 1.05688 1.59727 1.89039 1.19147 1.03202 1.50448 2.07337 1.47769 1.11262 1.02691 0.983784 0.978489 2.37998 1.89304 2.41652 0.696626 1.42375 1.46614 1.13133 1.38627 0.673799 0.784002 0.664635 0.914253 1.57469 0.656781 1.45768 0.654393 1.35515
threshold=95.65000000000002 47.500000000000007 25.500000000000004 30.500000000000004 110.65000000000002 27.500000000000004 100.95000000000002 101.35000000000001 102.05000000000001 100.45000000000002 115.45000000000002 99.15000000000002 102.95000000000002 102.55000000000001 105.05000000000001 28.500000000000004 97.15000000000002 22.500000000000004 96.850000000000009 97.250000000000014 14.500000000000002 -21.499999999999996 99.850000000000009 102.45000000000002 103.45000000000002 103.95000000000002 45.850000000000001 -73.499999999999986 101.35000000000001 100.75000000000001
decision_type=2 2 2 2 2 2 2 2 2 2 2 2 2 2 2 2 2 2 2 2 2 2 2 2 2 2 2 2 2 2
left_child=26 2 10 5 28 6 9 -8 -9 -4 16 -3 13 -7 15 -14 17 -2 -19 20 -18 22 -21 -10 -25 -26 27 -1 29 -5
right_child=1 11 3 4 -6 12 7 8 23 -11 -12 -13 14 -15 -16 -17 19 18 -20 21 -22 -23 -24 24 25 -27 -28 -29 -30 -31
leaf_value=-0.0022632724983790487 0.00048110424618928737 -6.9560026490492801e-05 -0.00018651169305495451 2.8149818429354647e-05 0.0035358540742775877 0.0013294606195129776 0.0058726113811495223 -0.0021679245267281397 0.0038045641337855584 -0.0035694350994258336 0.0028671917946849136 -0.001467760316008142 0.0020039026620210492 0.005906333282589913 0.0014345234176385674 -0.0025355783596430902 -0.00052793038620231006 -0.0022023255835527549 0.002332900112325495 0.0003867169364286396 -0.0045689760102439175 2.900242988255071e-05 -0.0010309451346928486 -0.00096086782885946491 0.0051538196361183373 0.0008891155652185446 -7.0454364748013409e-05 0.00056640274617267576 0.00040950264468471572 -0.0016506028272027413
leaf_weight=485 14511 3338 2710 14007 253 5338 207 393 209 267 320 2019 444 300 2081 863 784 938 220 1415 291 123567 3138 548 239 2294 304676 7388 9663 1315
leaf_count=485 14511 3338 2710 14007 253 5338 207 393 209 267 320 2019 444 300 2081 863 784 938 220 1415 291 123567 3138 548 239 2294 304676 7388 9663 1315
internal_value=-1.41621e-12 9.5887e-05 0.000115796 0.000390844 0.000121854 0.000818 0.000356071 0.0010035 0.000729839 -0.000489918 3.78736e-05 -0.000596528 0.00116944 0.001573 0.000497867 -0.000993475 3.16237e-05 0.000346465 -0.00134071 -6.56084e-06 -0.00162183 6.99221e-06 -0.000590358 0.00107599 0.000890892 0.00129151 -5.88031e-05 0.000392086 8.72834e-05 -0.000115928
internal_weight=504221 191672 186315 41131 25238 15893 6867 3890 3683 2977 145184 5357 9026 5638 3388 1307 144864 15669 1158 129195 1075 128120 4553 3290 3081 2533 312549 7873 24985 15322
internal_count=504221 191672 186315 41131 25238 15893 6867 3890 3683 2977 145184 5357 9026 5638 3388 1307 144864 15669 1158 129195 1075 128120 4553 3290 3081 2533 312549 7873 24985 15322
is_linear=0
shrinkage=0.05


Tree=100
num_leaves=31
num_cat=0
split_feature=0 1 0 1 0 0 0 1 1 1 1 1 0 0 1 0 1 1 0 1 0 1 0 0 1 1 0 1 0 0
split_gain=1.05131 0.943849 1.1281 0.876146 0.979782 1.15062 0.956321 0.865633 0.797111 1.01182 0.746944 1.1421 0.835735 0.745719 1.11469 1.15034 1.3731 1.03105 0.752276 0.732236 0.996241 0.704587 2.11446 1.10834 0.681146 0.837445 0.647105 0.624835 0.610438 0.699505
threshold=111.75000000000001 -3.4999999999999996 110.65000000000002 62.500000000000007 64.050000000000011 41.550000000000004 53.750000000000007 44.500000000000007 15.500000000000002 1.5000000000000002 17.500000000000004 20.500000000000004 61.550000000000004 60.550000000000004 -49.499999999999993 83.050000000000011 -22.499999999999996 -73.499999999999986 53.750000000000007 20.500000000000004 113.05000000000001 -34.499999999999993 75.950000000000017 62.45000000000001 50.500000000000007 14.500000000000002 99.450000000000017 -43.499999999999993 105.45000000000002 70.850000000000009
decision_type=2 2 2 2 2 2 2 2 2 2 2 2 2 2 2 2 2 2 2 2 2 2 2 2 2 2 2 2 2 2
left_child=1 2 13 4 5 7 24 -3 9 -2 12 -12 -8 17 -15 21 -17 18 -1 20 -10 22 23 27 25 -7 -18 -16 29 -6
right_child=8 3 -4 -5 28 6 10 -9 19 -11 11 -13 -14 14 15 16 26 -19 -20 -21 -22 -23 -24 -25 -26 -27 -28 -29 -30 -31
leaf_value=-0.0018374759063292429 0.0023024428243278174 0.00030059244874455592 -0.0037303645387981779 -0.00025685079663382969 0.00040248092670455596 -0.00037555664177632987 -0.00032966994411880602 0.0033859239765735025 0.0011725159968892479 -0.00036147016555878393 0.0028603163954918974 -0.00017647053153783455 -0.0022083059845926663 0.00051776274441188506 -0.003398034323650192 -0.00049314474714173026 0.00015323107893078333 0.00034318402550840345 0.00075297410061947879 0.00084630553077371783 0.0054459057987298609 -0.00052362294651381791 -0.0011317856688805167 0.00082947204527091466 0.00078790073015663938 -0.0025528695695074479 -0.00020214877710833117 5.8840453421988455e-06 0.00027163949970444688 3.1806245500522248e-05
leaf_weight=977 465 1411 216 23965 13322 658 1602 271 281 1527 334 4240 939 5823 249 15549 38835 13925 393 760 265 30379 2712 4753 282 1343 19114 294 34104 285233
leaf_count=977 465 1411 216 23965 13322 658 1602 271 281 1527 334 4240 939 5823 249 15549 38835 13925 393 760 265 30379 2712 4753 282 1343 19114 294 34104 285233
internal_value=3.65975e-12 -5.85819e-06 -0.000119884 3.54532e-05 5.58322e-05 -0.000406709 -0.000622266 0.000797694 0.000889783 0.000260377 -0.000336559 4.528e-05 -0.0010239 -0.00011402 -0.000156698 -0.0001918 -7.59347e-05 0.000214419 -0.00109438 0.0018498 0.0032466 -0.000413641 3.58357e-06 0.000584989 -0.00151267 -0.00183689 3.6012e-05 -0.00155503 7.12382e-05 4.83463e-05
internal_weight=504221 500923 133219 367704 343739 11080 9398 1682 3298 1992 7115 4574 2541 133003 117708 111885 73498 15295 1370 1306 546 38387 8008 5296 2283 2001 57949 543 332659 298555
internal_count=504221 500923 133219 367704 343739 11080 9398 1682 3298 1992 7115 4574 2541 133003 117708 111885 73498 15295 1370 1306 546 38387 8008 5296 2283 2001 57949 543 332659 298555
is_linear=0
shrinkage=0.05


Tree=101
num_leaves=31
num_cat=0
split_feature=0 1 1 0 1 1 1 0 1 0 0 0 1 0 0 1 1 1 0 1 1 1 1 0 0 1 0 1 1 1
split_gain=0.966248 0.890574 0.759004 1.2069 1.52671 0.78465 1.72432 0.899636 0.714127 0.697884 0.682215 1.14222 0.744218 0.658176 0.587191 0.582832 0.509857 2.08676 2.39488 0.951809 0.695567 0.620391 1.161 0.826838 0.661932 0.601202 0.487319 1.63322 2.10158 0.485576
threshold=109.05000000000001 35.500000000000007 -17.499999999999996 69.050000000000011 -51.499999999999993 -57.499999999999993 -38.499999999999993 67.15000000000002 -6.4999999999999991 58.350000000000001 35.850000000000001 66.550000000000011 62.500000000000007 115.45000000000002 85.850000000000009 -32.499999999999993 11.500000000000002 15.500000000000002 109.45000000000002 14.500000000000002 7.5000000000000009 19.500000000000004 21.500000000000004 109.85000000000001 112.15000000000002 17.500000000000004 69.050000000000011 23.500000000000004 40.500000000000007 22.500000000000004
decision_type=2 2 2 2 2 2 2 2 2 2 2 2 2 2 2 2 2 2 2 2 2 2 2 2 2 2 2 2 2 2
left_child=2 8 3 5 14 7 -7 -1 -2 -8 -4 -12 26 16 -5 -11 20 18 -18 -20 -10 24 23 -23 25 -19 27 -13 -29 -24
right_child=1 -3 10 4 -6 6 9 -9 13 15 11 12 -14 -15 -16 -17 17 21 19 -21 -22 22 29 -25 -26 -27 -28 28 -30 -31
leaf_value=-0.00047307691297911582 -0.00092096872315070044 0.0036075181194714142 0.00094488284114094354 0.00060509968205999269 -0.00039486657352703946 0.00085977257702983003 0.00040650459471806583 0.0025256925016299064 0.00040048523768335809 0.00039810625064968619 -0.00036222870776350495 -0.00017218660485385828 -0.00026061718450818698 0.0026948308240850854 0.0031143916821157612 -0.00080850103589893106 0.0032012410419217001 -0.00013978543054420225 -0.0014584932901807839 -0.0044889110703627728 0.0016875280613610375 -0.0041613338059527383 0.0026305107465702622 -0.00040399404318816579 0.003507175353890354 0.0021367678557534298 3.5873958239906911e-05 0.002793057500765991 -2.7958183698239372e-05 0.0005135123214043061
leaf_weight=5991 977 217 1957 2335 41313 7630 3286 261 3335 1321 19735 3972 21254 328 259 4129 240 605 1050 344 1532 209 311 489 324 557 375517 1368 1276 2099
leaf_count=5991 977 217 1957 2335 41313 7630 3286 261 3335 1321 19735 3972 21254 328 259 4129 240 605 1050 344 1532 209 311 489 324 557 375517 1368 1276 2099
internal_value=-3.36295e-12 0.00043205 -1.10885e-05 -0.000168135 -0.000320987 0.00012859 0.00031061 -0.000347888 0.000376479 -0.000169028 1.34892e-05 9.18138e-06 2.7352e-05 0.000487448 0.000855642 -0.000516037 0.000422192 0.000122561 -0.00141206 -0.00220632 0.000805612 0.000668397 0.000266628 -0.00152904 0.0015087 0.000951471 4.33686e-05 0.000468758 0.00143163 0.000786702
internal_weight=504221 12617 491604 66525 43907 22618 16366 6252 12400 8736 425079 423122 403387 11423 2594 5450 11095 6228 1634 1394 4867 4594 3108 698 1486 1162 382133 6616 2644 2410
internal_count=504221 12617 491604 66525 43907 22618 16366 6252 12400 8736 425079 423122 403387 11423 2594 5450 11095 6228 1634 1394 4867 4594 3108 698 1486 1162 382133 6616 2644 2410
is_linear=0
shrinkage=0.05


Tree=102
num_leaves=31
num_cat=0
split_feature=0 1 1 1 0 0 0 0 1 0 0 0 0 0 0 1 0 0 0 1 1 0 0 0 1 0 1 0 0 1
split_gain=0.922028 0.93646 1.41582 1.70086 1.01524 0.967887 0.909488 0.84175 0.954845 1.51925 1.87804 1.32501 1.00608 2.07739 1.68447 2.74819 0.915887 0.806983 0.764797 0.669739 2.22745 1.75877 0.91004 0.886136 0.798387 0.90315 0.940574 0.864187 2.1361 0.80521
threshold=95.65000000000002 47.500000000000007 25.500000000000004 30.500000000000004 110.65000000000002 96.050000000000011 100.05000000000001 96.450000000000017 27.500000000000004 100.95000000000002 101.35000000000001 102.05000000000001 102.95000000000002 102.55000000000001 104.95000000000002 28.500000000000004 100.45000000000002 115.45000000000002 103.95000000000002 13.500000000000002 10.500000000000002 98.15000000000002 99.050000000000011 95.750000000000014 21.500000000000004 99.550000000000011 15.500000000000002 99.950000000000017 100.35000000000001 22.500000000000004
decision_type=2 2 2 2 2 2 2 2 2 2 2 2 2 2 2 2 2 2 2 2 2 2 2 2 2 2 2 2 2 2
left_child=-1 2 17 5 -5 -4 -3 -7 9 16 -11 -12 13 -10 15 -14 -9 19 -17 20 21 -2 23 -21 25 26 -24 29 -29 -26
right_child=1 6 3 4 -6 7 -8 8 12 10 11 -13 14 -15 -16 18 -18 -19 -20 22 -22 -23 24 -25 27 -27 -28 28 -30 -31
leaf_value=-5.294827908759631e-05 0.00046475847129416733 -0.00016516742693328804 -0.0013868902898615315 7.6973598321135349e-05 0.003260308870053648 0.0028703728668120227 -0.0016258216009580604 -0.00030246971452830429 0.0013168102278086832 0.0055755974122003657 -0.0020629123185047968 0.001008842445147085 0.0022606580248189993 0.0056076322731872406 0.0013106023627368192 -0.0012969361907906004 -0.003394346818160475 0.0025398362557461952 -0.0043565370208138035 0.0021877795143117169 0.00072799726820599363 -0.00010247196470082197 -0.0013209658920661444 -0.00061481883955883559 0.0013919771810756228 -0.00023508275895023744 0.00195625898512927 0.0036583223032750308 0.00031801670232287186 -0.0018230910243312267
leaf_weight=312549 17043 3889 504 24985 253 494 1468 2327 4723 207 393 3290 426 300 2138 450 267 320 374 290 12351 68960 288 10282 259 23685 913 504 9504 785
leaf_count=312549 17043 3889 504 24985 253 494 1468 2327 4723 207 393 3290 426 300 2138 450 267 320 374 290 12351 68960 288 10282 259 23685 913 504 9504 785
internal_value=2.79911e-13 8.63399e-05 0.00010508 0.000364035 0.000108885 0.000769211 -0.000565436 0.000839825 0.000772481 0.00031653 0.000941521 0.000681066 0.00112397 0.00157308 0.000458129 -0.000999941 -0.000620716 3.17174e-05 -0.00268564 2.6177e-05 0.000100107 9.93468e-06 -0.000130161 -0.000537941 -1.02034e-05 -0.000167255 0.00117038 0.000343433 0.000486234 -0.00102548
internal_weight=504221 191672 186315 41131 25238 15893 5357 15389 14895 6484 3890 3683 8411 5023 3388 1250 2594 145184 824 144864 98354 86003 46510 10572 35938 24886 1201 11052 10008 1044
internal_count=504221 191672 186315 41131 25238 15893 5357 15389 14895 6484 3890 3683 8411 5023 3388 1250 2594 145184 824 144864 98354 86003 46510 10572 35938 24886 1201 11052 10008 1044
is_linear=0
shrinkage=0.05


Tree=103
num_leaves=31
num_cat=0
split_feature=0 1 1 1 0 0 0 1 0 1 0 0 0 1 0 0 0 1 1 0 0 1 1 0 1 1 0 1 1 0
split_gain=0.85572 0.996895 1.41515 0.910835 0.759216 0.725055 0.702881 1.57392 0.93594 0.668738 2.27702 0.598049 1.56259 0.827168 0.573555 0.719594 0.549925 1.79218 0.95307 1.86751 0.832484 1.57226 0.812823 0.741741 0.740932 0.540079 0.844684 0.624094 1.21631 1.20029
threshold=103.15000000000002 24.500000000000004 28.500000000000004 47.500000000000007 115.45000000000002 107.05000000000001 103.85000000000001 36.500000000000007 103.45000000000002 33.500000000000007 103.45000000000002 105.25000000000001 104.95000000000002 25.500000000000004 105.65000000000002 106.05000000000001 104.45000000000002 31.500000000000004 35.500000000000007 104.15000000000002 106.25000000000001 37.500000000000007 33.500000000000007 107.85000000000001 35.500000000000007 -73.499999999999986 45.850000000000001 -49.499999999999993 -17.499999999999996 55.45000000000001
decision_type=2 2 2 2 2 2 2 2 2 2 2 2 2 2 2 2 2 2 2 2 2 2 2 2 2 2 2 2 2 2
left_child=25 4 5 6 -2 11 7 9 -9 10 -4 12 13 -3 -13 -16 17 -8 -19 -20 22 24 -18 -23 -22 -1 -27 -28 -29 -30
right_child=1 2 3 -5 -6 -7 16 8 -10 -11 -12 14 -14 -15 15 -17 20 18 19 -21 21 23 -24 -25 -26 26 27 28 29 -31
leaf_value=-0.00090764558004012216 5.4526875229505894e-05 -0.00012857354991709346 0.0020467037005253751 -0.0021801970589243394 0.0025315377872491144 0.00040972218827987049 -0.001507757764841829 0.0041342942823183624 -0.00035553086763825416 -0.0038969655803234231 -0.0035624962968436717 0.004136702731708298 -0.0024651669804350478 0.0022956011816673725 -0.00020249005057472241 0.0026832512546133532 0.0004692774586057695 0.0047326030798702165 -0.0020930629258238994 0.0044234873366852607 0.00062177074126033242 0.0050143737215679017 -0.0013130273254135976 0.0012977609109030412 -0.0019126856082478556 0.00050681944628028274 0.00037744088496520029 -0.00027498330064932138 -0.00093910861007560356 -1.0983779681526926e-06
leaf_weight=1733 58294 489 329 402 311 1961 350 211 258 284 402 359 271 1255 309 718 1308 351 215 225 2335 286 1252 253 329 7388 9086 49138 3443 360676
leaf_count=1733 58294 489 329 402 311 1961 350 211 258 284 402 359 271 1255 309 718 1308 351 215 225 2335 286 1252 253 329 7388 9086 49138 3443 360676
internal_value=1.70202e-12 0.000158621 0.000535252 0.000144743 6.76717e-05 0.00117542 0.000256167 -0.000731056 0.00166441 -0.00183793 -0.00103797 0.00161692 0.00106702 0.00161589 0.00241636 0.001815 0.000468368 0.00147126 0.00278941 0.00123926 0.000269809 0.000807058 -0.000402381 0.00326984 0.000308769 -2.6748e-05 -2.31955e-05 -3.2467e-05 -4.14794e-05 -9.96792e-06
internal_weight=504221 72757 14152 8790 58605 5362 8388 1484 469 1015 731 3401 2015 1744 1386 1027 6904 1141 791 440 5763 3203 2560 539 2664 431464 429731 422343 413257 364119
internal_count=504221 72757 14152 8790 58605 5362 8388 1484 469 1015 731 3401 2015 1744 1386 1027 6904 1141 791 440 5763 3203 2560 539 2664 431464 429731 422343 413257 364119
is_linear=0
shrinkage=0.05


Tree=104
num_leaves=31
num_cat=0
split_feature=0 1 1 1 0 0 1 1 0 0 1 0 0 0 1 0 0 1 1 0 0 0 1 0 0 0 0 1 0 0
split_gain=0.795448 0.908529 0.91575 1.99301 1.18398 1.1112 1.0188 3.21473 2.42134 1.7478 1.29288 0.996036 0.989575 0.967849 0.967603 0.885865 0.819733 0.956033 0.813794 1.36102 1.38403 1.26436 0.803305 0.801153 1.66425 1.12666 0.783751 0.835334 1.04822 0.811303
threshold=89.850000000000009 -28.499999999999996 34.500000000000007 27.500000000000004 91.65000000000002 108.85000000000001 14.500000000000002 9.5000000000000018 98.250000000000014 99.050000000000011 12.500000000000002 107.85000000000001 105.55000000000001 100.05000000000001 11.500000000000002 98.850000000000009 103.15000000000002 7.5000000000000009 29.500000000000004 94.450000000000017 97.15000000000002 94.050000000000011 30.500000000000004 99.450000000000017 100.65000000000002 98.850000000000009 114.35000000000001 21.500000000000004 99.550000000000011 100.05000000000001
decision_type=2 2 2 2 2 2 2 2 2 2 2 2 2 2 2 2 2 2 2 2 2 2 2 2 2 2 2 2 2 2
left_child=-1 -2 3 6 22 11 7 13 14 15 12 -4 -10 -3 -9 -8 17 -15 23 21 -21 -20 -5 25 -25 -6 27 28 -11 -29
right_child=1 2 5 4 18 -7 9 8 10 26 -12 -13 -14 16 -16 -17 -18 -19 19 20 -22 -23 -24 24 -26 -27 -28 29 -30 -31
leaf_value=-6.8921390276342927e-05 -0.00069873263834081421 0.00015243468432439737 -0.00014897232785715547 -0.0016264709171954332 0.00077412782249563681 0.0028187614178973117 -0.00037100551847548123 0.00066525367782510223 0.00027017527422935845 0.0014105469584465029 -0.00024257600839461607 -0.0034919715985389692 0.0012859066067922907 -0.00027163488403657651 0.0017517491724288398 -0.0021758211621838519 2.0861015498075729e-05 -0.0013965611553704766 0.00094959183610202893 -0.00072806874330178623 0.00047318495887909893 0.0038180051020166856 0.00026681239880773912 0.0039994959185908861 0.0011050629926286999 -0.0022171095056561295 0.0028084877476424034 -0.00066654457963486542 -0.00019089435702652073 0.00048859844773026186
leaf_weight=228732 3918 59412 42081 1018 3392 314 26212 3393 6493 1075 6814 224 3802 18933 5174 698 30886 2098 2439 3068 10977 456 1246 576 3604 347 267 1702 20653 14217
leaf_count=228732 3918 59412 42081 1018 3392 314 26212 3393 6493 1075 6814 224 3802 18933 5174 698 30886 2098 2439 3068 10977 456 1246 576 3604 347 267 1702 20653 14217
internal_value=-5.89944e-12 5.72238e-05 6.81301e-05 0.000107744 0.00051016 -0.000144678 5.36648e-05 0.000130937 0.000635267 -0.000109649 0.00029168 -0.000166673 0.00064529 1.46226e-05 0.00132144 -0.000417819 -0.000143085 -0.000383855 0.000609854 0.000414256 0.000210782 0.0014014 -0.000584496 0.00102827 0.00150391 0.000496524 0.000109079 8.99339e-05 -0.000111663 0.000365095
internal_weight=504221 275489 271571 228952 27123 42619 201829 137005 25676 64824 17109 42305 10295 111329 8567 26910 51917 21031 24859 16940 14045 2895 2264 7919 4180 3739 37914 37647 21728 15919
internal_count=504221 275489 271571 228952 27123 42619 201829 137005 25676 64824 17109 42305 10295 111329 8567 26910 51917 21031 24859 16940 14045 2895 2264 7919 4180 3739 37914 37647 21728 15919
is_linear=0
shrinkage=0.05


Tree=105
num_leaves=31
num_cat=0
split_feature=1 0 1 0 1 1 0 0 1 0 0 1 0 1 1 0 1 0 1 1 1 0 0 1 0 0 0 0 0 1
split_gain=0.740882 1.24355 0.834528 1.95333 3.3553 1.73576 1.91351 1.70433 2.88055 2.25934 1.52814 2.65496 2.04439 1.52639 1.38475 1.36675 2.1307 1.83761 1.195 1.1591 1.13284 2.07681 2.99506 1.66376 0.977066 1.13443 0.965138 0.959583 0.954814 1.33525
threshold=3.5000000000000004 107.45000000000002 16.500000000000004 81.350000000000009 11.500000000000002 11.500000000000002 96.750000000000014 81.65000000000002 25.500000000000004 69.050000000000011 97.65000000000002 18.500000000000004 98.350000000000009 12.500000000000002 47.500000000000007 69.050000000000011 14.500000000000002 75.050000000000011 18.500000000000004 14.500000000000002 36.500000000000007 70.050000000000011 53.750000000000007 54.500000000000007 67.65000000000002 75.050000000000011 64.65000000000002 41.550000000000004 101.95000000000002 17.500000000000004
decision_type=2 2 2 2 2 2 2 2 2 2 2 2 2 2 2 2 2 2 2 2 2 2 2 2 2 2 2 2 2 2
left_child=-1 2 3 4 -2 -5 -7 8 9 -4 -9 12 -12 -8 -13 19 -17 -18 -11 -6 21 22 -10 24 27 -26 -24 -22 -14 -30
right_child=1 -3 7 5 15 6 13 10 20 18 11 14 28 -15 -16 16 17 -19 -20 -21 23 -23 26 -25 25 -27 -28 -29 29 -31
leaf_value=-8.1796564366641989e-05 0.00021350027411507237 0.00045585252543567996 -0.0002432824039061217 6.6728510678182253e-05 0.0010294942409248057 0.001036339999554595 0.0011861523148244031 -0.00022461405937328592 -0.0022211442231629456 0.0024505296220715539 -0.0044631561230173891 0.00027476246014678109 0.00013252648461372876 -4.8055885387516395e-05 -0.00081129186806387058 -0.0026444033417008621 -0.0024438655337391986 0.00084301792018409271 0.0010194181428072214 -0.0016519495886722965 0.0022402863261902733 -0.0007957416750522915 0.00023078951518637971 -0.00014789342866048676 0.0014042238491287771 0.00039249024173946667 0.001985505006664372 -0.00038671146585974735 -0.0022095682612473756 -0.00015878843089875668
leaf_weight=178714 10203 17424 3070 42838 998 12403 3144 106190 771 1886 381 48514 2183 12328 3124 2610 687 1116 6438 676 386 8880 1351 17757 4570 7037 1866 3496 1654 1526
leaf_count=178714 10203 17424 3070 42838 998 12403 3144 106190 771 1886 381 48514 2183 12328 3124 2610 687 1116 6438 676 386 8880 1351 17757 4570 7037 1866 3496 1654 1526
internal_value=8.27687e-13 4.4909e-05 2.16676e-05 0.000152847 -0.000340759 0.000266557 0.000573652 -2.99561e-05 0.000204177 0.000916082 -0.000112272 9.56268e-05 -0.000924111 0.000202742 0.000209058 -0.0012698 -0.00173125 -0.000409389 0.00134367 -5.33349e-05 2.82773e-05 -0.000370061 0.000577795 0.000182456 0.000561177 0.000790838 0.0012486 -0.0001255 -0.000672689 -0.00122545
internal_weight=504221 325507 308083 87003 16290 70713 27875 221080 57508 11394 163572 57382 5744 15472 51638 6087 4413 1803 8324 1674 46114 12868 3988 33246 15489 11607 3217 3882 5363 3180
internal_count=504221 325507 308083 87003 16290 70713 27875 221080 57508 11394 163572 57382 5744 15472 51638 6087 4413 1803 8324 1674 46114 12868 3988 33246 15489 11607 3217 3882 5363 3180
is_linear=0
shrinkage=0.05


Tree=106
num_leaves=31
num_cat=0
split_feature=0 1 0 0 1 0 1 0 1 0 0 1 1 0 1 0 0 0 0 1 1 1 0 0 1 0 1 0 1 0
split_gain=0.701403 0.652679 0.91797 0.91734 0.864807 1.88474 3.08939 1.34275 2.5997 2.03906 1.83921 2.19681 1.35822 1.19472 1.90534 2.00805 1.09143 1.62904 1.40188 1.07849 1.03306 1.02239 1.87432 2.70304 1.51821 1.11512 0.93283 1.27846 1.38955 1.18812
threshold=111.75000000000001 3.5000000000000004 107.25000000000001 106.45000000000002 16.500000000000004 81.950000000000017 10.500000000000002 81.65000000000002 25.500000000000004 69.050000000000011 97.65000000000002 17.500000000000004 47.500000000000007 69.050000000000011 14.500000000000002 75.050000000000011 101.95000000000002 98.750000000000014 102.65000000000002 18.500000000000004 14.500000000000002 36.500000000000007 70.050000000000011 53.750000000000007 58.500000000000007 68.15000000000002 9.5000000000000018 97.850000000000009 12.500000000000002 109.45000000000002
decision_type=2 2 2 2 2 2 2 2 2 2 2 2 2 2 2 2 2 2 2 2 2 2 2 2 2 2 2 2 2 2
left_child=1 2 3 -1 5 6 -3 8 9 -6 -9 16 -13 20 -15 -16 17 -12 -18 -11 -8 22 23 -10 25 -23 -7 -28 -29 -30
right_child=-2 4 -4 -5 7 26 13 10 21 19 11 12 -14 14 15 -17 18 -19 -20 -21 -22 24 -24 -25 -26 -27 27 28 29 -31
leaf_value=-7.346616383139675e-05 0.00072678092721766875 0.00029650884829354718 -0.00069862786700265159 0.00098573616636064452 -0.0002311183145749064 7.8558986959239381e-05 0.00084720194031010399 -0.00021338335708051656 -0.0021100870598151061 0.0023280031609591908 -0.0030919832519338102 0.00024979967846051134 -0.000816259383061339 -0.0020755531184853296 -0.0023216720404756817 0.0010405011433562276 -0.0055745749913771216 0.0010180594427044061 -0.0013510998460258259 0.00096844723119100503 -0.001569352127589594 -0.00016496518203028957 -0.00075595459383822423 0.0011861708275753776 -0.00020054428421316975 0.00071536530554799232 0.00073793150722435068 0.00062527974235963174 -2.0029717536622696e-05 -0.0018744412246999105
leaf_weight=170184 3298 9413 5831 2069 3070 34945 1279 106190 771 1886 316 58012 3150 3772 687 1256 218 1017 1990 6438 676 4920 8880 3217 14946 13380 18608 10216 12659 927
leaf_count=170184 3298 9413 5831 2069 3070 34945 1279 106190 771 1886 316 58012 3150 3772 687 1256 218 1017 1990 6438 676 4920 8880 3217 14946 13380 18608 10216 12659 927
internal_value=-1.94627e-12 -4.78502e-06 -8.16299e-05 -6.07437e-05 3.7604e-05 0.00016487 -0.000310448 -1.50172e-05 0.000193968 0.000870278 -8.53438e-05 0.000124794 0.000194895 -0.00105533 -0.00142032 -0.000148286 -0.00108603 4.37357e-05 -0.00176809 0.00127649 1.16058e-05 2.68635e-05 -0.000351558 0.000548905 0.000173333 0.000478686 0.000269839 0.000427449 0.00018472 -0.00014656
internal_weight=504221 500923 178084 172253 322839 94438 17083 228401 57508 11394 170893 64703 61162 7670 5715 1943 3541 1333 2208 8324 1955 46114 12868 3988 33246 18300 77355 42410 23802 13586
internal_count=504221 500923 178084 172253 322839 94438 17083 228401 57508 11394 170893 64703 61162 7670 5715 1943 3541 1333 2208 8324 1955 46114 12868 3988 33246 18300 77355 42410 23802 13586
is_linear=0
shrinkage=0.05


Tree=107
num_leaves=31
num_cat=0
split_feature=0 1 1 1 1 0 1 1 0 0 0 1 1 1 0 0 0 1 1 1 1 1 1 0 0 0 1 1 0 1
split_gain=0.667521 0.714474 0.566327 0.523299 0.679601 1.05342 1.90854 1.40463 0.853244 0.66646 0.882814 0.633318 1.14186 0.620591 0.622884 0.55453 0.611411 0.839973 0.538346 0.536236 0.524412 0.521897 0.477773 0.477319 0.438269 0.433811 0.507221 1.7887 2.13741 0.818728
threshold=109.05000000000001 35.500000000000007 -6.4999999999999991 -14.499999999999998 -38.499999999999993 74.050000000000011 -61.499999999999993 -53.499999999999993 67.15000000000002 35.850000000000001 55.45000000000001 43.500000000000007 15.500000000000002 -51.499999999999993 85.850000000000009 51.750000000000007 81.950000000000017 -33.499999999999993 -5.4999999999999991 -35.499999999999993 62.500000000000007 -22.499999999999996 -53.499999999999993 102.05000000000001 45.850000000000001 115.45000000000002 11.500000000000002 15.500000000000002 109.45000000000002 14.500000000000002
decision_type=2 2 2 2 2 2 2 2 2 2 2 2 2 2 2 2 2 2 2 2 2 2 2 2 2 2 2 2 2 2
left_child=3 2 -2 4 5 7 -7 8 -1 18 11 12 -11 14 22 19 17 -17 -5 -6 -12 23 -8 -18 -13 26 -4 28 -28 -30
right_child=1 -3 25 9 15 6 13 -9 -10 10 20 24 -14 -15 -16 16 21 -19 -20 -21 -22 -23 -24 -25 -26 -27 27 -29 29 -31
leaf_value=-0.00033020932130821325 -0.00084607781901452307 0.0032033445545330574 0.00073760038341774638 0.0029595379635953068 -0.0013262635445117244 0.0026752900683024543 -0.0010154106816457164 0.00079962068788614043 0.0010888622591458863 -0.00015423961918659831 3.057972158155035e-05 0.0020620571427015506 -0.0020016082517658271 -0.00099604480343138822 0.0027067993190223816 0.00024930061351654078 -0.0002473185878053992 -0.00061614856510817939 0.00059626436537842109 0.0008254175121938075 -0.00021373023029840388 5.3925329351008091e-05 0.0015450759307127592 -0.0011724620719064296 -0.00022075303025304602 0.0022002294631930431 0.0029937802255153656 0.00056167075026523341 -0.0014212575797656818 -0.004231845818156766
leaf_weight=7408 977 217 4867 285 337 446 620 7753 1236 1754 384165 275 1599 4336 221 3364 12911 16831 1560 2057 23297 18435 258 1563 893 328 240 4594 1050 344
leaf_count=7408 977 217 4867 285 337 446 620 7753 1236 1754 384165 275 1599 4336 221 3364 12911 16831 1560 2057 23297 18435 258 1563 893 328 240 4594 1050 344
internal_value=1.43555e-12 0.000359105 0.000309331 -9.21642e-06 -0.00012821 0.000105068 -0.000469035 0.000310978 -0.000127297 1.31476e-05 8.90136e-06 -0.000685949 -0.00103522 -0.00072706 0.000334193 -0.000221853 -0.000255411 -0.000471986 0.000961323 0.000522528 1.66111e-05 -0.000122507 -0.000263013 -0.000347222 0.000316724 0.000408152 0.000355173 5.63178e-05 -0.00136448 -0.00211483
internal_weight=504221 12617 12400 491604 77776 22278 5881 16397 8644 413828 411983 4521 3353 5435 1099 55498 53104 20195 1845 2394 407462 32909 878 14474 1168 11423 11095 6228 1634 1394
internal_count=504221 12617 12400 491604 77776 22278 5881 16397 8644 413828 411983 4521 3353 5435 1099 55498 53104 20195 1845 2394 407462 32909 878 14474 1168 11423 11095 6228 1634 1394
is_linear=0
shrinkage=0.05


Tree=108
num_leaves=31
num_cat=0
split_feature=0 1 1 1 0 1 1 0 1 0 0 0 0 0 0 0 0 0 1 0 1 0 0 0 1 0 0 0 0 0
split_gain=0.629608 0.763165 0.721027 1.6861 1.17189 0.914947 2.5442 1.88849 1.4248 1.40427 1.20591 1.31631 0.967948 0.887417 0.925143 0.874245 0.838658 0.752495 0.747567 0.745888 0.727262 1.31083 1.1466 1.14109 0.764331 3.46878 1.04931 1.19871 1.49825 0.703727
threshold=89.65000000000002 -28.499999999999996 34.500000000000007 27.500000000000004 91.65000000000002 14.500000000000002 10.500000000000002 98.250000000000014 12.500000000000002 99.050000000000011 100.95000000000002 111.15000000000002 100.05000000000001 108.85000000000001 107.85000000000001 103.15000000000002 98.850000000000009 102.45000000000002 30.500000000000004 102.35000000000001 29.500000000000004 94.450000000000017 97.15000000000002 94.050000000000011 33.500000000000007 98.450000000000017 97.350000000000009 97.850000000000009 98.450000000000017 99.050000000000011
decision_type=2 2 2 2 2 2 2 2 2 2 2 2 2 2 2 2 2 2 2 2 2 2 2 2 2 2 2 2 2 2
left_child=-1 -2 3 5 18 6 12 -8 10 16 -9 -12 -3 14 -4 17 -7 19 -5 -14 -6 23 -23 -22 26 -26 -24 -28 -29 -30
right_child=1 2 13 4 20 9 7 8 -10 -11 11 -13 15 -15 -16 -17 -18 -19 -20 -21 21 22 24 -25 25 -27 27 28 29 -31
leaf_value=-6.1992216917964343e-05 -0.00063425617005605467 0.00016316916726405163 -0.00012895184648486336 -0.0015184151542261112 0.00096337909897828498 -0.00033611052083729753 0.001297956040259436 -0.00043440028695909937 -0.00022442770857874911 8.8940710566512922e-05 0.0013491512798901033 -0.0018965598439109757 -0.00028145489503691296 0.0025220666246809019 -0.0033506152136916559 3.8649480992372358e-05 -0.0020917518107076431 -0.00091957384780132516 0.00021915701366238306 0.0013850929553487473 0.00092248312230464404 -0.00067129427381345554 -0.0031509732117567368 0.0036474758027971056 0.006477832570672035 0.0004238856200158679 0.0027546960121654519 -0.0022532695577538605 0.0019544162419333588 0.00022470590067653212
leaf_weight=225999 4012 62509 42940 1132 7919 26713 6999 1551 6814 37914 5044 333 16430 314 224 32833 698 4837 1366 700 2439 3068 223 456 280 1527 479 587 640 7241
leaf_count=225999 4012 62509 42940 1132 7919 26713 6999 1551 6814 37914 5044 333 16430 314 224 32833 698 4837 1366 700 2439 3068 223 456 280 1527 479 587 640 7241
internal_value=5.07381e-12 5.03561e-05 6.03728e-05 9.55681e-05 0.000464098 4.59953e-05 0.000118948 0.000629427 0.000288936 -0.000108174 0.000793852 0.00114814 2.86918e-05 -0.000126404 -0.000145671 -0.000124703 -0.000380817 -0.000368859 -0.000568246 -0.000213353 0.000567835 0.000382928 0.000183241 0.0013517 0.000422078 0.00136196 0.000236869 0.000321309 0.000183662 0.000365172
internal_weight=504221 278222 274210 230732 27357 203375 138050 20741 13742 65325 6928 5377 117309 43478 43164 54800 27411 21967 2498 17130 24859 16940 14045 2895 10977 1807 9170 8947 8468 7881
internal_count=504221 278222 274210 230732 27357 203375 138050 20741 13742 65325 6928 5377 117309 43478 43164 54800 27411 21967 2498 17130 24859 16940 14045 2895 10977 1807 9170 8947 8468 7881
is_linear=0
shrinkage=0.05


Tree=109
num_leaves=31
num_cat=0
split_feature=0 1 1 1 1 0 1 0 0 1 1 0 1 1 1 0 0 0 0 0 1 1 1 1 0 0 0 1 1 0
split_gain=0.617428 0.722985 1.21142 0.906276 0.7047 0.690945 0.688136 1.15305 0.615728 0.508795 0.501598 1.00255 1.18576 0.669835 1.3976 0.768261 0.55993 0.550971 0.859454 0.537249 0.780164 0.493106 0.480398 0.447354 0.435701 0.433123 0.390151 1.24654 1.87674 0.442604
threshold=110.45000000000002 15.500000000000002 11.500000000000002 19.500000000000004 -2.4999999999999996 112.15000000000002 1.5000000000000002 114.35000000000001 111.75000000000001 3.5000000000000004 -17.499999999999996 69.050000000000011 -51.499999999999993 -57.499999999999993 -38.499999999999993 67.15000000000002 58.350000000000001 35.850000000000001 66.550000000000011 80.750000000000014 -57.499999999999993 -32.499999999999993 64.500000000000014 -35.499999999999993 68.15000000000002 41.550000000000004 69.050000000000011 23.500000000000004 40.500000000000007 68.65000000000002
decision_type=2 2 2 2 2 2 2 2 2 2 2 2 2 2 2 2 2 2 2 2 2 2 2 2 2 2 2 2 2 2
left_child=10 2 4 5 8 -3 -6 9 -2 -8 11 13 19 15 24 -1 23 -12 -19 -13 -21 -18 26 -16 -15 -25 27 -20 29 -29
right_child=1 3 -4 -5 6 -7 7 -9 -10 -11 17 12 -14 14 16 -17 21 18 22 20 -22 -23 -24 25 -26 -27 -28 28 -30 -31
leaf_value=-0.00041901660538081874 -0.0025872895201313056 0.0012431259812309479 -0.0014645296112124526 0.000467023580058325 0.0026971419840785011 0.0040963402992413873 -0.00096006457548157705 -0.0030232838523097157 0.0007714282914224374 0.0013186143486778944 0.00085047025826707763 0.00034227149706853374 -0.00033708213348758996 0.00071227378579610497 -0.00094155024983129409 0.0023521578117805426 0.00040328758800462915 -0.0003126781071061055 -0.00015160779448550603 0.003986149939133766 0.00052077871389862149 -0.00070656314541848065 -0.00022546150876583625 0.0014356663273621144 0.0024362984137522741 0.00014795093575456194 3.0253640245951321e-05 0.0021110279856768679 -6.9112700160617145e-05 0.0044066751390177778
leaf_weight=5991 299 503 983 1723 448 367 294 205 251 1469 1957 1929 41594 7244 530 261 1321 19735 3972 282 383 4129 18269 1063 386 1693 384195 1109 1377 259
leaf_count=5991 299 503 983 1723 448 367 294 205 251 1469 1957 1929 41594 7244 530 261 1321 19735 3972 282 383 4129 18269 1063 386 1693 384195 1109 1377 259
internal_value=-7.91828e-12 0.000482583 5.66544e-05 0.00113125 0.000560809 0.00244672 0.000928531 0.000525921 -0.00105449 0.000938619 -6.34357e-06 -0.000133823 -0.0002724 0.00013691 0.000305086 -0.000303329 -0.000126727 1.34219e-05 9.60268e-06 0.000764763 0.0019903 -0.000437552 2.51464e-05 0.000388793 0.000799492 0.000644628 3.68584e-05 0.000414635 0.00123399 0.00254566
internal_weight=504221 6542 3949 2593 2966 870 2416 1968 550 1763 497679 66806 44188 22618 16366 6252 8736 430873 428916 2594 665 5450 409181 3286 7630 2756 390912 6717 2745 1368
internal_count=504221 6542 3949 2593 2966 870 2416 1968 550 1763 497679 66806 44188 22618 16366 6252 8736 430873 428916 2594 665 5450 409181 3286 7630 2756 390912 6717 2745 1368
is_linear=0
shrinkage=0.05


Tree=110
num_leaves=31
num_cat=0
split_feature=0 1 1 1 1 0 1 0 0 1 0 0 0 1 1 1 1 1 0 1 0 0 0 1 0 0 0 0 0 1
split_gain=0.557229 0.652494 1.0933 0.817914 0.635992 0.623578 0.621043 1.05592 0.555695 0.464752 0.648093 0.571538 0.550349 0.648425 0.679596 1.70355 1.17437 2.17576 1.50928 1.7286 1.35386 1.09233 1.05768 1.03898 1.23841 1.31953 1.0753 0.840488 0.723954 0.67468
threshold=110.45000000000002 15.500000000000002 11.500000000000002 19.500000000000004 -2.4999999999999996 112.15000000000002 1.5000000000000002 113.55000000000001 111.75000000000001 -73.499999999999986 45.850000000000001 53.750000000000007 89.65000000000002 -28.499999999999996 34.500000000000007 27.500000000000004 15.500000000000002 10.500000000000002 95.450000000000017 12.500000000000002 109.45000000000002 91.65000000000002 100.05000000000001 18.500000000000004 101.75000000000001 101.45000000000002 101.25000000000001 106.85000000000001 101.35000000000001 30.500000000000004
decision_type=2 2 2 2 2 2 2 2 2 2 2 2 2 2 2 2 2 2 2 2 2 2 2 2 2 2 2 2 2 2
left_child=9 2 4 5 8 -3 -6 -8 -2 11 -11 -1 -12 -14 15 16 17 22 -19 27 -21 29 -15 -18 25 26 -25 -20 -28 -17
right_child=1 3 -4 -5 6 -7 7 -9 -10 10 12 -13 13 14 -16 21 23 18 19 20 -22 -23 -24 24 -26 -27 28 -29 -30 -31
leaf_value=-0.0016221483706085806 -0.0024579250057505126 0.0011809695714336652 -0.0013913031550108182 0.00044367241635284179 0.0025622848571012066 0.0038915230676897215 0.0010042504676614303 -0.0021584991490984466 0.00073285669800769769 0.00046162995485442434 -6.9593718803483595e-05 0.00020883160066746529 -0.00059436450723547498 0.00015606900748406512 -0.00013454656618925995 -0.0014440070320037605 -0.00051775743074812454 0.0012747791277232055 0.00067037354155632478 3.8930990160359854e-05 -0.0030430191080085935 0.00055632982137979756 -0.00014906181105345522 -0.00022958780495205213 0.00030603040364270666 -0.002190725081622318 0.0038440802687868419 0.0020583568946611367 0.00023141032163525969 0.00020668649150121354
leaf_weight=977 299 503 983 1723 448 367 1654 314 251 7388 216880 756 4004 62509 43359 1132 14930 5381 6540 11244 368 24451 52047 25113 16526 844 271 1309 284 1366
leaf_count=977 299 503 983 1723 448 367 1654 314 251 7388 216880 756 4004 62509 43359 1132 14930 5381 6540 11244 368 24451 52047 25113 16526 844 271 1309 284 1366
internal_value=-1.82472e-12 0.000458454 5.38216e-05 0.00107469 0.000532769 0.00232439 0.000882105 0.000499625 -0.00100177 -6.02639e-06 -3.17019e-06 -0.000823406 -1.01989e-05 3.72158e-05 4.66633e-05 8.16903e-05 3.07744e-05 0.000109425 0.000533618 0.000328685 -5.87402e-05 0.000454582 1.74369e-05 -0.00015836 -3.36839e-05 -0.000245441 -0.000181478 0.000901851 0.00199543 -0.000541346
internal_weight=504221 6542 3949 2593 2966 870 2416 1968 550 497679 495946 1733 488558 271678 267674 224315 197366 139398 24842 19461 11612 26949 114556 57968 43038 26512 25668 7849 555 2498
internal_count=504221 6542 3949 2593 2966 870 2416 1968 550 497679 495946 1733 488558 271678 267674 224315 197366 139398 24842 19461 11612 26949 114556 57968 43038 26512 25668 7849 555 2498
is_linear=0
shrinkage=0.05


Tree=111
num_leaves=31
num_cat=0
split_feature=0 1 0 1 0 1 1 0 1 1 0 0 1 0 1 0 0 0 1 1 1 0 1 1 0 0 1 1 0 1
split_gain=0.560203 0.480517 0.541103 0.714859 0.796957 1.08414 0.981687 1.22484 0.700818 0.965222 0.654537 0.624681 0.715132 0.530491 0.521698 0.509912 0.732829 0.60154 0.730832 0.693259 1.06153 0.759287 0.619047 0.550361 0.508665 0.456261 2.52024 0.424622 0.42331 0.539117
threshold=115.45000000000002 -3.4999999999999996 60.550000000000004 -51.499999999999993 80.750000000000014 -31.499999999999996 -34.499999999999993 75.950000000000017 -51.499999999999993 -49.499999999999993 99.450000000000017 80.750000000000014 -59.499999999999993 62.45000000000001 -39.499999999999993 64.050000000000011 41.550000000000004 53.750000000000007 50.500000000000007 17.500000000000004 20.500000000000004 61.550000000000004 14.500000000000002 29.500000000000004 110.65000000000002 69.050000000000011 43.500000000000007 3.5000000000000004 53.750000000000007 -73.499999999999986
decision_type=2 2 2 2 2 2 2 2 2 2 2 2 2 2 2 2 2 2 2 2 2 2 2 2 2 2 2 2 2 2
left_child=1 2 8 11 6 -6 7 13 28 -10 -7 -4 -13 -5 -9 16 27 18 22 21 -21 -19 -18 -17 25 26 -25 -3 29 -1
right_child=-2 15 3 4 5 10 -8 14 9 -11 -12 12 -14 -15 -16 23 17 19 -20 20 -22 -23 -24 24 -26 -27 -28 -29 -30 -31
leaf_value=-0.0015410408442468214 0.0020170435415672919 -0.0013338058683105181 0.00024892225118261052 -0.00087873504081689984 -0.00068597209658420675 9.5001699536472633e-05 -0.00049633057757533328 -0.0015560747943189198 0.0027896863793910936 0.0003625118195955159 -0.00023160229146423507 0.0042539003601271986 0.00075682426436937287 0.00066585817656390897 5.356305439562381e-05 8.5916474111437794e-05 -0.00030268124194311882 -0.00026248317123501194 0.00044730688771064389 0.0028010824817918736 -0.00010052705303349923 -0.0020531357649844675 -0.0021746755202459648 0.0019286306424361396 0.0019930326196177122 -6.7754579224818773e-05 -0.0003495675733548373 0.00089693067019940324 0.00033786134657456246 -0.00018910208056049964
leaf_weight=977 344 244 4210 621 6318 51007 25971 1243 430 8636 21938 217 448 5302 846 227813 658 1602 587 334 5602 939 1343 1806 306 123827 3703 1697 2245 3007
leaf_count=977 344 244 4210 621 6318 51007 25971 1243 430 8636 21938 217 448 5302 846 227813 658 1602 587 334 5602 939 1343 1806 306 123827 3703 1697 2245 3007
internal_value=-1.35594e-12 -1.37705e-06 -8.27405e-05 -0.000118975 -0.000144495 -5.76449e-05 -0.000347068 0.00013677 0.00019709 0.000477633 -3.22352e-06 0.00047387 0.00189798 0.000503915 -0.000904206 2.79248e-05 -0.000279604 -0.000436798 -0.00110401 -0.000233099 6.27374e-05 -0.0009242 -0.0015591 3.91142e-05 -4.31289e-05 -4.79463e-05 0.000397288 0.000616508 -0.000211226 -0.000520639
internal_weight=504221 503877 133416 118121 113246 79263 33983 8012 15295 9066 72945 4875 665 5923 2089 370461 13006 11065 2588 8477 5936 2541 2001 357455 129642 129336 5509 1941 6229 3984
internal_count=504221 503877 133416 118121 113246 79263 33983 8012 15295 9066 72945 4875 665 5923 2089 370461 13006 11065 2588 8477 5936 2541 2001 357455 129642 129336 5509 1941 6229 3984
is_linear=0
shrinkage=0.05


Tree=112
num_leaves=31
num_cat=0
split_feature=0 0 1 1 1 1 1 0 0 0 0 0 0 0 0 1 1 0 0 0 0 1 0 0 1 0 0 0 0 1
split_gain=0.505583 0.445414 0.546975 0.555685 0.675647 1.19263 2.06086 1.79549 1.05025 1.02197 1.37389 0.835341 0.832029 1.66298 0.843475 1.75743 0.725707 1.27471 0.837747 0.875115 0.904737 1.22319 2.77612 0.78165 1.57322 0.715114 0.701179 2.30712 0.919936 0.899982
threshold=115.45000000000002 89.65000000000002 -28.499999999999996 43.500000000000007 25.500000000000004 14.500000000000002 9.5000000000000018 98.250000000000014 99.050000000000011 102.15000000000002 102.35000000000001 105.05000000000001 102.55000000000001 102.65000000000002 102.85000000000001 32.500000000000007 32.500000000000007 91.450000000000017 101.95000000000002 101.75000000000001 100.75000000000001 36.500000000000007 101.05000000000001 101.05000000000001 34.500000000000007 100.05000000000001 101.45000000000002 100.95000000000002 101.65000000000002 29.500000000000004
decision_type=2 2 2 2 2 2 2 2 2 2 2 2 2 2 2 2 2 2 2 2 2 2 2 2 2 2 2 2 2 2
left_child=1 -1 -3 4 5 6 25 -8 -7 16 -11 -9 -12 -14 15 -15 17 -6 19 20 -18 23 -23 -22 -25 -4 27 -19 -28 -30
right_child=-2 2 3 -5 9 8 7 11 -10 10 12 -13 13 14 -16 -17 18 26 -20 -21 21 22 -24 24 -26 -27 28 -29 29 -31
leaf_value=-5.3435293791639893e-05 0.0019161914343279679 -0.00053849543434598393 0.0001291777878336673 -0.00019099679344893267 -0.00080671232534694319 -0.00042823225213352442 0.0010913204502160719 -7.7894946718651129e-05 1.2272990014656886e-05 0.0029611040496631252 -0.0013167816066098487 0.00063632139771825245 0.0041294756108970852 0.00095019208999469116 0.00056245912386713017 -0.0045454864631373571 -1.1204948124341072e-05 0.00040509061028759752 -0.0028805776900343236 0.0027095334677297452 0.0026702715939766653 -0.0072491867104908089 -0.00074148662256222255 -0.0033026179216675841 0.0021552754121844241 -0.00012412914692803422 -0.0028566455447369002 0.0031055250294649834 0.0014905526181896226 -0.0017459584886187708
leaf_weight=225999 344 4012 60298 22069 2255 22998 8726 10182 32871 581 616 6847 319 346 12765 251 20748 16026 267 281 222 231 564 295 239 51797 352 832 524 364
leaf_count=225999 344 4012 60298 22069 2255 22998 8726 10182 32871 581 616 6847 319 346 12765 251 20748 16026 267 281 222 231 564 295 239 51797 352 832 524 364
internal_value=3.88306e-12 -1.30819e-06 4.10869e-05 4.95775e-05 7.06629e-05 2.58168e-05 0.000104797 0.00050812 -0.000169057 0.000220247 0.000577645 0.000209276 0.000480787 0.000561724 0.000476548 -0.00136039 9.71594e-05 0.000314284 -9.62637e-05 -6.33403e-05 -9.82825e-05 -0.00126313 -0.0026324 0.000176771 -0.000859853 1.21294e-05 0.00045396 0.000538366 -0.000693563 0.000163875
internal_weight=504221 503877 277878 273866 251797 193719 137850 25755 55869 58078 14878 17029 14297 13681 13362 597 43200 20353 22847 22580 22299 1551 795 756 534 112095 18098 16858 1240 888
internal_count=504221 503877 277878 273866 251797 193719 137850 25755 55869 58078 14878 17029 14297 13681 13362 597 43200 20353 22847 22580 22299 1551 795 756 534 112095 18098 16858 1240 888
is_linear=0
shrinkage=0.05


Tree=113
num_leaves=31
num_cat=0
split_feature=0 1 0 1 0 1 0 1 1 1 0 0 1 1 0 0 1 0 1 1 0 0 0 1 0 0 1 1 0 0
split_gain=0.456289 0.425623 0.554636 0.763995 0.758293 0.743504 0.707499 0.550125 0.536663 0.597338 0.580436 0.492968 0.485073 0.749483 0.480848 0.45878 0.527875 0.459148 0.705297 0.432838 0.691018 0.597955 0.425062 0.417487 1.76127 0.985794 0.71214 0.574778 0.430674 0.405157
threshold=115.45000000000002 -9.4999999999999982 60.550000000000004 -12.499999999999998 51.750000000000007 -49.499999999999993 85.050000000000011 -33.499999999999993 -73.499999999999986 -20.499999999999996 53.750000000000007 99.550000000000011 -51.499999999999993 -49.499999999999993 108.05000000000001 76.250000000000014 -61.499999999999993 73.65000000000002 -55.499999999999993 -61.499999999999993 67.15000000000002 62.45000000000001 70.850000000000009 -34.499999999999993 75.950000000000017 62.45000000000001 -39.499999999999993 -43.499999999999993 81.950000000000017 64.050000000000011
decision_type=2 2 2 2 2 2 2 2 2 2 2 2 2 2 2 2 2 2 2 2 2 2 2 2 2 2 2 2 2 2
left_child=1 2 3 8 -5 15 23 -8 10 12 -1 -9 -10 -14 -3 17 -17 19 -19 20 -4 -21 -22 24 25 27 -26 -7 -25 -23
right_child=-2 14 5 4 -6 6 7 11 9 -11 -12 -13 13 -15 -16 16 -18 18 -20 21 22 29 -24 28 26 -27 -28 -29 -30 -31
leaf_value=-0.0014613171576111441 0.0018203816807092451 1.0166148127239935e-05 -0.0012845670466735013 0.0045129737422908121 0.00026921668127853404 -0.0032659222921693183 -0.00069350985819158922 0.00010495433855365282 -2.5836627506429605e-05 -0.00078035997593068674 0.00081411598311884102 -0.00026971161266248168 0.0026528735666774043 0.00049156348268264232 0.00027976974726415173 0.0029622032187388608 0.00067057709895527442 0.00031325128121474356 -0.0034888076391958057 0.0026484177137414619 0.002123467455876161 -0.0011863113007324186 -0.00074241703270741229 -0.00054699940172748705 -0.0015964010060794374 0.00075053098708917896 -0.00014132165193382889 -1.1974654230130774e-06 -2.5956856089143125e-05 0.00071319317402826119
leaf_weight=977 344 385922 833 201 221 249 3105 30158 4859 1302 393 12385 430 5971 17279 319 1184 291 210 348 332 334 212 21286 1861 4753 1534 294 4874 1760
leaf_count=977 344 385922 833 201 221 249 3105 30158 4859 1302 393 12385 430 5971 17279 319 1184 291 210 348 332 334 212 21286 1861 4753 1534 294 4874 1760
internal_value=-1.64251e-14 -1.24279e-06 -9.32069e-05 0.000194589 0.00229053 -0.000141063 -0.000180529 -5.10102e-05 0.000131103 0.000233585 -0.000808583 -4.11737e-06 0.000350828 0.000636754 2.17199e-05 0.000404535 0.00115696 0.000142755 -0.00128043 0.000329457 -0.000379409 0.000729173 0.00100662 -0.000350174 -4.99347e-05 0.00051996 -0.000938937 -0.00149828 -0.000449921 0.000410216
internal_weight=504221 503877 100676 14354 422 86322 80499 45648 13932 12562 1370 42543 11260 6401 403201 5823 1503 4320 501 3819 1377 2442 544 34851 8691 5296 3395 543 26160 2094
internal_count=504221 503877 100676 14354 422 86322 80499 45648 13932 12562 1370 42543 11260 6401 403201 5823 1503 4320 501 3819 1377 2442 544 34851 8691 5296 3395 543 26160 2094
is_linear=0
shrinkage=0.05


Tree=114
num_leaves=31
num_cat=0
split_feature=1 0 0 0 1 1 1 0 1 0 0 1 0 0 1 0 0 0 1 1 0 1 1 0 0 1 0 1 0 1
split_gain=0.421346 0.762087 0.62254 0.777697 0.668462 0.890653 0.801288 1.42451 0.677461 0.667686 0.593313 0.625156 0.52612 1.1011 0.942177 0.845677 0.479973 1.41016 0.852803 0.448434 0.451176 2.87709 1.76484 1.42396 1.13674 0.907936 0.890181 0.793983 1.08997 2.93627
threshold=3.5000000000000004 115.45000000000002 114.35000000000001 107.45000000000002 11.500000000000002 9.5000000000000018 15.500000000000002 109.45000000000002 14.500000000000002 111.75000000000001 109.05000000000001 12.500000000000002 107.25000000000001 109.45000000000002 1.5000000000000002 106.45000000000002 41.550000000000004 53.750000000000007 48.500000000000007 29.500000000000004 75.350000000000009 16.500000000000004 12.500000000000002 69.050000000000011 64.050000000000011 14.500000000000002 69.050000000000011 16.500000000000004 83.850000000000009 24.500000000000004
decision_type=2 2 2 2 2 2 2 2 2 2 2 2 2 2 2 2 2 2 2 2 2 2 2 2 2 2 2 2 2 2
left_child=12 2 3 16 5 -5 7 10 9 -9 11 -6 15 14 -14 -1 -2 18 -18 20 21 22 24 25 -19 -24 -23 -22 29 -29
right_child=1 -3 -4 4 6 -7 -8 8 -10 -11 -12 -13 13 -15 -16 -17 17 19 -20 -21 27 26 23 -25 -26 -27 -28 28 -30 -31
leaf_value=-5.7285509192922525e-05 0.00085424759088256427 0.0026092386875100409 -0.0021830918347726142 0.00043064059353189668 0.0020011122024989401 0.0019007858619748425 0.00038728722205440985 -0.0018848788177884008 -0.0037419494888858828 0.0010732776935190572 0.0027672948734834791 -0.00061207228906387013 -0.00068859997857115295 0.0003308020025589068 -0.0028154228046173005 0.00095970272935059066 -0.0017947746603640383 -0.0013443635539770816 0.00035200683355577088 -4.8641375883944722e-05 0.00016035689896868607 0.0003985943063885848 0.0013242038490509224 -0.0024802857632139968 0.00048158782848129242 -0.0015320787311087071 0.0014660121854450832 0.0010658247338457124 -0.0001397763770754557 -0.00066378812880255045
leaf_weight=170184 1697 287 317 3685 306 1430 8926 740 328 257 240 908 3397 2449 615 2069 1704 1038 635 132516 77805 3443 562 1415 4766 551 4514 6470 67014 3953
leaf_count=170184 1697 287 317 3685 306 1430 8926 740 328 257 240 908 3397 2449 615 2069 1704 1038 635 132516 77805 3443 562 1415 4766 551 4514 6470 67014 3953
internal_value=-2.98893e-12 3.38671e-05 3.15944e-05 3.37552e-05 0.000364825 0.000841649 0.000156456 -0.000584961 -0.00177082 -0.00112234 0.000495687 4.66052e-05 -6.1685e-05 -0.000504647 -0.00101462 -4.50701e-05 1.56802e-05 1.10356e-05 -0.00121196 2.0444e-05 7.38157e-05 0.000324155 -0.000325226 -0.00142784 0.000155031 -8.98228e-05 0.00100414 4.75485e-05 -6.5796e-05 0.000409856
internal_weight=504221 325507 325220 324903 16820 5115 11705 2779 1325 997 1454 1214 178714 6461 4012 172253 308083 306386 2339 304047 171531 16289 8332 2528 5804 1113 7957 155242 77437 10423
internal_count=504221 325507 325220 324903 16820 5115 11705 2779 1325 997 1454 1214 178714 6461 4012 172253 308083 306386 2339 304047 171531 16289 8332 2528 5804 1113 7957 155242 77437 10423
is_linear=0
shrinkage=0.05


Tree=115
num_leaves=31
num_cat=0
split_feature=0 1 1 1 0 0 0 1 0 0 0 0 0 0 1 0 0 0 0 0 0 0 0 0 1 0 0 0 0 1
split_gain=0.408153 0.53709 0.831038 1.09137 0.772336 0.859426 0.750175 0.692214 1.06135 1.63596 1.08686 1.01412 1.81143 1.43923 2.30254 0.872638 0.693197 0.670995 0.620222 0.780973 1.41335 0.578184 0.853368 1.39654 1.17629 1.02487 0.786177 1.98282 1.55027 3.55714
threshold=95.65000000000002 47.500000000000007 25.500000000000004 30.500000000000004 96.050000000000011 96.450000000000017 100.05000000000001 27.500000000000004 100.95000000000002 101.35000000000001 102.05000000000001 102.95000000000002 102.55000000000001 104.95000000000002 28.500000000000004 100.45000000000002 103.95000000000002 110.65000000000002 102.45000000000002 103.45000000000002 103.95000000000002 101.45000000000002 99.550000000000011 99.050000000000011 29.500000000000004 97.750000000000014 96.950000000000017 97.750000000000014 98.250000000000014 28.500000000000004
decision_type=2 2 2 2 2 2 2 2 2 2 2 2 2 2 2 2 2 2 2 2 2 2 2 2 2 2 2 2 2 2
left_child=-1 2 -2 4 -4 -6 -3 8 15 -10 -11 12 21 14 -13 -7 -16 -5 -12 -20 -21 22 23 24 26 -26 -9 -28 -29 -30
right_child=1 6 3 17 5 7 -8 11 9 10 18 13 -14 -15 16 -17 -18 -19 19 20 -22 -23 -24 -25 25 -27 27 28 29 -31
leaf_value=-3.5228245687062751e-05 1.543113665060763e-05 -7.2632512760435544e-05 -0.0013314237374634972 3.9704679611373557e-05 0.0027094289434221597 -0.00027131822622982691 -0.0013992027702807305 -0.0020056366221979263 0.0050488981773743891 -0.0020044807429987054 0.0034133979917000353 0.0018571811648929589 0.0051072537489235403 0.0010083763220317407 -0.0013482390219966573 -0.0032893120712332068 -0.0042611007589254185 0.0026276631685932771 -0.0011127093480560032 0.0046281364504793454 0.00058780418632139141 -7.4497076966381417e-05 0.0023563314937674646 -0.0018290469556619107 0.00097342140880631815 0.0048320880422383881 0.0038545724646798494 -0.0036283386791494572 -0.0032600025746173096 0.0055829323312162841
leaf_weight=312549 145184 3889 504 24985 494 2327 1468 256 207 393 209 426 300 2138 450 267 374 253 548 239 2294 857 1383 418 324 367 406 257 224 231
leaf_count=312549 145184 3889 504 24985 494 2327 1468 256 207 393 209 426 300 2138 450 267 374 253 548 239 2294 857 1383 418 324 367 406 257 224 231
internal_value=3.46884e-12 5.74448e-05 7.1637e-05 0.000270032 0.000594594 0.000657672 -0.000436158 0.000589625 0.00020141 0.00072379 0.000480701 0.000888898 0.0013398 0.000220398 -0.00112736 -0.00058196 -0.00267034 6.56478e-05 0.000777563 0.000598761 0.000969028 0.00110049 0.00136096 0.000806553 0.00134005 0.00302281 0.000493775 0.00106609 -0.000523969 0.00122949
internal_weight=504221 191672 186315 41131 15893 15389 5357 14895 6484 3890 3683 8411 5023 3388 1250 2594 824 25238 3290 3081 2533 4723 3866 2483 2065 691 1374 1118 712 455
internal_count=504221 191672 186315 41131 15893 15389 5357 14895 6484 3890 3683 8411 5023 3388 1250 2594 824 25238 3290 3081 2533 4723 3866 2483 2065 691 1374 1118 712 455
is_linear=0
shrinkage=0.05


Tree=116
num_leaves=31
num_cat=0
split_feature=0 1 1 1 0 1 0 1 0 1 1 1 0 1 0 1 0 0 1 1 1 1 1 0 0 1 0 1 1 1
split_gain=0.390075 0.462489 1.34068 0.471001 0.822497 0.365482 0.381456 0.457747 0.413437 0.489445 0.57064 3.99126 2.45785 2.88861 2.34851 1.85449 3.65931 2.47273 1.42141 1.33907 1.16694 1.1529 1.11557 1.32566 1.05457 1.04448 0.918211 0.90594 0.68709 0.672202
threshold=112.55000000000001 15.500000000000002 20.500000000000004 1.5000000000000002 114.35000000000001 -77.499999999999986 45.850000000000001 -66.499999999999986 89.65000000000002 -49.499999999999993 14.500000000000002 22.500000000000004 81.950000000000017 34.500000000000007 71.250000000000014 10.500000000000002 85.450000000000017 72.450000000000017 25.500000000000004 5.5000000000000009 12.500000000000002 18.500000000000004 13.500000000000002 81.950000000000017 68.65000000000002 18.500000000000004 53.750000000000007 19.500000000000004 48.500000000000007 36.500000000000007
decision_type=2 2 2 2 2 2 2 2 2 2 2 2 2 2 2 2 2 2 2 2 2 2 2 2 2 2 2 2 2 2
left_child=5 3 -3 -2 -5 -1 7 -7 9 -8 15 14 18 -14 25 19 17 -17 -13 -11 -18 -16 -19 -24 -21 -12 28 -27 -20 -28
right_child=1 2 -4 4 -6 6 8 -9 -10 10 11 12 13 -15 21 16 20 22 26 24 -22 -23 23 -25 -26 27 29 -29 -30 -31
leaf_value=-0.0009936821441475876 0.0018332631514747803 0.0039020010905760579 -0.00011138474371171359 0.00060715015510327808 -0.0024227534599472272 -0.0008828655021251554 0.00029237152576634169 0.00047203073172993328 3.4165789049388547e-05 -0.00016375935351083785 -0.0014728698162248038 0.0010360445994507684 -0.0010771794508374535 -0.00014319906676331604 0.0013875055258773335 0.00011448099325962047 -0.00031375672339809229 -0.0024996679618115841 -0.0024607123233727178 -0.00081898953347282625 0.0019198686908930543 0.00050586349918528767 -0.0019855581190316909 0.0014557850917112339 0.00060630059261414996 0.0024492628756881685 -0.00025050009501316131 -0.00031198842115029809 2.068553643995955e-06 0.00018158182987371849
leaf_weight=929 293 359 495 642 344 685 9530 6930 276087 80927 1553 3764 11914 27130 7471 1822 1123 3544 640 1496 1220 7362 775 438 9796 387 12479 1278 508 32300
leaf_count=929 293 359 495 642 344 685 9530 6930 276087 80927 1553 3764 11914 27130 7471 1822 1123 3544 640 1496 1220 7362 775 438 9796 387 12479 1278 508 32300
internal_value=2.68271e-13 0.000674727 0.00157574 7.31113e-05 -0.000449936 -2.86641e-06 -1.02974e-06 0.000350152 -6.4482e-06 -5.80124e-05 -7.40717e-05 6.54075e-06 -0.00013133 -0.000428197 0.000684283 -0.000159183 -0.000847514 -0.0014518 0.000101929 -9.25887e-05 0.000849292 0.000949924 -0.00205171 -0.00074293 0.000417474 -0.000540156 2.53728e-05 0.000329816 -0.00137091 6.11694e-05
internal_weight=504221 2133 854 1279 986 502088 501159 7615 493544 217457 207927 106786 88735 39044 18051 101141 8922 6579 49691 92219 2343 14833 4757 1213 11292 3218 45927 1665 1148 44779
internal_count=504221 2133 854 1279 986 502088 501159 7615 493544 217457 207927 106786 88735 39044 18051 101141 8922 6579 49691 92219 2343 14833 4757 1213 11292 3218 45927 1665 1148 44779
is_linear=0
shrinkage=0.05


Tree=117
num_leaves=31
num_cat=0
split_feature=0 1 0 1 1 1 1 0 0 0 0 0 0 1 0 0 1 1 0 1 1 1 1 0 0 0 1 1 1 1
split_gain=0.367786 0.349233 0.771734 0.86852 0.539103 0.880325 0.67957 0.672641 0.567408 0.543299 0.456454 0.373446 0.63584 0.387303 0.358603 0.43126 0.372948 0.356461 0.356458 1.03727 1.61601 0.631964 0.321278 0.768575 0.409544 0.371851 0.310254 0.293348 0.379705 0.285518
threshold=115.45000000000002 -17.499999999999996 69.050000000000011 -51.499999999999993 -25.499999999999996 -53.499999999999993 -39.499999999999993 65.350000000000009 67.15000000000002 58.350000000000001 85.850000000000009 35.850000000000001 66.550000000000011 64.500000000000014 64.050000000000011 53.750000000000007 -73.499999999999986 -59.499999999999993 69.050000000000011 23.500000000000004 39.500000000000007 35.500000000000007 -39.499999999999993 75.950000000000017 77.15000000000002 107.25000000000001 50.500000000000007 -61.499999999999993 -66.499999999999986 -47.499999999999993
decision_type=2 2 2 2 2 2 2 2 2 2 2 2 2 2 2 2 2 2 2 2 2 2 2 2 2 2 2 2 2 2
left_child=1 2 4 10 5 8 7 -7 14 -6 27 -3 -13 18 15 16 -1 -16 19 -14 21 -21 23 29 -25 -24 -22 28 -4 -5
right_child=-2 11 3 22 9 6 -8 -9 -10 -11 -12 12 13 -15 17 -17 -18 -19 -20 20 26 -23 25 24 -26 -27 -28 -29 -30 -31
leaf_value=-0.0013498401153020508 0.0016343319803127088 0.00070431012831943373 6.8311845051481363e-05 -0.0008563450059780412 0.00042873078631237149 0.00062958854604681751 0.00012838236481883293 0.0019861078153105933 0.0017055212242128963 -0.00087954157608037715 0.0026500080888335769 -0.0002652369973835261 -0.00011979182319263559 -0.0001998621279315038 -0.0022663839461537902 0.00030093986014327373 -0.00021471839518316332 -2.2825896739959719e-05 2.9377485410127553e-05 0.0018600812633490238 0.00076410364109816427 0.0045814194477623721 -0.00020847772746061368 -0.002860448302357997 -0.00093412129005780774 -0.0012964778868562704 -0.00070306340819016122 3.6114246638193586e-05 0.002260687864887027 0.00054796711309580833
leaf_weight=977 344 1957 376 497 1200 4511 5628 1146 382 2343 259 19735 3972 18269 422 2914 2790 305 390380 1031 686 269 35684 304 2987 803 759 1543 416 1332
leaf_count=977 344 1957 376 497 1200 4511 5628 1146 382 2343 259 19735 3972 18269 422 2914 2790 305 390380 1031 686 269 35684 304 2987 803 759 1543 416 1332
internal_value=4.61559e-13 -1.11577e-06 -0.000107575 -0.000229128 0.000129968 0.000235172 0.000517385 0.000904393 -0.000173657 -0.000436435 0.000658523 1.51602e-05 1.20605e-05 2.52355e-05 -0.000270558 -0.000155803 -0.000509121 -0.00132514 3.55915e-05 0.000396737 0.00114415 0.00242319 -0.000284469 -0.000655373 -0.00111206 -0.000232422 -6.53981e-06 0.000437626 0.00121986 0.000166369
internal_weight=504221 503877 66819 44201 22618 19075 11285 5657 7790 3543 2594 437058 435101 415366 7408 6681 3767 727 397097 6717 2745 1300 41607 5120 3291 36487 1445 2335 792 1829
internal_count=504221 503877 66819 44201 22618 19075 11285 5657 7790 3543 2594 437058 435101 415366 7408 6681 3767 727 397097 6717 2745 1300 41607 5120 3291 36487 1445 2335 792 1829
is_linear=0
shrinkage=0.05


Tree=118
num_leaves=31
num_cat=0
split_feature=0 1 1 1 1 0 1 0 1 1 1 1 1 1 0 1 1 0 1 0 1 0 1 1 0 0 0 1 1 0
split_gain=0.338802 0.507139 0.911169 0.733041 0.566583 0.480908 0.303452 0.328336 0.427578 0.61958 0.346861 0.418288 0.344101 0.740848 0.675857 0.753985 0.504976 0.503974 0.621436 0.467003 0.488898 0.343737 0.339645 0.321615 0.301393 0.868868 0.774721 0.267994 0.261336 0.256402
threshold=110.45000000000002 15.500000000000002 11.500000000000002 19.500000000000004 -5.4999999999999991 112.15000000000002 -77.499999999999986 45.850000000000001 44.500000000000007 54.500000000000007 16.500000000000004 -66.499999999999986 -49.499999999999993 -17.499999999999996 55.45000000000001 1.0000000180025095e-35 45.500000000000007 60.550000000000004 -27.499999999999996 53.750000000000007 -53.499999999999993 107.25000000000001 10.500000000000002 63.500000000000007 80.750000000000014 83.250000000000014 86.050000000000011 -66.499999999999986 -73.499999999999986 113.55000000000001
decision_type=2 2 2 2 2 2 2 2 2 2 2 2 2 2 2 2 2 2 2 2 2 2 2 2 2 2 2 2 2 2
left_child=6 2 4 5 -2 -3 -1 8 10 -10 11 -8 19 17 15 -15 -17 18 -14 20 27 -19 -13 -16 -21 -26 -27 28 -9 -6
right_child=1 3 -4 -5 29 -7 7 12 9 -11 -12 22 13 14 23 16 -18 21 -20 24 -22 -23 -24 -25 25 26 -28 -29 -30 -31
leaf_value=-0.000907520105334478 -0.0014986729410602086 0.0010797101259046415 -0.0013185204310737749 0.00030337734141757847 0.00089818534436249026 0.0034600745310514598 -0.00080917805324505715 -0.00130541741277452 0.0035967847486918277 0.00041816418936640835 -0.0006452477808009166 0.00042301047588907958 0.00073451536732750981 0.00067706046063297745 2.3357042139135233e-05 -0.0015554910322000514 -7.0919538624763338e-05 -0.00022033707659145811 -0.00064954256741263979 0.00034697689595515044 0.0018297100166008936 -0.0012713708110652893 0.002489633867202174 -0.00017455625048116492 0.0036996103239370819 -0.0018130471885908308 0.0018702022239931522 -0.0012461270347935605 0.00082631670669013394 -0.00045601233301392524
leaf_weight=929 335 503 983 1723 2216 367 685 222 235 441 1021 5026 2886 780 402564 1829 834 47030 1128 6992 211 791 207 21630 268 254 326 982 408 415
leaf_count=929 335 503 983 1723 2216 367 685 222 235 441 1021 5026 2886 780 402564 1829 834 47030 1128 6992 211 791 207 21630 268 254 326 982 408 415
internal_value=-2.94012e-12 0.00035748 7.52744e-07 0.000900756 0.00043799 0.00208384 -4.69908e-06 -3.01067e-06 0.000322781 0.00152316 0.000205839 0.000352673 -8.08268e-06 -1.40362e-05 7.60229e-06 -0.000690105 -0.00109055 -0.000192553 0.000345572 0.000287327 -0.000433513 -0.000237722 0.000504759 1.32653e-05 0.00045494 0.00134513 0.000257193 -0.000729753 7.51342e-05 0.000684581
internal_weight=504221 6542 3949 2593 2966 870 497679 496750 7615 676 6939 5918 489135 479472 427637 3443 2663 51835 4014 9663 1823 47821 5233 424194 7840 848 580 1612 630 2631
internal_count=504221 6542 3949 2593 2966 870 497679 496750 7615 676 6939 5918 489135 479472 427637 3443 2663 51835 4014 9663 1823 47821 5233 424194 7840 848 580 1612 630 2631
is_linear=0
shrinkage=0.05


Tree=119
num_leaves=31
num_cat=0
split_feature=0 0 1 1 1 1 1 0 0 1 0 1 0 0 0 0 0 1 0 0 1 1 0 0 1 0 0 1 1 1
split_gain=0.33213 0.30626 0.436706 0.437556 0.588284 1.04743 1.382 1.6799 1.06169 1.05671 1.03281 0.857388 0.84323 1.23379 0.737601 1.48066 0.789656 1.52958 0.663563 0.757633 0.673846 0.676931 0.663484 1.15864 0.864273 0.64919 0.732465 0.877814 0.645458 0.64474
threshold=115.45000000000002 89.65000000000002 -33.499999999999993 43.500000000000007 25.500000000000004 15.500000000000002 9.5000000000000018 95.65000000000002 107.65000000000002 13.500000000000002 109.45000000000002 19.500000000000004 102.15000000000002 102.35000000000001 102.55000000000001 102.65000000000002 102.85000000000001 32.500000000000007 108.05000000000001 108.25000000000001 20.500000000000004 21.500000000000004 93.850000000000009 90.050000000000011 22.500000000000004 100.05000000000001 103.15000000000002 7.5000000000000009 14.500000000000002 29.500000000000004
decision_type=2 2 2 2 2 2 2 2 2 2 2 2 2 2 2 2 2 2 2 2 2 2 2 2 2 2 2 2 2 2
left_child=1 -1 -3 4 5 6 25 -8 11 -9 -11 -7 -6 29 -15 -16 17 -17 -10 -20 -21 -22 23 -13 -25 -4 27 -27 -12 -14
right_child=-2 2 3 -5 12 8 7 9 18 10 28 22 13 14 15 16 -18 -19 19 20 21 -23 -24 24 -26 26 -28 -29 -30 -31
leaf_value=-4.4284462629366278e-05 0.0015530899815974749 -0.00073511868469372391 0.0001137354638121746 -0.00017434946642867766 8.570940365202492e-05 -0.00052356886077347688 0.0010797347112635309 0.00041742563101637275 0.0018995252256726409 -0.00011245045361652478 -0.00056938944538723838 0.0018223615141397113 0.00064720815301618796 -0.0012621209297522711 0.0038730781846519173 0.00080444094202766531 0.0005093321803328818 -0.004322618465737043 -0.0018694183018360064 0.0010107247604710429 -0.001875543805571007 0.00028348574795196397 3.7461515642759007e-05 -0.0015682054375854703 -0.00016661941722434547 -0.00024511804232583577 2.9566097012578256e-05 -0.0013222705546208969 -0.0036743297144164184 0.0040810900856418295
leaf_weight=225999 344 1833 61944 22069 43200 18296 6727 16322 712 7308 326 445 220 616 319 346 12765 251 383 2418 476 1530 21936 2161 2240 19209 31023 2098 344 361
leaf_count=225999 344 1833 61944 22069 43200 18296 6727 16322 712 7308 326 445 220 616 319 346 12765 251 383 2418 476 1530 21936 2161 2240 19209 31023 2098 344 361
internal_value=-5.8445e-12 -1.06031e-06 3.4094e-05 3.92018e-05 5.77581e-05 1.6324e-05 8.45492e-05 0.000380482 -0.000179601 0.000186907 -0.000284705 -0.000259742 0.000197516 0.00052216 0.000430372 0.000506578 0.000426207 -0.00135116 0.000474974 0.000263973 0.000448668 -0.000228826 -7.95091e-05 -0.000608991 -0.000854833 4.19923e-06 -0.000125461 -0.00035118 -0.00216357 0.00278082
internal_weight=504221 503877 277878 276045 253976 195898 145301 31027 50597 24300 7978 45078 58078 14878 14297 13681 13362 597 5519 4807 4424 2006 26782 4846 4401 114274 52330 21307 670 581
internal_count=504221 503877 277878 276045 253976 195898 145301 31027 50597 24300 7978 45078 58078 14878 14297 13681 13362 597 5519 4807 4424 2006 26782 4846 4401 114274 52330 21307 670 581
is_linear=0
shrinkage=0.05


Tree=120
num_leaves=31
num_cat=0
split_feature=1 0 0 0 1 1 1 0 0 1 1 0 0 0 1 0 0 1 0 0 1 0 1 0 0 1 1 0 0 1
split_gain=0.308837 0.612669 0.559152 0.578718 0.620897 0.782252 0.59916 1.1834 0.536174 0.556682 0.521528 0.609975 0.480616 0.951505 0.870547 0.748232 0.44 0.515711 0.406908 0.403715 0.38935 1.36524 2.20942 1.56763 1.15619 2.54885 1.35345 1.38752 1.15043 1.60165
threshold=3.5000000000000004 115.45000000000002 114.35000000000001 107.45000000000002 11.500000000000002 9.5000000000000018 15.500000000000002 109.45000000000002 109.05000000000001 12.500000000000002 14.500000000000002 111.75000000000001 107.25000000000001 109.45000000000002 1.5000000000000002 106.45000000000002 106.85000000000001 -5.4999999999999991 108.05000000000001 106.65000000000002 16.500000000000004 82.550000000000011 25.500000000000004 69.050000000000011 81.350000000000009 11.500000000000002 11.500000000000002 96.750000000000014 69.050000000000011 15.500000000000002
decision_type=2 2 2 2 2 2 2 2 2 2 2 2 2 2 2 2 2 2 2 2 2 2 2 2 2 2 2 2 2 2
left_child=12 2 3 20 5 -5 7 8 9 -6 11 -9 15 14 -14 -1 17 19 -16 -17 24 22 23 -22 25 -2 -26 -28 -27 -30
right_child=1 -3 -4 4 6 -7 -8 10 -10 -11 -12 -13 13 -15 18 16 -18 -19 -20 -21 21 -23 -24 -25 26 28 27 -29 29 -31
leaf_value=-4.842098118581682e-05 0.00020633619714984354 0.0023381354181270988 -0.0020719521486182767 0.00038895949385200944 0.001875068750719424 0.0017667378691493996 0.00031338452740079317 -0.0017680547776163205 0.0026170722333093486 -0.00059085403249028762 -0.0033376562091090331 0.0010593698695229533 -0.00063686840519120423 0.00030044146025117537 -0.0041495460137892307 0.001771036829104868 0.00013431784297738756 0.0025210575879278246 -0.0015547062934044449 -0.0011857370788280943 -0.00019544361007524239 -9.9105432003895731e-05 2.9518443673248227e-05 0.0011111882085235265 1.4043307633410647e-05 2.9579598096109205e-05 0.00085566805610878404 0.00014582861820663367 -0.0020040618221717197 0.00032606846493724576
leaf_weight=170184 10203 287 317 3685 306 1430 8926 740 240 908 328 257 3397 2449 267 236 973 634 348 226 3070 159439 49472 9099 42838 1674 12403 15472 3477 936
leaf_count=170184 10203 287 317 3685 306 1430 8926 740 240 908 328 257 3397 2449 267 236 973 634 348 226 3070 159439 49472 9099 42838 1674 12403 15472 3477 936
internal_value=-4.35232e-12 2.8995e-05 2.69572e-05 2.90051e-05 0.000314598 0.000774145 0.00011378 -0.000527341 0.000457615 3.07048e-05 -0.00160819 -0.00103922 -5.2811e-05 -0.000476184 -0.000950251 -3.69308e-05 0.000908183 0.0015952 -0.00268125 0.00032465 1.34129e-05 -2.18484e-05 0.000177983 0.000781551 0.000103014 -0.000276744 0.000190498 0.000461672 -0.00108648 -0.00150984
internal_weight=504221 325507 325220 324903 16820 5115 11705 2779 1454 1214 1325 997 178714 6461 4012 172253 2069 1096 615 462 308083 221080 61641 12169 87003 16290 70713 27875 6087 4413
internal_count=504221 325507 325220 324903 16820 5115 11705 2779 1454 1214 1325 997 178714 6461 4012 172253 2069 1096 615 462 308083 221080 61641 12169 87003 16290 70713 27875 6087 4413
is_linear=0
shrinkage=0.05


Tree=121
num_leaves=31
num_cat=0
split_feature=0 1 1 1 0 0 0 1 0 0 0 1 0 0 0 0 0 0 0 0 0 0 0 1 0 0 0 1 0 0
split_gain=0.30648 0.45014 0.693653 0.957981 0.690653 0.687102 0.786421 0.625153 0.956475 1.57443 1.28528 1.60547 0.92195 1.49337 0.960397 0.794931 0.597957 0.580654 0.534518 0.854037 0.653235 1.60409 0.672394 1.12139 0.522147 0.770165 1.26037 1.06161 0.924942 0.728117
threshold=95.65000000000002 47.500000000000007 25.500000000000004 30.500000000000004 99.15000000000002 96.050000000000011 96.450000000000017 27.500000000000004 102.95000000000002 102.55000000000001 105.05000000000001 28.500000000000004 100.95000000000002 101.35000000000001 102.05000000000001 100.35000000000001 107.05000000000001 110.65000000000002 105.45000000000002 104.95000000000002 103.45000000000002 102.75000000000001 103.95000000000002 26.500000000000004 101.45000000000002 99.550000000000011 99.050000000000011 29.500000000000004 97.750000000000014 102.15000000000002
decision_type=2 2 2 2 2 2 2 2 2 2 2 2 2 2 2 2 2 2 2 2 2 2 2 2 2 2 2 2 2 2
left_child=-1 2 -2 5 -3 -4 -7 12 9 24 11 -10 15 -14 -15 -8 18 -5 19 20 21 -16 -22 -24 25 26 27 -9 -29 -26
right_child=1 4 3 17 -6 6 7 8 10 -11 -12 -13 13 14 16 -17 -18 -19 -20 -21 22 -23 23 -25 29 -27 -28 28 -30 -31
leaf_value=-3.052676384392792e-05 1.1420854051571162e-05 3.9427612963706756e-05 -0.0012685277587955908 2.8406274331746073e-05 -0.0011320913056213336 0.0025702820495072647 -0.00022469069418617292 0.00046541111752542694 0.0013919903992188609 0.0047771673214932284 0.00094948416539539042 -0.0023080971776718233 0.0047927788148323693 -0.0019079317762954848 0.0023810120816318155 -0.0028652106646014138 -0.00033142516873060511 0.0024358503622754768 0.0024248800232734651 -0.0021697917672912634 0.0043718724577808486 -0.002222451693813006 0.0033775825577808285 -0.0014165408240522761 -0.0012027333834583858 0.0022348399591226122 -0.0017412698582599041 0.00092107553816871883 0.0045868082317125245 0.0018083725617821346
leaf_weight=312549 145184 3338 504 24985 2019 494 2268 1374 444 300 2081 863 207 393 382 326 975 253 603 226 239 375 261 229 536 1383 418 324 367 321
leaf_count=312549 145184 3338 504 24985 2019 494 2268 1374 444 300 2081 863 207 393 382 326 975 253 603 226 239 375 261 229 536 1383 418 324 367 321
internal_value=3.89257e-12 4.97783e-05 6.27711e-05 0.000244027 -0.000402106 0.000548107 0.000607603 0.00054251 0.000826917 0.00126482 0.000177696 -0.00105114 0.000173579 0.000660448 0.000428194 -0.000556537 0.000707251 5.25399e-05 0.00114471 0.000693804 0.00112932 0.000100564 0.00219758 0.00113706 0.00104171 0.00128924 0.00076255 0.00126938 0.002868 -7.48862e-05
internal_weight=504221 191672 186315 41131 5357 15893 15389 14895 8411 5023 3388 1307 6484 3890 3683 2594 3290 25238 2315 1712 1486 757 729 490 4723 3866 2483 2065 691 857
internal_count=504221 191672 186315 41131 5357 15893 15389 14895 8411 5023 3388 1307 6484 3890 3683 2594 3290 25238 2315 1712 1486 757 729 490 4723 3866 2483 2065 691 857
is_linear=0
shrinkage=0.05


Tree=122
num_leaves=31
num_cat=0
split_feature=0 1 1 1 1 0 1 0 0 1 0 1 0 1 1 1 1 0 1 0 1 1 0 0 0 1 0 1 1 0
split_gain=0.284837 0.509888 0.500093 0.620558 0.884261 0.795525 0.274782 0.627667 0.712478 0.996244 0.673082 0.565442 0.407831 0.510539 0.69473 0.672183 0.589113 0.554623 0.74309 0.680634 0.558974 0.47633 1.43857 0.65137 0.436074 0.399475 0.3971 0.465429 0.377793 0.368552
threshold=113.05000000000001 1.5000000000000002 8.5000000000000018 20.500000000000004 15.500000000000002 114.35000000000001 3.5000000000000004 107.25000000000001 108.05000000000001 -5.4999999999999991 106.45000000000002 -17.499999999999996 107.45000000000002 11.500000000000002 10.500000000000002 17.500000000000004 19.500000000000004 109.45000000000002 15.500000000000002 111.15000000000002 14.500000000000002 21.500000000000004 108.85000000000001 109.85000000000001 108.25000000000001 20.500000000000004 106.85000000000001 -5.4999999999999991 -1.4999999999999998 107.65000000000002
decision_type=2 2 2 2 2 2 2 2 2 2 2 2 2 2 2 2 2 2 2 2 2 2 2 2 2 2 2 2 2 2
left_child=6 -2 -3 4 5 -4 7 10 9 11 -1 -9 -8 14 29 17 24 -15 20 -20 -19 22 25 -24 -17 -18 27 -12 -29 -14
right_child=1 2 3 -5 -6 -7 12 8 -10 -11 26 -13 13 15 -16 16 21 18 19 -21 -22 -23 23 -25 -26 -27 -28 28 -30 -31
leaf_value=-4.509099949569723e-05 0.0029207992354571 -0.0014957190095680614 0.0023483450527084517 -0.00082537485646111343 0.0039727754384841557 -0.0019530008811072062 1.2484007417925967e-05 -0.0020088233769460537 -0.00021641802951979968 -0.0024324511137750891 0.00030784617738548295 0.0010211308934587114 0.0021748514325119505 9.4110603296311107e-05 0.0021452767881163025 -0.00021769215870900169 0.0028184759681773881 -0.0012227470239707921 -0.0010059240540600364 0.0025130171397080027 -0.0037938786954011608 0.00038069165646383566 -0.0041141754154253888 -0.0009575000037281697 0.0019637085383907818 -0.000138919367905586 0.00012703088685517934 0.0039794646582360996 0.0014545661074357417 0.00032477101799427205
leaf_weight=170184 217 299 226 374 265 205 308083 229 4474 999 462 470 289 2140 707 311 241 903 353 225 276 4984 270 414 870 217 973 236 398 3927
leaf_count=170184 217 299 226 374 265 205 308083 229 4474 999 462 470 289 2140 707 311 241 903 353 225 276 4984 270 414 870 217 973 236 398 3927
internal_value=-7.17596e-12 0.00066901 0.000312079 0.000817249 0.00169992 0.000302461 -2.11098e-06 -5.19447e-05 -0.000547369 -0.00141938 -3.41931e-05 2.84849e-05 2.53144e-05 0.00027042 0.000694824 8.39387e-05 0.000366767 -0.000446373 -0.00110467 0.000363906 -0.00182464 0.000169644 -0.000751423 -0.00220356 0.00138927 0.00141726 0.000862202 0.00151487 0.00239443 0.000451591
internal_weight=504221 1586 1369 1070 696 431 502635 178425 6172 1698 172253 699 324210 16127 4923 11204 7307 3897 1757 578 1179 6126 1142 684 1181 458 2069 1096 634 4216
internal_count=504221 1586 1369 1070 696 431 502635 178425 6172 1698 172253 699 324210 16127 4923 11204 7307 3897 1757 578 1179 6126 1142 684 1181 458 2069 1096 634 4216
is_linear=0
shrinkage=0.05


Tree=123
num_leaves=31
num_cat=0
split_feature=1 0 1 1 0 1 0 1 1 0 1 1 1 0 0 0 1 0 0 1 1 1 1 0 1 0 1 0 1 0
split_gain=0.271294 0.300402 0.382546 0.559171 0.332641 0.417422 0.780556 1.26789 0.718456 0.894161 0.845872 2.5847 2.20706 3.11792 2.28646 1.8818 2.27073 1.1774 1.17487 1.50978 1.08521 1.03314 1.02509 1.15295 0.94803 0.855158 0.800709 0.693856 0.960193 0.934328
threshold=-77.499999999999986 45.850000000000001 44.500000000000007 54.500000000000007 89.65000000000002 -36.499999999999993 74.050000000000011 -61.499999999999993 -6.4999999999999991 53.750000000000007 23.500000000000004 14.500000000000002 10.500000000000002 85.450000000000017 72.450000000000017 83.850000000000009 34.500000000000007 72.050000000000011 71.250000000000014 18.500000000000004 18.500000000000004 12.500000000000002 13.500000000000002 78.050000000000011 19.500000000000004 88.450000000000017 21.500000000000004 79.850000000000009 12.500000000000002 80.750000000000014
decision_type=2 2 2 2 2 2 2 2 2 2 2 2 2 2 2 2 2 2 2 2 2 2 2 2 2 2 2 2 2 2
left_child=-1 2 -2 -4 5 6 -3 -8 -7 -10 11 12 17 14 -14 -12 -17 -11 20 -20 -13 -15 27 -24 -22 -21 -27 28 -16 -29
right_child=1 4 3 -5 -6 8 7 -9 9 10 15 18 13 21 22 16 -18 -19 19 25 24 -23 23 -25 -26 26 -28 29 -30 -31
leaf_value=-0.00085365359818781418 0.00020262013440612141 0.00038216591690845851 0.0034185857242567744 0.00039889639784115248 3.2999645973920758e-05 -0.00024566549986381332 0.0022876536062067898 -0.00050221492458617917 -0.0010288605842532898 -0.00046198071897618183 6.4994557245869844e-05 -0.0012924618948890075 0.0002080972282605809 -0.00032010048939676446 -0.00078507801542374218 -0.0011043575829820448 -0.00014781620956907929 0.00024014435399548589 0.0013024547060565557 0.00051313611699619092 0.0028346149875186489 0.0017815714084436418 -0.0028297816467124457 0.00043291762980244924 -9.5844402882327406e-06 0.00019868683873438371 -0.0026746766401816867 -0.0058846755066381297 -0.0032973544440524174 -0.0025788302373706772
leaf_weight=929 6939 13516 235 441 278220 45509 439 5630 2162 7548 55145 1434 1720 1123 1139 8761 21261 28575 7471 8282 361 1220 408 805 1555 561 427 247 571 1587
leaf_count=929 6939 13516 235 441 278220 45509 439 5630 2162 7548 55145 1434 1720 1123 1139 8761 21261 28575 7471 8282 361 1220 408 805 1555 561 427 247 571 1587
internal_value=-7.21406e-12 1.57571e-06 0.000313232 0.00144864 -3.21222e-06 -4.95426e-05 0.000170649 -0.00030041 -7.13368e-05 -1.92669e-05 -4.73472e-06 0.00013105 -7.97031e-05 -0.000788797 -0.00135421 -0.000108421 -0.000426953 9.34334e-05 0.000602499 0.000773539 -0.000252238 0.00077424 -0.0019191 -0.000664511 0.000526301 0.000347267 -0.00104314 -0.00234851 -0.00162397 -0.00302406
internal_weight=504221 503292 7615 676 495677 217457 19585 6069 197872 152363 150201 65034 44943 8820 6477 85167 30022 36123 20091 16741 3350 2343 4757 1213 1916 9270 988 3544 1710 1834
internal_count=504221 503292 7615 676 495677 217457 19585 6069 197872 152363 150201 65034 44943 8820 6477 85167 30022 36123 20091 16741 3350 2343 4757 1213 1916 9270 988 3544 1710 1834
is_linear=0
shrinkage=0.05


Tree=124
num_leaves=31
num_cat=0
split_feature=0 1 0 1 1 1 1 1 1 0 1 1 1 0 1 0 0 1 0 1 1 0 1 1 0 1 1 0 0 1
split_gain=0.259998 0.244277 0.272838 0.345248 0.504651 0.314401 0.38207 0.347093 0.574658 0.439551 0.310361 0.415158 0.52357 0.531356 0.496026 0.419812 0.287459 0.381539 0.781617 1.10336 0.705143 0.80698 0.764714 2.64917 2.26859 2.60772 1.99187 2.81393 2.07586 1.38596
threshold=115.45000000000002 -77.499999999999986 45.850000000000001 44.500000000000007 54.500000000000007 16.500000000000004 -31.499999999999996 -40.499999999999993 -43.499999999999993 35.850000000000001 -21.499999999999996 -1.0000000180025095e-35 -5.4999999999999991 35.850000000000001 -12.499999999999998 29.850000000000005 89.65000000000002 -34.499999999999993 75.950000000000017 -59.499999999999993 -6.4999999999999991 53.750000000000007 22.500000000000004 14.500000000000002 81.65000000000002 34.500000000000007 10.500000000000002 85.450000000000017 71.250000000000014 27.500000000000004
decision_type=2 2 2 2 2 2 2 2 2 2 2 2 2 2 2 2 2 2 2 2 2 2 2 2 2 2 2 2 2 2
left_child=1 -1 3 5 -5 6 7 8 -3 -9 -8 12 13 14 -12 -13 17 18 -4 -20 -19 -22 23 26 29 -26 -23 28 -28 -24
right_child=-2 2 16 4 -6 -7 10 9 -10 -11 11 15 -14 -15 -16 -17 -18 20 19 -21 21 22 24 -25 25 -27 27 -29 -30 -31
leaf_value=-0.00081097099637317976 0.0013741289255301318 3.4458230505113201e-05 0.00034111003747692569 0.003247656622069313 0.00037895157925843721 -0.00061779626691668319 0.0016736799545793071 -0.0023031091967807018 0.0027726894853493341 0.00015456060581098353 0.00015395430915326959 -0.00018806593560496805 -0.0022876215957933002 -0.0010408248977241865 0.0031947670347160766 0.0024130825292792541 2.9687368543138744e-05 -0.00024642575502078562 0.0020112564470819248 -0.0005235967251317232 -0.00097741758526909942 8.876170338403049e-05 0.00085241998185267673 0.00064511859228191804 -0.00098107404166826516 -0.00010843302529416651 0.00038463495274453611 0.00073552799124526667 -0.0017659620924623523 3.2930339549412321e-05
leaf_weight=929 344 2431 15479 235 441 1021 720 338 208 394 332 247 225 381 225 417 277876 43560 465 5590 2162 36123 5897 17792 12335 27982 1444 2343 5033 41252
leaf_count=929 344 2431 15479 235 441 1021 720 338 208 394 332 247 225 381 225 417 277876 43560 465 5590 2162 36123 5897 17792 12335 27982 1444 2343 5033 41252
internal_value=2.84361e-12 -9.38124e-07 5.58096e-07 0.00029757 0.00137621 0.000192489 0.000332283 -1.69287e-05 0.000250279 -0.000980265 0.000794472 0.000447985 -0.000121525 0.000398061 0.00138229 0.00144549 -4.00802e-06 -4.70655e-05 0.000152706 -0.00032893 -6.90224e-05 -1.83035e-05 -4.49798e-06 0.000128715 -0.000100045 -0.000375418 -7.5718e-05 -0.000749357 -0.0012865 0.000135425
internal_weight=504221 503877 502948 7615 676 6939 5918 3371 2639 732 2547 1827 1163 938 557 664 495333 217457 21534 6055 195923 152363 150201 62735 87466 40317 44943 8820 6477 47149
internal_count=504221 503877 502948 7615 676 6939 5918 3371 2639 732 2547 1827 1163 938 557 664 495333 217457 21534 6055 195923 152363 150201 62735 87466 40317 44943 8820 6477 47149
is_linear=0
shrinkage=0.05


Tree=125
num_leaves=31
num_cat=0
split_feature=0 1 1 0 0 1 1 0 1 0 1 0 0 1 0 0 0 0 1 1 0 1 0 1 0 0 0 1 1 1
split_gain=0.243983 0.327722 0.994799 0.405504 0.892994 0.226552 0.5345 1.24743 2.06558 0.990459 1.85299 1.83439 0.995245 1.69758 1.00059 1.44592 1.26735 0.963193 1.08062 0.862067 0.765154 1.36179 0.74296 1.16619 1.86784 1.52781 0.734753 0.727138 0.692457 0.685209
threshold=112.55000000000001 15.500000000000002 20.500000000000004 113.55000000000001 113.05000000000001 5.5000000000000009 16.500000000000004 81.350000000000009 11.500000000000002 82.550000000000011 19.500000000000004 55.45000000000001 97.65000000000002 17.500000000000004 101.95000000000002 98.450000000000017 102.65000000000002 67.65000000000002 15.500000000000002 47.500000000000007 71.250000000000014 18.500000000000004 98.350000000000009 12.500000000000002 91.65000000000002 94.450000000000017 75.950000000000017 14.500000000000002 14.500000000000002 21.500000000000004
decision_type=2 2 2 2 2 2 2 2 2 2 2 2 2 2 2 2 2 2 2 2 2 2 2 2 2 2 2 2 2 2
left_child=5 3 -3 4 -2 -1 7 8 -7 10 11 -8 -11 14 15 -14 -16 28 -19 29 21 -13 23 25 -25 -9 -20 -26 -10 -15
right_child=1 2 -4 -5 -6 6 9 22 17 12 -12 20 13 19 16 -17 -18 18 26 -21 -22 -23 -24 24 27 -27 -28 -29 -30 -31
leaf_value=-4.489776203129155e-05 -0.00074891838762651108 0.0032959296318772445 -0.00016120937655237741 -0.00080577644980048269 0.003143231178159421 0.00024379145234296195 -0.00314204411911758 -0.00015018581867831302 0.0010705264431557485 -0.00017549707674302656 8.3415860740480315e-05 -0.0010516698291497444 -0.0035462306400315955 -0.0001324453839196133 -0.0052541881389574175 0.0008423993634876089 -0.0012410229487743762 -0.0017305320975870627 -0.0012844465595034877 -0.00066952877398580315 0.0018695716320436828 0.0027786581008367138 7.0167650245488158e-05 0.0014456264109207117 0.00074619071491759917 0.00079238151523183505 0.0014363436945244786 -0.00036471685243593451 -0.0011722963156360706 0.00027365739723485272
leaf_weight=192291 332 359 495 682 265 7747 231 12829 840 102057 57558 670 226 13516 218 1107 2016 3670 478 3150 2827 355 36274 5699 2871 6466 516 3025 583 44868
leaf_count=192291 332 359 495 682 265 7747 231 12829 840 102057 57558 670 226 13516 218 1107 2016 3670 478 3150 2827 355 36274 5699 2871 6466 516 3025 583 44868
internal_value=-8.47256e-13 0.000533622 0.00129208 2.71899e-05 0.000978753 -2.26697e-06 2.4194e-05 0.000134575 -0.000297775 -1.48825e-05 0.00015643 0.00118571 -7.80556e-05 7.47006e-05 -0.000985766 9.83406e-05 -0.00163264 -0.000987033 -0.00133445 0.000136174 0.00144525 0.000274932 0.000223628 0.000403835 0.000800144 0.00016568 0.000127956 0.000176229 0.000151647 0.000179644
internal_weight=504221 2133 854 1279 597 502088 309797 80998 13834 228799 61641 4083 167158 65101 3567 1333 2234 6087 4664 61534 3852 1025 67164 30890 11595 19295 994 5896 1423 58384
internal_count=504221 2133 854 1279 597 502088 309797 80998 13834 228799 61641 4083 167158 65101 3567 1333 2234 6087 4664 61534 3852 1025 67164 30890 11595 19295 994 5896 1423 58384
is_linear=0
shrinkage=0.05


Tree=126
num_leaves=31
num_cat=0
split_feature=0 1 0 0 0 1 1 1 1 1 0 1 1 1 0 1 1 0 1 0 0 0 0 0 0 0 0 0 1 1
split_gain=0.234986 0.22079 0.351186 0.349532 0.277124 0.293676 0.274295 0.455448 0.323573 0.306458 0.260686 0.373472 0.349131 1.09803 0.766854 0.664673 1.48182 1.26392 1.19308 1.22347 1.11399 0.849827 0.76749 0.709217 0.661781 0.764244 0.712498 0.642524 0.676661 1.02848
threshold=115.45000000000002 -73.499999999999986 45.850000000000001 53.750000000000007 63.250000000000007 -77.499999999999986 44.500000000000007 54.500000000000007 16.500000000000004 10.500000000000002 89.65000000000002 -33.499999999999993 34.500000000000007 27.500000000000004 91.65000000000002 14.500000000000002 10.500000000000002 98.750000000000014 12.500000000000002 111.15000000000002 100.95000000000002 99.050000000000011 98.850000000000009 99.15000000000002 100.05000000000001 103.15000000000002 102.45000000000002 102.35000000000001 7.5000000000000009 3.5000000000000004
decision_type=2 2 2 2 2 2 2 2 2 2 2 2 2 2 2 2 2 2 2 2 2 2 2 2 2 2 2 2 2 2
left_child=1 3 6 -1 5 -5 8 -8 9 -3 -4 -12 13 15 -15 16 24 -18 19 20 -19 22 -17 -23 -13 26 27 28 29 -26
right_child=-2 2 10 4 -6 -7 7 -9 -10 -11 11 12 -14 14 -16 21 17 18 -20 -21 -22 23 -24 -25 25 -27 -28 -29 -30 -31
leaf_value=-0.0011889238676919909 0.0013063634105492383 0.00032230787757678162 -4.5138912075557381e-05 -0.0001872344643518489 -0.001139575364638348 0.0022202793733570084 0.0030811029224795234 0.00035583326142163033 -0.00057307039018096465 0.0022821279197643347 -0.0006837295948165092 0.00012031208964906834 -9.7328584954122548e-05 -0.00048035748626195295 0.00043868955754631947 -0.00028366171583654379 0.00098499699432622457 -0.00051874183626927721 -0.00030911364814849843 -0.0024864022137172171 0.0011272695104604105 0.0021970598091339243 -0.0019631606395914083 1.7513416915991398e-05 -0.00033767399813047186 3.7009108016153406e-05 -0.00087537301151969441 0.0012853181398560743 -0.0010739748438930012 0.0007284800820304781
leaf_weight=977 344 5484 216880 279 245 232 235 441 1021 207 1831 64155 43475 2498 24840 26713 7551 1291 6487 298 5044 377 698 37415 11651 32960 4890 706 2189 2807
leaf_count=977 344 5484 216880 279 245 232 235 441 1021 207 1831 64155 43475 2498 24840 26713 7551 1291 6487 298 5044 377 698 37415 11651 32960 4890 706 2189 2807
internal_value=-1.16945e-13 -8.91863e-07 1.05252e-06 -0.000564286 0.00024295 0.000905805 0.000343234 0.00130323 0.000246548 0.000393593 -4.05714e-06 2.80069e-05 3.27278e-05 5.70396e-05 0.000354712 1.73881e-05 7.87892e-05 0.000469634 0.000173025 0.000644551 0.000791831 -0.000114476 -0.000326429 3.92558e-05 1.11009e-05 -0.000115821 -0.000342286 -0.000192064 -0.00025472 -0.000130682
internal_weight=504221 503877 502144 1733 756 511 7388 676 6712 5691 494756 277876 276045 232570 27338 205232 140029 20671 13120 6633 6335 65203 27411 37792 119358 55203 22243 17353 16647 14458
internal_count=504221 503877 502144 1733 756 511 7388 676 6712 5691 494756 277876 276045 232570 27338 205232 140029 20671 13120 6633 6335 65203 27411 37792 119358 55203 22243 17353 16647 14458
is_linear=0
shrinkage=0.05


Tree=127
num_leaves=31
num_cat=0
split_feature=0 1 1 1 1 1 1 0 1 1 0 1 0 0 1 1 0 1 1 0 1 1 1 0 1 0 1 1 1 0
split_gain=0.223902 0.533574 0.327002 0.323805 0.294537 0.416861 0.210079 0.723887 0.542206 0.426987 0.324623 0.653054 0.258519 0.438145 0.464042 0.90285 0.602454 0.315137 1.27295 0.743243 0.689145 0.448426 1.33693 0.686786 0.610064 0.277092 0.272667 0.25743 0.240839 0.199634
threshold=109.05000000000001 35.500000000000007 -6.4999999999999991 30.500000000000004 -11.499999999999998 -18.499999999999996 1.5000000000000002 112.15000000000002 2.5000000000000004 1.0000000180025095e-35 110.45000000000002 -2.4999999999999996 109.45000000000002 109.85000000000001 21.500000000000004 12.500000000000002 109.65000000000002 15.500000000000002 14.500000000000002 114.35000000000001 18.500000000000004 11.500000000000002 12.500000000000002 111.45000000000002 10.500000000000002 112.15000000000002 7.5000000000000009 15.500000000000002 7.5000000000000009 109.25000000000001
decision_type=2 2 2 2 2 2 2 2 2 2 2 2 2 2 2 2 2 2 2 2 2 2 2 2 2 2 2 2 2 2
left_child=-1 2 4 6 5 -2 7 9 -8 10 11 -4 27 14 15 26 -17 18 19 21 25 24 -23 -24 -15 -19 -14 28 -10 -30
right_child=1 -3 3 -5 -6 -7 8 -9 12 -11 -12 -13 13 17 -16 16 -18 20 -20 -21 -22 22 23 -25 -26 -27 -28 -29 29 -31
leaf_value=-5.3377557939878674e-06 -0.001373619782958138 0.0026659118466525588 0.002240893801655432 -0.00112757310871486 -0.0017044543358936627 0.0013735769668242314 -0.0019885281967374434 0.0032108282964480555 0.00029431915704588424 0.0023745864017862056 -0.0013116655133437582 -0.0010977208614349366 -0.00083538569205877727 0.00059106834053430706 0.0010793030088190254 -0.0044454558890312914 -0.00093456536734079227 0.0012783775067198395 -0.0030604947050942959 -0.0020889471862043235 0.00023133642703195955 -0.0031723262165826716 -0.00042976947792340071 0.0032448460105188649 0.0031397054756709033 0.0032076947082825703 0.001556379503795299 0.00020828703853444463 0.0011483485302452611 0.0032204412275039758
leaf_weight=491604 267 217 297 417 424 286 273 266 244 207 361 289 245 1947 284 250 239 563 309 298 2181 294 320 211 267 278 232 685 222 244
leaf_count=491604 267 217 297 417 424 286 273 266 244 207 361 289 245 1947 284 250 239 563 309 298 2181 294 320 211 267 278 232 685 222 244
internal_value=-1.61486e-12 0.000207978 0.000164964 0.000240056 -0.000713001 4.71727e-05 0.000291873 0.000859445 0.000207797 0.000317446 -0.000132214 0.000594376 0.00027218 0.000161607 -0.000697434 -0.00121979 -0.0027295 0.000322645 9.70506e-06 0.000294 0.000700202 0.000527668 -0.000467306 0.00103039 0.000898424 0.00191613 0.000327905 0.000899793 0.00156695 0.00223331
internal_weight=504221 12617 12400 11423 977 553 11006 1420 9586 1154 947 586 9313 7918 1250 966 489 6668 3646 3337 3022 3039 825 531 2214 841 477 1395 710 466
internal_count=504221 12617 12400 11423 977 553 11006 1420 9586 1154 947 586 9313 7918 1250 966 489 6668 3646 3337 3022 3039 825 531 2214 841 477 1395 710 466
is_linear=0
shrinkage=0.05


Tree=128
num_leaves=31
num_cat=0
split_feature=0 1 1 0 0 0 0 0 1 1 1 1 0 1 1 0 0 0 1 0 1 1 0 1 0 1 0 0 0 1
split_gain=0.222752 0.211376 0.258352 0.527173 0.420712 0.395161 1.04735 0.650913 0.869842 1.52592 1.04471 0.954038 1.00098 0.775208 1.97458 3.35543 0.756345 0.723188 0.698627 0.959641 1.09896 0.674278 0.663548 2.83321 1.18764 1.5962 1.04295 1.41891 0.88738 0.843124
threshold=115.45000000000002 64.500000000000014 5.5000000000000009 113.05000000000001 114.35000000000001 58.350000000000001 41.550000000000004 73.65000000000002 17.500000000000004 46.500000000000007 9.5000000000000018 7.5000000000000009 68.65000000000002 36.500000000000007 30.500000000000004 69.550000000000011 64.050000000000011 72.850000000000009 16.500000000000004 77.15000000000002 12.500000000000002 14.500000000000002 83.850000000000009 18.500000000000004 90.850000000000009 17.500000000000004 93.850000000000009 94.850000000000009 102.15000000000002 39.500000000000007
decision_type=2 2 2 2 2 2 2 2 2 2 2 2 2 2 2 2 2 2 2 2 2 2 2 2 2 2 2 2 2 2
left_child=1 2 3 -1 5 6 -4 8 10 13 11 -7 -13 14 -10 16 -16 -12 19 20 -9 -22 23 -20 -24 26 -26 -28 -27 -25
right_child=-2 -3 4 -5 -6 7 -8 18 9 -11 17 12 -14 -15 15 -17 -18 -19 22 -21 21 -23 24 29 25 28 27 -29 -30 -31
leaf_value=-4.2226412732454433e-05 0.0012719019021714367 -0.00015745087309565971 0.00079262986668660279 0.00211736980049012 -0.0018234712286166065 -0.00042372564833588022 -0.00080265395777656299 -3.6427035789085402e-05 0.0010324853781347857 -0.00023360879929122674 -0.00048749452029000524 5.2129241381670188e-05 0.0032178923799800526 0.0014016375972197295 -0.00070272940980351493 -0.0026272882655944954 0.0017462822063984034 -0.0027921267346572628 0.0020585301755211296 0.00018793388739822014 -0.0033684338907716766 -0.00077950284292340041 -0.00031234282608614541 -0.00016441115838974714 0.0012522305536105205 -4.2531554534336978e-05 -0.0050779181523857835 -0.00090701965626784086 0.00027217802116595726 0.00035414895660974447
leaf_weight=192443 344 20669 1390 283 304 962 3960 1934 5906 5276 3422 458 549 3589 460 1158 1002 378 1879 72148 503 503 38727 18061 524 77497 214 4324 31505 13849
leaf_count=192443 344 20669 1390 283 304 962 3960 1934 5906 5276 3422 458 549 3589 460 1158 1002 378 1879 72148 503 503 38727 18061 524 77497 214 4324 31505 13849
internal_value=1.417e-12 -8.68334e-07 5.82941e-06 -3.90552e-05 3.5609e-05 3.75567e-05 -0.000388178 4.55534e-05 0.000299619 0.000476105 -0.000232407 0.000702323 0.00177805 0.00078518 0.000525684 -0.000616748 0.000975731 -0.000716745 2.30662e-05 0.000151851 -0.000733627 -0.00207397 -2.87625e-05 0.000171747 -7.31042e-05 8.12212e-06 -0.00085983 -0.00110371 4.84294e-05 6.06449e-05
internal_weight=504221 503877 483208 192726 290482 290178 5350 284828 23160 17391 5769 1969 1007 12115 8526 2620 1462 3800 261668 75088 2940 1006 186580 33789 152791 114064 5062 4538 109002 31910
internal_count=504221 503877 483208 192726 290482 290178 5350 284828 23160 17391 5769 1969 1007 12115 8526 2620 1462 3800 261668 75088 2940 1006 186580 33789 152791 114064 5062 4538 109002 31910
is_linear=0
shrinkage=0.05


Tree=129
num_leaves=31
num_cat=0
split_feature=0 1 0 0 1 1 0 0 1 0 1 1 0 1 0 0 0 1 1 1 1 1 1 1 0 0 0 1 1 0
split_gain=0.201034 0.197513 0.315453 0.310988 0.258918 0.505397 0.489581 0.48166 0.478047 0.433922 1.07018 0.522501 0.395482 0.5037 0.858238 0.483548 0.254173 0.554004 0.888702 0.89961 0.777661 0.41383 0.519552 0.281944 0.338762 0.375665 0.302426 0.276621 0.492608 0.250104
threshold=115.45000000000002 -73.499999999999986 53.750000000000007 45.850000000000001 -49.499999999999993 -17.499999999999996 66.550000000000011 76.250000000000014 -61.499999999999993 69.050000000000011 -27.499999999999996 -47.499999999999993 74.050000000000011 -51.499999999999993 62.45000000000001 51.750000000000007 69.050000000000011 3.5000000000000004 49.500000000000007 24.500000000000004 6.5000000000000009 39.500000000000007 35.500000000000007 -16.499999999999996 103.75000000000001 101.45000000000002 98.65000000000002 10.500000000000002 14.500000000000002 63.250000000000007
decision_type=2 2 2 2 2 2 2 2 2 2 2 2 2 2 2 2 2 2 2 2 2 2 2 2 2 2 2 2 2 2
left_child=1 2 -1 -3 7 9 -7 12 -9 10 -6 -11 13 15 -15 -5 17 -8 19 20 -19 22 -21 24 25 26 -18 -22 -29 -4
right_child=-2 3 29 4 5 6 16 8 -10 11 -12 -13 -14 14 -16 -17 23 18 -20 21 27 -23 -24 -25 -26 -27 -28 28 -30 -31
leaf_value=-0.0011270993205212522 0.0012083068728273693 0.00032301708634801081 0.00086289291177127228 -0.00096935412578968766 0.0004814934284755641 -0.00024309275631940216 -0.00036036923862385232 0.0028367337299051226 0.0006254810858769594 -0.0016593804754435071 -0.00056937963546225276 -0.00020826066640465166 -0.001416973328487879 0.003186088549310451 -3.1885364834143192e-05 0.00022244068406557257 0.00065706735607918177 0.0026322132171867612 -0.00037007312845847726 0.0017835665459096121 -0.0014130756484739709 0.00074134590346124269 0.0042712632829815037 1.1026760615491573e-05 -0.0011530506032808073 0.0026918040381537544 -0.0010931818562485006 0.0016877564690418402 -0.00051292237299291983 -0.0010802183923672658
leaf_weight=977 344 7388 511 1013 7151 18456 2204 308 1184 630 3664 40403 407 359 490 5325 2487 286 1685 955 363 616 269 404535 290 207 274 367 828 245
leaf_count=977 344 7388 511 1013 7151 18456 2204 308 1184 630 3664 40403 407 359 490 5325 2487 286 1685 955 363 616 269 404535 290 207 274 367 828 245
internal_value=-5.02915e-12 -8.24924e-07 -0.000533694 1.01411e-06 -3.79423e-06 -8.74157e-06 8.89142e-06 0.000260654 0.00108196 -0.00015628 0.000125469 -0.00023054 9.92909e-05 0.000185157 0.00132884 3.19566e-05 2.00879e-05 0.000307103 0.000581104 0.00101616 0.000235669 0.00179834 0.00233029 1.47578e-05 0.000478027 0.000637398 0.000483374 -0.000204262 0.000162935 0.000233181
internal_weight=504221 503877 1733 502144 494756 485670 433822 9086 1492 51848 10815 41033 7594 7187 849 6338 415366 7573 5369 3684 1844 1840 1224 407793 3258 2968 2761 1558 1195 756
internal_count=504221 503877 1733 502144 494756 485670 433822 9086 1492 51848 10815 41033 7594 7187 849 6338 415366 7573 5369 3684 1844 1840 1224 407793 3258 2968 2761 1558 1195 756
is_linear=0
shrinkage=0.05


Tree=130
num_leaves=31
num_cat=0
split_feature=1 1 0 0 0 0 0 1 1 1 1 0 1 1 0 1 0 0 1 1 0 1 1 0 0 1 0 1 0 0
split_gain=0.189511 0.243147 0.517373 0.379644 0.350993 0.913987 0.577953 0.772506 1.33663 0.954819 0.877227 0.887197 0.699589 0.965259 2.66357 1.16192 0.71144 0.652019 0.645018 0.630511 0.866076 0.991807 0.630593 0.611507 0.598852 2.55698 1.07185 1.44057 0.941258 1.28056
threshold=64.500000000000014 5.5000000000000009 115.45000000000002 114.35000000000001 58.350000000000001 41.550000000000004 73.65000000000002 17.500000000000004 46.500000000000007 9.5000000000000018 7.5000000000000009 68.65000000000002 40.500000000000007 29.500000000000004 70.050000000000011 37.500000000000007 64.65000000000002 72.850000000000009 8.5000000000000018 16.500000000000004 77.15000000000002 12.500000000000002 13.500000000000002 67.15000000000002 83.850000000000009 18.500000000000004 90.850000000000009 17.500000000000004 93.850000000000009 94.850000000000009
decision_type=2 2 2 2 2 2 2 2 2 2 2 2 2 2 2 2 2 2 2 2 2 2 2 2 2 2 2 2 2 2
left_child=1 -1 3 4 5 -3 7 9 12 10 -6 -12 13 -9 16 -16 -15 -11 -13 20 21 -8 -23 -10 25 -21 -26 28 -28 -30
right_child=-2 2 -4 -5 6 -7 19 8 23 17 11 18 -14 14 15 -17 -18 -19 -20 24 -22 22 -24 -25 26 -27 27 -29 29 -31
leaf_value=-3.7203385272185963e-05 -0.00014826502456479406 0.00073684756335862679 0.002210845755696324 -0.0017328490210179314 -0.00040557709156599465 -0.00075341160259444174 -3.5156921754208815e-05 0.0010177314846435957 -0.0008717069692169571 -0.00046477601768188766 8.0836590330673623e-05 0.0048484520115553206 0.0015915036236831956 -6.5780940063400032e-05 -0.0021345777548531183 0.00066000328586977939 0.0016309934419296266 -0.0026530717987389794 0.0014177651020821991 0.0019550523400616976 0.0001779858509703901 -0.0042011443386434028 -0.0012681965751488225 0.00022591449521457762 -0.00029727701842998918 5.706132071032224e-05 0.0011890676928300213 4.5456551665187408e-05 -0.0048245740340691866 -0.00086221991628744436
leaf_weight=192797 20669 1390 273 304 962 3960 1934 5479 2124 3422 458 263 2002 947 1404 506 1777 378 286 1879 72148 241 765 3152 38727 31910 524 109002 214 4324
leaf_count=192797 20669 1390 273 304 962 3960 1934 5479 2124 3422 458 263 2002 947 1404 506 1777 378 286 1879 72148 241 765 3152 38727 31910 524 109002 214 4324
internal_value=-4.70646e-12 6.33745e-06 3.5209e-05 3.31643e-05 3.50144e-05 -0.000366223 4.2551e-05 0.000281955 0.000448273 -0.000219422 0.000674191 0.00170571 0.000737543 0.000568491 3.73317e-05 -0.00139423 0.00104111 -0.000682454 0.00306125 2.13616e-05 0.000143707 -0.000697496 -0.00197082 -0.000215963 -2.78757e-05 0.000162608 -7.00003e-05 7.16465e-06 -0.00081739 -0.00104907
internal_weight=504221 483552 290755 290482 290178 5350 284828 23160 17391 5769 1969 1007 12115 10113 4634 1910 2724 3800 549 261668 75088 2940 1006 5276 186580 33789 152791 114064 5062 4538
internal_count=504221 483552 290755 290482 290178 5350 284828 23160 17391 5769 1969 1007 12115 10113 4634 1910 2724 3800 549 261668 75088 2940 1006 5276 186580 33789 152791 114064 5062 4538
is_linear=0
shrinkage=0.05


Tree=131
num_leaves=31
num_cat=0
split_feature=0 1 1 0 1 0 0 1 1 1 1 1 0 1 1 1 1 0 0 1 0 1 1 0 0 0 0 0 0 1
split_gain=0.179607 0.419588 0.304646 0.635665 0.449571 0.297815 0.548294 0.459748 0.21557 0.419936 0.367287 0.358716 0.334546 0.23385 0.182133 0.177389 0.222259 0.407855 0.340586 0.529188 0.629915 0.336448 0.335939 0.637592 0.289927 0.278421 0.26055 0.225042 0.399416 0.245824
threshold=110.45000000000002 -5.4999999999999991 1.5000000000000002 112.15000000000002 3.5000000000000004 115.45000000000002 114.35000000000001 6.5000000000000009 15.500000000000002 11.500000000000002 12.500000000000002 9.5000000000000018 111.75000000000001 18.500000000000004 16.500000000000004 -77.499999999999986 -49.499999999999993 76.250000000000014 74.050000000000011 -51.499999999999993 62.45000000000001 -61.499999999999993 -17.499999999999996 60.550000000000004 53.750000000000007 107.25000000000001 55.45000000000001 66.550000000000011 35.850000000000001 -5.4999999999999991
decision_type=2 2 2 2 2 2 2 2 2 2 2 2 2 2 2 2 2 2 2 2 2 2 2 2 2 2 2 2 2 2
left_child=15 -2 3 -3 -4 6 7 -6 9 11 -11 -9 -12 14 -10 -1 17 18 19 24 26 -19 23 -18 -17 -25 -21 28 29 -24
right_child=1 2 4 -5 5 -7 -8 8 13 10 12 -13 -14 -15 -16 16 22 21 -20 20 -22 -23 27 25 -26 -27 -28 -29 -30 -31
leaf_value=-0.00069369344187116466 -0.0014633519491597789 0.00018095782998075896 -0.0015931057046700574 0.0033884803099291667 0.0018236301245843482 0.0019090404948187208 -0.0017593534367874395 -0.0002767760697073148 0.00028456869595886575 -0.0027263406687723845 -0.0014563061274430545 0.0016810402054301826 0.0008784618996363785 0.00023971062319695869 0.0020781748070199369 -0.00032014224766667383 0.0003400509972506242 0.002430129276841221 -0.0012956918850718932 0.0015025262200626835 -2.84306461713752e-05 0.00059606738300440286 0.0016427140373276824 -0.00017198337021404801 0.0002711957287123176 -0.0011179032508288563 0.0037903352238989755 1.5801416266281231e-05 -0.00021702235671979464 0.00024917312879831749
leaf_weight=929 335 418 318 245 499 287 317 576 230 227 331 394 286 1711 368 3456 6503 317 419 290 490 1184 397 47030 5179 791 218 409181 19735 1560
leaf_count=929 335 418 318 245 499 287 317 576 230 227 331 394 286 1711 368 3456 6503 317 419 290 490 1184 397 47030 5179 791 218 409181 19735 1560
internal_value=2.53075e-13 0.00026028 0.000353307 0.00136624 0.000232171 0.000343239 0.000252252 0.000390218 0.000216734 -0.000191163 -0.00100673 0.000518461 -0.000374064 0.000537187 0.00138833 -3.42139e-06 -2.13047e-06 0.000214611 9.98121e-05 0.000160511 0.0012506 0.000983408 -7.2913e-06 -0.000124462 3.45236e-05 -0.00018763 0.0024843 7.48149e-06 -0.000149459 0.000531869
internal_weight=504221 6542 6207 663 5544 5226 4939 4622 4123 1814 844 970 617 2309 598 497679 496750 11553 10052 9633 998 1501 485197 54324 8635 47821 508 430873 21692 1957
internal_count=504221 6542 6207 663 5544 5226 4939 4622 4123 1814 844 970 617 2309 598 497679 496750 11553 10052 9633 998 1501 485197 54324 8635 47821 508 430873 21692 1957
is_linear=0
shrinkage=0.05


Tree=132
num_leaves=31
num_cat=0
split_feature=1 1 0 0 0 0 0 1 1 1 0 1 1 1 0 0 0 1 0 1 1 0 1 0 0 1 1 1 1 0
split_gain=0.170142 0.210905 0.425036 0.30746 0.305684 0.804019 0.538502 0.697599 1.20458 0.861576 0.809112 0.797233 0.641966 1.68984 2.74087 0.59688 0.590749 0.571187 0.781637 0.895106 0.574263 0.556633 1.82094 0.923039 0.853812 2.30767 0.76092 1.45408 0.719445 0.713028
threshold=64.500000000000014 5.5000000000000009 115.45000000000002 114.35000000000001 58.350000000000001 41.550000000000004 73.65000000000002 17.500000000000004 46.500000000000007 9.5000000000000018 64.050000000000011 7.5000000000000009 36.500000000000007 30.500000000000004 69.550000000000011 64.050000000000011 72.850000000000009 16.500000000000004 77.15000000000002 12.500000000000002 14.500000000000002 102.15000000000002 17.500000000000004 108.85000000000001 83.850000000000009 18.500000000000004 39.500000000000007 24.500000000000004 47.500000000000007 101.95000000000002
decision_type=2 2 2 2 2 2 2 2 2 2 2 2 2 2 2 2 2 2 2 2 2 2 2 2 2 2 2 2 2 2
left_child=1 -1 3 4 5 -3 7 9 12 10 -6 -12 13 -9 15 -15 -11 18 19 -8 -21 24 23 -23 25 -19 27 -27 -24 -26
right_child=-2 2 -4 -5 6 -7 17 8 -10 16 11 -13 -14 14 -16 -17 -18 21 -20 20 -22 22 28 -25 29 26 -28 -29 -30 -31
leaf_value=-3.4546514365575209e-05 -0.00014048409125570359 0.00069284566979614095 0.002004851487332157 -0.0015582388073150804 -0.0016238521057658079 -0.00070488991092262422 -3.4189136407984328e-05 0.00093618073256360613 -0.00020169470299206892 -0.00043826546696352727 -3.0822629234440015e-05 0.0021738734962118964 0.0012644695902259346 -0.00064129808512718785 -0.0024066327006229569 0.0015342784762947623 -0.0025212083701734193 0.0018565096267280448 0.00016829833136182756 -0.0030676810259728975 -0.0006784592525548418 -0.0016779704161106691 0.00028685116686233414 0.0010883699252735824 -0.00011831134622582222 0.00051215010855063057 0.00033224703074697265 -0.0004596602692333726 -0.0014713456662374504 -0.0013025194341280582
leaf_weight=192797 20669 1390 273 304 328 3960 1934 5906 5276 3422 802 839 3589 460 1158 1002 378 1879 72148 503 503 1857 30912 360 117784 5562 13849 12499 593 1285
leaf_count=192797 20669 1390 273 304 328 3960 1934 5906 5276 3422 802 839 3589 460 1158 1002 378 1879 72148 503 503 1857 30912 360 117784 5562 13849 12499 593 1285
internal_value=-1.24415e-12 6.00487e-06 3.28941e-05 3.10408e-05 3.27058e-05 -0.00034174 3.97391e-05 0.000270828 0.000428877 -0.00020562 0.000643239 0.00109638 0.000703486 0.000467341 -0.000589516 0.000849761 -0.000645463 1.92857e-05 0.000135734 -0.000663412 -0.00187307 -2.7578e-05 0.000156291 -0.00122877 -6.81414e-05 0.000153688 5.34182e-05 -0.000160385 0.000253758 -0.000131091
internal_weight=504221 483552 290755 290482 290178 5350 284828 23160 17391 5769 1969 1641 12115 8526 2620 1462 3800 261668 75088 2940 1006 186580 33722 2217 152858 33789 31910 18061 31505 119069
internal_count=504221 483552 290755 290482 290178 5350 284828 23160 17391 5769 1969 1641 12115 8526 2620 1462 3800 261668 75088 2940 1006 186580 33722 2217 152858 33789 31910 18061 31505 119069
is_linear=0
shrinkage=0.05


Tree=133
num_leaves=31
num_cat=0
split_feature=0 1 1 1 0 0 1 1 0 0 1 0 0 1 1 0 0 1 1 1 0 0 0 1 1 0 1 1 1 0
split_gain=0.16555 0.32412 0.31514 1.70032 1.7762 1.62044 1.05917 1.20408 2.01585 2.35588 1.17817 3.20573 1.5238 0.972103 0.963469 0.88972 0.887626 0.880171 0.875555 0.859369 0.812798 0.809561 0.806269 0.798742 0.772552 0.883376 0.721274 0.711756 0.6778 0.604396
threshold=89.65000000000002 -33.499999999999993 38.500000000000007 27.500000000000004 70.050000000000011 64.65000000000002 14.500000000000002 10.500000000000002 85.450000000000017 72.450000000000017 21.500000000000004 79.550000000000011 71.250000000000014 13.500000000000002 18.500000000000004 82.550000000000011 76.550000000000011 37.500000000000007 22.500000000000004 12.500000000000002 65.350000000000009 79.850000000000009 80.750000000000014 5.5000000000000009 30.500000000000004 77.15000000000002 18.500000000000004 29.500000000000004 12.500000000000002 76.850000000000009
decision_type=2 2 2 2 2 2 2 2 2 2 2 2 2 2 2 2 2 2 2 2 2 2 2 2 2 2 2 2 2 2
left_child=2 -2 3 6 5 -5 7 23 9 -9 12 20 14 21 -8 -15 17 27 -13 -10 -12 28 -23 -1 -18 -26 -14 -6 -11 -30
right_child=1 -3 -4 4 16 -7 10 8 19 13 11 18 26 15 -16 -17 24 -19 -20 -21 -22 22 -24 -25 25 -27 -28 -29 29 -31
leaf_value=-7.0299096584738104e-05 -0.00063686203912705335 3.0216377732855167e-05 7.1916043660359705e-05 -0.00042412485806167565 -0.00021363393418066245 0.001603994329689719 -0.0012424741089256423 0.00039514297388414148 -0.00035889111990017862 -0.00059581868500956537 -0.00035707490831775134 0.0004502897142382807 0.0011111475150033096 -0.0013422354206336648 0.00054533957361499246 0.0015966594108754414 -0.0010441828474698444 0.001023316071365547 -0.0010170632631509272 0.0015579066316207841 0.0010519925839410633 -0.0054703205039626675 -0.0023993702507657064 0.00037050608078260223 0.0022727966228186769 -0.00034188299626927346 0.00035806263671736148 -0.0019260414110231301 -0.004263569859650311 -0.0010070068577488702
leaf_weight=96891 1833 276389 55324 2152 772 1816 1701 1959 1123 1139 1291 1215 7471 842 1353 371 4433 363 6226 1220 4938 247 1587 11496 333 10794 5535 2836 298 273
leaf_count=96891 1833 276389 55324 2152 772 1816 1701 1959 1123 1139 1291 1215 7471 842 1353 371 4433 363 6226 1220 4938 247 1587 11496 333 10794 5535 2836 298 273
internal_value=3.37439e-12 2.58215e-05 -3.17882e-05 -6.54038e-05 -0.000460355 0.000504067 -2.34348e-06 -6.98294e-05 -0.000623597 -0.00106414 0.000264254 -7.69114e-05 0.000554649 -0.0016651 -0.000450427 -0.000443365 -0.000656291 -0.00132352 -0.000777467 0.000639185 0.000759954 -0.00208326 -0.00281296 -2.35454e-05 -0.000486009 -0.000263633 0.000790655 -0.00155964 -0.00130064 -0.00270658
internal_weight=504221 278222 225999 170675 23499 3968 147176 117446 9059 6716 29730 13670 16060 4757 3054 1213 19531 3971 7441 2343 6229 3544 1834 108387 15560 11127 13006 3608 1710 571
internal_count=504221 278222 225999 170675 23499 3968 147176 117446 9059 6716 29730 13670 16060 4757 3054 1213 19531 3971 7441 2343 6229 3544 1834 108387 15560 11127 13006 3608 1710 571
is_linear=0
shrinkage=0.05


Tree=134
num_leaves=31
num_cat=0
split_feature=1 1 0 0 0 0 0 1 1 1 1 1 0 1 0 0 1 0 0 1 0 1 0 1 0 1 0 0 1 1
split_gain=0.16112 0.178734 0.383243 0.277799 0.266511 0.727021 0.458274 0.617285 1.06907 0.772616 0.599392 0.757741 2.18815 1.14128 0.581677 0.540739 0.592793 0.535182 0.514716 0.500948 0.684341 0.768675 0.492249 1.93977 0.894409 1.21823 0.830714 1.17098 0.788976 1.19661
threshold=64.500000000000014 5.5000000000000009 115.45000000000002 114.35000000000001 58.350000000000001 41.550000000000004 73.65000000000002 17.500000000000004 46.500000000000007 13.500000000000002 40.500000000000007 30.500000000000004 70.050000000000011 35.500000000000007 70.050000000000011 67.15000000000002 52.500000000000007 64.050000000000011 65.350000000000009 16.500000000000004 77.15000000000002 12.500000000000002 83.850000000000009 18.500000000000004 90.850000000000009 17.500000000000004 93.850000000000009 94.850000000000009 47.500000000000007 21.500000000000004
decision_type=2 2 2 2 2 2 2 2 2 2 2 2 2 2 2 2 2 2 2 2 2 2 2 2 2 2 2 2 2 2
left_child=1 -1 3 4 5 -3 7 9 10 -6 11 -9 17 -14 18 -10 -17 -13 -12 20 21 -8 23 -21 28 26 -26 -28 29 -24
right_child=-2 2 -4 -5 6 -7 19 8 15 -11 14 12 13 -15 -16 16 -18 -19 -20 22 -22 -23 24 -25 25 -27 27 -29 -30 -31
leaf_value=-3.1487164449009733e-05 -0.00013670868089470594 0.00066458870583086568 0.0019030980608893402 -0.0014818376419211028 0.00020667804634918799 -0.00066453473764983828 -3.7489452754699217e-05 0.00086634809633759531 -0.00081183936482202433 -0.001025341576982614 0.0019751801269814761 -0.00016965799523811591 -0.0026125916263295547 -3.3056006399557557e-05 0.0024829512445903091 0.0011568459000607784 -0.00028171994911504956 0.0014224306296522695 -0.00013146484591837587 0.0017081267690854053 0.00015764261755791948 -0.0017415607463805447 0.00029438642380606663 5.500049769006331e-05 0.0011332290081790728 4.1741393308670929e-05 -0.0045797306104241138 -0.00079070219232043422 0.00011326731053649944 -0.00055258049931909648
leaf_weight=192797 20669 1390 273 304 3874 3960 1934 5906 2124 1895 497 760 900 819 809 1100 2052 1728 696 1879 72148 1006 5058 31910 524 109002 214 4324 9910 23759
leaf_count=192797 20669 1390 273 304 3874 3960 1934 5906 2124 1895 497 760 900 819 809 1100 2052 1728 696 1879 72148 1006 5058 31910 524 109002 214 4324 9910 23759
internal_value=4.7324e-12 5.8435e-06 3.05971e-05 2.88373e-05 3.04199e-05 -0.000319211 3.69872e-05 0.000250168 0.00039884 -0.000198016 0.000657543 0.000501065 -1.17388e-05 -0.0013836 0.00144799 -0.000195206 0.000220318 0.000936101 0.000746157 1.81187e-05 0.000127172 -0.000620583 -2.57691e-05 0.000146931 -6.39607e-05 6.52834e-06 -0.000751728 -0.000969383 -0.000271575 -0.00040392
internal_weight=504221 483552 290755 290482 290178 5350 284828 23160 17391 5769 12115 10113 4207 1719 2002 5276 3152 2488 1193 261668 75088 2940 186580 33789 152791 114064 5062 4538 38727 28817
internal_count=504221 483552 290755 290482 290178 5350 284828 23160 17391 5769 12115 10113 4207 1719 2002 5276 3152 2488 1193 261668 75088 2940 186580 33789 152791 114064 5062 4538 38727 28817
is_linear=0
shrinkage=0.05


Tree=135
num_leaves=31
num_cat=0
split_feature=1 0 1 0 1 0 1 0 1 0 1 0 0 1 1 0 0 0 0 0 0 0 1 0 1 1 0 0 1 1
split_gain=0.159167 0.278545 0.265707 0.382318 0.393433 0.334009 0.4523 0.568498 0.28237 0.731723 0.541758 0.711083 0.991245 0.450178 0.446763 0.360886 0.508464 0.394447 0.462257 0.316036 0.309749 0.267627 0.403852 0.396462 0.248036 0.244132 0.235146 0.232897 0.299268 0.419279
threshold=-73.499999999999986 53.750000000000007 -49.499999999999993 76.250000000000014 -61.499999999999993 74.050000000000011 -51.499999999999993 62.45000000000001 -19.499999999999996 69.050000000000011 -39.499999999999993 62.45000000000001 60.550000000000004 -42.499999999999993 -47.499999999999993 102.05000000000001 102.85000000000001 100.85000000000001 100.35000000000001 56.95000000000001 96.350000000000009 35.850000000000001 -5.4999999999999991 66.550000000000011 -24.499999999999996 -24.499999999999996 55.45000000000001 58.350000000000001 -32.499999999999993 -29.499999999999996
decision_type=2 2 2 2 2 2 2 2 2 2 2 2 2 2 2 2 2 2 2 2 2 2 2 2 2 2 2 2 2 2
left_child=1 -1 3 5 -5 6 -2 26 9 10 11 12 13 19 -11 17 -17 18 20 -4 -16 22 -10 -23 -22 -19 -8 28 -12 -30
right_child=2 -3 8 4 -6 -7 7 -9 21 14 27 -13 -14 -15 15 16 -18 25 -20 -21 24 23 -24 -25 -26 -27 -28 -29 29 -31
leaf_value=-0.0010359666029042818 6.4827276937477583e-05 0.00024226247012694045 -0.00024962031750046476 0.0025822513918210936 0.0005762148371620759 -0.0012726632452567613 0.0014342163785778243 -2.0192709504341593e-05 0.0018772913046695037 -0.0015569771648872466 -0.00029521834007219266 0.001545926391084989 -0.0021658190749197577 0.0017704529146994313 -0.00022310922848953034 -0.002338186802888853 -0.00046811482849343293 1.7506631407124259e-05 -0.001994384441059083 0.0013192242966301141 0.00080365127767688014 -0.00020974078887803766 0.00019707575998603342 1.6383636064408784e-05 -0.00013319985397780936 0.0018566141977750196 0.0036076350667334483 -0.00023475330080745258 0.0020258573232637103 0.00029387272343078807
leaf_weight=977 7852 756 1225 308 1184 407 290 490 464 630 1254 1500 384 589 27569 433 2264 342 352 435 1387 20317 1560 422166 1440 382 218 5075 454 1517
leaf_count=977 7852 756 1225 308 1184 407 290 490 464 630 1254 1500 384 589 27569 433 2264 342 352 435 1387 20317 1560 422166 1440 382 218 5075 454 1517
internal_value=9.25705e-13 -0.000478355 1.64977e-06 0.000247569 0.00099033 0.000127854 0.000192262 0.00119488 -3.72581e-06 -0.00011996 0.000209286 0.000677012 0.000181998 0.00058287 -0.000237593 -0.000213266 -0.000768353 -0.000165698 -0.00019286 0.000161493 -0.000171998 8.62486e-06 0.000582264 6.00093e-06 0.000326444 0.000987864 0.0023669 -2.36184e-05 0.000308633 0.000692818
internal_weight=504221 1733 502488 10749 1492 9257 8850 998 491739 47232 12433 4133 2633 2249 34799 34169 2697 31472 30748 1660 30396 444507 2024 442483 2827 724 508 8300 3225 1971
internal_count=504221 1733 502488 10749 1492 9257 8850 998 491739 47232 12433 4133 2633 2249 34799 34169 2697 31472 30748 1660 30396 444507 2024 442483 2827 724 508 8300 3225 1971
is_linear=0
shrinkage=0.05


Tree=136
num_leaves=31
num_cat=0
split_feature=0 1 1 1 1 0 1 1 1 0 0 0 0 1 0 0 0 0 0 1 0 0 1 0 0 0 0 1 0 1
split_gain=0.152952 0.374429 0.443295 0.513114 0.655951 0.666573 0.146065 0.192119 0.347301 0.652798 0.345286 0.478705 0.599423 0.248108 0.518104 0.208988 0.194162 0.431751 0.241833 0.785175 0.413832 0.315621 0.368785 0.308468 0.192 0.367171 0.250439 0.214871 0.212358 0.251415
threshold=113.05000000000001 1.5000000000000002 8.5000000000000018 20.500000000000004 15.500000000000002 114.35000000000001 -77.499999999999986 -49.499999999999993 -53.499999999999993 82.550000000000011 83.250000000000014 76.250000000000014 72.050000000000011 -17.499999999999996 60.550000000000004 107.25000000000001 106.25000000000001 105.65000000000002 104.15000000000002 -22.499999999999996 102.05000000000001 101.25000000000001 -21.499999999999996 103.55000000000001 78.65000000000002 67.15000000000002 64.050000000000011 -59.499999999999993 53.750000000000007 -59.499999999999993
decision_type=2 2 2 2 2 2 2 2 2 2 2 2 2 2 2 2 2 2 2 2 2 2 2 2 2 2 2 2 2 2
left_child=6 -2 -3 4 5 -4 -1 8 9 24 11 12 -10 14 -9 16 17 18 20 -20 21 -16 -23 -22 25 26 28 -28 -8 -30
right_child=1 2 3 -5 -6 -7 7 13 10 -11 -12 -13 -14 -15 15 -17 -18 -19 19 -21 23 22 -24 -25 -26 -27 27 -29 29 -31
leaf_value=-0.00062791987555853388 0.0024198770660409184 -0.0015176679017053401 0.0021317605960463068 -0.00083367136381143196 0.003420194671401438 -0.0018055665003499245 -0.0003258739133728033 0.00031285266388066178 0.0009259219003025066 0.0021259799722459292 -0.0010314940684294515 0.0026222217143798362 -0.0016795609382882952 7.4234958818647249e-06 -0.00015027153609263055 -0.00096264138288916577 0.0010466914557650112 -0.0023235033237777943 -0.00079843813348659054 0.0024997671924487891 -0.0014415503915819567 4.0741066666359602e-05 0.0025929053170434179 0.00024155018668945718 -0.001267958940541158 0.00066476118464562587 -0.0018630577418854628 -7.9147393097642998e-05 0.00063426532911949561 -0.00039331244488993847
leaf_weight=929 217 299 226 374 265 205 3239 6503 1780 364 258 343 252 435817 43723 803 337 229 382 342 1046 376 227 368 305 1698 378 305 1721 910
leaf_count=929 217 299 226 374 265 205 3239 6503 1780 364 258 343 252 435817 43723 803 337 229 382 342 1046 376 227 368 305 1698 378 305 1721 910
internal_value=-9.8776e-12 0.000490243 0.000184377 0.000659996 0.00146263 0.000259018 -1.54691e-06 -3.87066e-07 0.000201147 5.2205e-05 0.00070573 0.000894448 0.000602801 -5.13727e-06 -0.000105884 -0.000162813 -0.000149156 -0.000157787 -0.000147113 0.000759554 -0.000161464 -0.000134603 0.00100151 -0.00100352 -3.60201e-05 9.51877e-06 -0.000160266 -0.00106644 -5.48295e-05 0.000278851
internal_weight=504221 1586 1369 1070 696 431 502635 501706 11553 8920 2633 2375 2032 490153 54336 47833 47030 46693 46464 724 45740 44326 603 1414 8556 8251 6553 683 5870 2631
internal_count=504221 1586 1369 1070 696 431 502635 501706 11553 8920 2633 2375 2032 490153 54336 47833 47030 46693 46464 724 45740 44326 603 1414 8556 8251 6553 683 5870 2631
is_linear=0
shrinkage=0.05


Tree=137
num_leaves=31
num_cat=0
split_feature=1 0 1 0 0 1 1 0 1 0 0 1 0 1 1 0 0 0 1 0 0 1 1 1 0 0 0 0 0 0
split_gain=0.145516 0.165083 0.149909 0.354791 0.260932 1.01154 0.923068 0.598216 0.536361 0.530507 0.606287 0.593249 0.521087 0.518563 0.341456 0.334376 0.333776 0.323035 0.668519 0.318017 0.648125 0.766625 0.409836 0.803472 0.704497 0.556295 0.70471 0.53281 1.33542 0.748097
threshold=64.500000000000014 98.65000000000002 5.5000000000000009 115.45000000000002 80.750000000000014 -57.499999999999993 -29.499999999999996 75.950000000000017 -22.499999999999996 58.350000000000001 73.65000000000002 -5.4999999999999991 98.15000000000002 -53.499999999999993 -11.499999999999998 67.15000000000002 64.050000000000011 71.250000000000014 -66.499999999999986 95.250000000000014 95.050000000000011 -10.499999999999998 2.5000000000000004 -2.4999999999999996 95.750000000000014 95.550000000000011 95.750000000000014 96.850000000000009 97.050000000000011 96.750000000000014
decision_type=2 2 2 2 2 2 2 2 2 2 2 2 2 2 2 2 2 2 2 2 2 2 2 2 2 2 2 2 2 2
left_child=2 -2 4 -4 6 -6 7 13 -7 -8 -11 14 19 15 -12 16 -1 18 -17 20 -10 -22 23 27 -24 -25 -27 29 -29 -21
right_child=1 -3 3 -5 5 8 9 -9 12 10 11 -13 -14 -15 -16 17 -18 -19 -20 22 21 -23 24 25 -26 26 -28 28 -30 -31
leaf_value=-0.00010945214609055263 -0.00011434786863247818 -0.0014121753315726718 2.6529929053773949e-05 0.001829876090935517 0.0030037676611690657 -0.00024612939499051056 0.00024431448563666666 -0.00048238183834127616 0.00010663620791964484 -0.00053224770669815509 -0.00015476453849435246 0.00026946129786207829 -7.4827976526971896e-05 0.00040809841618988612 -0.00080721298441474197 0.0037892574249808473 -0.0012375843533131575 -0.00017030100210384063 0.00043864794698534113 0.00040818388678596731 -0.0032461917914521584 -0.00018488349424580398 -0.0024610646814107896 -0.00096155729118760662 9.0015795137074819e-05 0.0041758126929038906 0.0011345228013981666 -0.0022387330604914228 0.00019202188382007478 0.0028867920064009154
leaf_weight=6681 20421 248 290482 273 282 18129 4467 3575 45950 18112 6373 6263 48696 13595 2926 201 727 707 574 4809 313 590 320 286 1754 205 2688 671 3578 325
leaf_count=6681 20421 248 290482 273 282 18129 4467 3575 45950 18112 6373 6263 48696 13595 2926 201 727 707 574 4809 313 590 320 286 1754 205 2688 671 3578 325
internal_value=-3.27161e-12 -0.00012992 5.55331e-06 2.82232e-05 -2.86348e-05 1.24651e-05 -0.000110959 0.000118405 5.89102e-06 -0.000267673 -0.00033559 -0.000106708 4.73565e-05 0.000213927 -0.000360062 -8.30092e-05 -0.000220164 0.000602579 0.00130764 0.00014412 8.05668e-05 -0.001246 0.000347568 0.000455076 -0.000303594 0.00114207 0.00135003 0.00022232 -0.000191842 0.000565088
internal_weight=504221 20669 483552 290755 192797 128596 64201 26060 128314 38141 33674 15562 110185 22485 9299 8890 7408 1482 775 61489 46853 903 14636 12562 2074 3179 2893 9383 4249 5134
internal_count=504221 20669 483552 290755 192797 128596 64201 26060 128314 38141 33674 15562 110185 22485 9299 8890 7408 1482 775 61489 46853 903 14636 12562 2074 3179 2893 9383 4249 5134
is_linear=0
shrinkage=0.05


Tree=138
num_leaves=31
num_cat=0
split_feature=0 1 1 1 0 1 0 0 1 1 1 1 0 0 1 1 1 1 0 0 0 1 0 0 0 1 1 1 0 0
split_gain=0.139368 0.480871 0.263499 0.266045 0.430818 0.25348 0.194809 0.188081 0.148216 0.672846 0.667772 0.783074 0.704739 0.480247 0.532512 0.453381 0.386931 0.378567 0.376895 0.350449 0.341869 0.264783 0.317309 0.290174 0.87323 0.536292 0.495726 0.434923 0.240531 0.21564
threshold=109.05000000000001 35.500000000000007 30.500000000000004 -5.4999999999999991 111.15000000000002 -3.4999999999999996 109.45000000000002 109.85000000000001 16.500000000000004 11.500000000000002 19.500000000000004 21.500000000000004 109.85000000000001 109.45000000000002 15.500000000000002 14.500000000000002 22.500000000000004 7.5000000000000009 111.75000000000001 110.85000000000001 112.55000000000001 6.5000000000000009 109.45000000000002 110.05000000000001 110.45000000000002 5.5000000000000009 1.5000000000000002 -1.0000000180025095e-35 112.55000000000001 111.75000000000001
decision_type=2 2 2 2 2 2 2 2 2 2 2 2 2 2 2 2 2 2 2 2 2 2 2 2 2 2 2 2 2 2
left_child=-1 2 3 4 6 -5 -2 -8 9 17 20 12 -12 -11 15 18 -13 21 19 -15 -10 22 -7 -24 -25 26 27 -26 -18 -19
right_child=1 -3 -4 5 -6 8 7 -9 10 13 11 16 -14 14 -16 -17 28 29 -20 -21 -22 -23 23 24 25 -27 -28 -29 -30 -31
leaf_value=-4.2112576431595094e-06 -0.0012949493755491414 0.00249747628268833 -0.0011123060710824205 0.0016968686479268615 -0.002618338381559655 -0.0010613117598677953 0.0013832499803799504 -0.00035406719972059213 0.0010709686082832162 0.001162826179167609 -0.0038278126886390758 0.0021377865725882212 -0.00038238164570429949 -0.00083371338351653085 0.00070207254772886951 -0.0029398233498916155 0.00051704490869128002 0.0014018007804650855 0.00042229640746484004 -0.0032050905895373485 0.0033377190861033235 -0.0011833930660150541 0.0014973498859855916 -0.0021340775766415512 -8.5517823458667771e-06 0.0030610009775933439 -0.00059020628936455729 0.002909298006158609 -0.0010142750726951756 0.00010812162635036947
leaf_weight=491604 245 217 417 291 209 394 265 378 882 306 209 318 512 517 376 363 1419 1121 361 223 205 368 532 334 251 207 672 260 313 452
leaf_count=491604 245 217 417 291 209 394 265 378 882 306 209 318 512 517 376 363 1419 1121 361 223 205 368 532 334 251 207 672 260 313 452
internal_value=5.97185e-13 0.000164086 0.000123252 0.000166248 -0.000575908 0.000241036 -9.52013e-05 0.000361934 0.000201051 5.95316e-05 0.000448178 3.61756e-05 -0.00138113 -0.000671327 -0.000976355 -0.00140743 0.000534651 0.000401161 -0.000902194 -0.00154833 0.00149846 7.33739e-05 0.000247898 0.000476546 0.000161542 0.000713151 0.000302327 0.00147607 0.000240311 0.00103006
internal_weight=504221 12617 12400 11983 1097 10886 888 643 10595 6737 3858 2771 721 2146 1840 1464 2050 4591 1101 740 1087 3018 2650 2256 1724 1390 1183 511 1732 1573
internal_count=504221 12617 12400 11983 1097 10886 888 643 10595 6737 3858 2771 721 2146 1840 1464 2050 4591 1101 740 1087 3018 2650 2256 1724 1390 1183 511 1732 1573
is_linear=0
shrinkage=0.05


Tree=139
num_leaves=31
num_cat=0
split_feature=1 1 1 0 0 0 0 1 0 1 0 0 1 1 0 0 0 0 0 0 0 0 0 1 0 1 1 1 0 1
split_gain=0.133638 0.168111 0.300725 0.546126 0.302699 0.450536 0.539358 0.214801 0.571588 0.461267 0.661494 0.878803 0.407089 0.406286 0.296716 0.434302 0.341733 0.416508 0.285223 0.280078 0.246568 0.41792 0.237266 0.359162 0.342288 0.232354 0.230274 0.210401 0.207968 0.200497
threshold=-77.499999999999986 -49.499999999999993 -53.499999999999993 82.550000000000011 83.250000000000014 76.250000000000014 72.050000000000011 -19.499999999999996 69.050000000000011 -39.499999999999993 62.45000000000001 60.550000000000004 -47.499999999999993 -42.499999999999993 102.05000000000001 102.85000000000001 100.85000000000001 100.35000000000001 56.95000000000001 96.350000000000009 98.550000000000011 98.250000000000014 35.850000000000001 -5.4999999999999991 66.550000000000011 -22.499999999999996 2.5000000000000004 -24.499999999999996 65.950000000000017 -41.499999999999993
decision_type=2 2 2 2 2 2 2 2 2 2 2 2 2 2 2 2 2 2 2 2 2 2 2 2 2 2 2 2 2 2
left_child=-1 2 3 -2 5 6 -4 8 9 10 11 13 -10 18 16 -16 17 19 -3 -14 21 25 23 -9 28 -21 -25 -18 -24 -12
right_child=1 7 4 -5 -6 -7 -8 22 12 -11 29 -13 14 -15 15 -17 27 -19 -20 20 -22 -23 24 26 -26 -27 -28 -29 -30 -31
leaf_value=-0.00059913693054050891 -2.9656537662618571e-05 -0.00027297627530535872 0.00085943144944946421 0.0019478257377069077 -0.00096740228261134428 0.0025120311245626333 -0.0016120668973714587 0.0017688450997631099 -0.0014681071037101368 -2.8611384736127167e-05 0.0011459663884450439 -0.002070208757262056 -0.00019639577722534521 0.0016460931912089854 -0.0021396103669947346 -0.00041128954975191149 3.0574076182661005e-05 -0.0018776518472639675 0.001217426071906912 0.00087982315135632944 -0.00022269853131050006 0.0027673723373544934 -0.00014917292824136305 -0.0012299101232501216 1.4625329070214325e-05 -0.00046035929824744673 0.0004452595513048119 0.001737906519538133 -0.00074807434216604695 0.0025339494501032049
leaf_weight=929 8556 1225 1780 364 258 343 252 464 630 8300 1165 384 27569 589 433 2264 342 352 435 926 1187 217 18746 243 422166 497 1317 382 1571 335
leaf_count=929 8556 1225 1780 364 258 343 252 464 630 8300 1165 384 27569 589 433 2264 342 352 435 926 1187 217 18746 243 422166 497 1317 382 1571 335
internal_value=-2.90303e-12 1.10591e-06 0.000189635 5.10389e-05 0.000659166 0.000835863 0.000552927 -3.32342e-06 -0.000104701 0.000186296 0.00061788 0.000140438 -0.000208669 0.000517889 -0.000185447 -0.000688769 -0.000142315 -0.000167597 0.000117581 -0.000147794 0.000326174 0.000723437 7.44865e-06 0.000547571 4.97804e-06 0.000411748 0.00018432 0.000931404 -0.000195483 0.00145595
internal_weight=504221 503292 11553 8920 2633 2375 2032 491739 47232 12433 4133 2633 34799 2249 34169 2697 31472 30748 1660 30396 2827 1640 444507 2024 442483 1423 1560 724 20317 1500
internal_count=504221 503292 11553 8920 2633 2375 2032 491739 47232 12433 4133 2633 34799 2249 34169 2697 31472 30748 1660 30396 2827 1640 444507 2024 442483 1423 1560 724 20317 1500
is_linear=0
shrinkage=0.05


Tree=140
num_leaves=31
num_cat=0
split_feature=1 1 0 0 1 0 1 1 1 1 0 1 1 1 1 1 0 1 1 1 0 0 0 1 0 0 0 0 0 0
split_gain=0.131313 0.125642 0.239074 0.232772 0.233626 0.223407 0.565749 0.310393 0.263003 0.16987 0.156651 0.580593 0.575939 0.445428 0.315574 0.357918 0.435353 0.537016 0.289807 0.256541 0.233414 0.525695 0.916014 0.271537 0.395565 0.381275 0.252108 0.232418 0.360588 0.304635
threshold=68.500000000000014 -73.499999999999986 53.750000000000007 63.250000000000007 -77.499999999999986 45.850000000000001 44.500000000000007 16.500000000000004 10.500000000000002 34.500000000000007 51.750000000000007 13.500000000000002 -51.499999999999993 40.500000000000007 -49.499999999999993 -21.499999999999996 70.050000000000011 -30.499999999999996 -47.499999999999993 31.500000000000004 86.050000000000011 83.250000000000014 80.750000000000014 -53.499999999999993 78.350000000000009 56.95000000000001 67.15000000000002 102.05000000000001 103.15000000000002 92.65000000000002
decision_type=2 2 2 2 2 2 2 2 2 2 2 2 2 2 2 2 2 2 2 2 2 2 2 2 2 2 2 2 2 2
left_child=1 2 -1 4 -4 6 7 8 -3 -9 11 12 -7 19 20 16 17 -16 -18 -13 21 22 23 24 26 -25 -12 29 -29 -20
right_child=-2 5 3 -5 -6 10 -8 9 -10 -11 14 13 -14 -15 15 -17 18 -19 27 -21 -22 -23 -24 25 -26 -27 -28 28 -30 -31
leaf_value=-0.00093715850801465465 -0.00014740536222964494 0.00024562210705943741 -0.00012035450120339684 -0.0010200256200469269 0.002026955275956927 -0.00088516924041162474 0.0019932805323458298 -0.0010918182485243854 0.0020611822353181057 0.0002756277197573192 -0.000106095470218464 -0.001480529034927569 0.00063914317303206741 2.9214189664737598e-05 0.00043200333364945293 1.1891404222724788e-05 -0.0013455069950248442 -0.00036793465066030763 -0.00027231108626319241 -0.0036932684736801129 0.0016257982598217721 -0.0019769621851641363 0.0032062391764414847 0.0025972476983365939 -0.0021027133519788388 0.00047121677820275467 0.0006531215802190295 -0.0019619873827464124 -0.00037496076139681086 0.00013812398477122675
leaf_weight=977 14669 5484 279 245 232 1013 453 680 207 341 3482 366 1596 333 5973 431156 585 3234 20328 204 326 254 268 242 206 1640 1594 463 1577 5814
leaf_count=977 14669 5484 279 245 232 1013 453 680 207 341 3482 366 1596 333 5973 431156 585 3234 20328 204 326 254 268 242 206 1640 1594 463 1577 5814
internal_value=7.85178e-12 4.41688e-06 -0.000420563 0.000247048 0.000854549 5.92664e-06 0.000283066 0.000167641 0.00031166 -0.00063511 1.79539e-06 -0.000330916 4.72963e-05 -0.00142367 4.24431e-06 -1.06967e-06 -0.000148229 0.000151022 -0.000244006 -0.00227246 0.000315396 0.000259816 0.000336261 0.000228898 4.51519e-05 0.000744596 0.000132319 -0.000221141 -0.000735154 -0.00018103
internal_weight=504221 489552 1733 756 511 487819 7165 6712 5691 1021 480654 3512 2609 903 477142 469130 37974 9207 28767 570 8012 7686 7432 7164 5282 1882 5076 28182 2040 26142
internal_count=504221 489552 1733 756 511 487819 7165 6712 5691 1021 480654 3512 2609 903 477142 469130 37974 9207 28767 570 8012 7686 7432 7164 5282 1882 5076 28182 2040 26142
is_linear=0
shrinkage=0.05


Tree=141
num_leaves=31
num_cat=0
split_feature=0 0 1 1 1 0 0 1 1 1 1 1 1 1 0 1 0 1 1 0 1 0 0 1 1 0 1 0 0 0
split_gain=0.124771 0.305771 2.69484 1.04699 0.550103 0.437088 0.423082 0.258642 0.610829 0.289134 0.242997 0.214283 0.246803 0.518289 0.697042 0.466008 0.439715 0.409176 0.404889 0.574117 0.705114 0.340148 0.31628 0.304428 0.347876 0.253648 0.241233 0.873866 0.813605 0.212846
threshold=108.05000000000001 107.65000000000002 6.5000000000000009 1.5000000000000002 25.500000000000004 107.85000000000001 107.85000000000001 15.500000000000002 12.500000000000002 20.500000000000004 36.500000000000007 -9.4999999999999982 11.500000000000002 15.500000000000002 109.45000000000002 8.5000000000000018 109.05000000000001 14.500000000000002 19.500000000000004 110.25000000000001 17.500000000000004 111.75000000000001 110.85000000000001 18.500000000000004 16.500000000000004 108.45000000000002 21.500000000000004 108.85000000000001 109.85000000000001 113.05000000000001
decision_type=2 2 2 2 2 2 2 2 2 2 2 2 2 2 2 2 2 2 2 2 2 2 2 2 2 2 2 2 2 2
left_child=1 -1 3 6 7 -6 -3 8 -4 -9 11 -2 15 14 16 -13 25 21 19 20 -15 22 -16 24 -21 -14 27 -20 -29 -28
right_child=10 2 4 -5 5 -7 -8 9 -10 -11 -12 12 13 18 17 -17 -18 -19 26 23 -22 -23 -24 -25 -26 -27 29 28 -30 -31
leaf_value=-1.8093737566599781e-06 -0.00052547164928469145 -0.002571210752778906 0.001468062525202242 -0.004792437101701047 0.00056156071576666329 -0.002558100337032662 -6.334332321261125e-05 0.0026863557349783478 -0.00153559412377385 0.00066537391394376759 0.0015523373028960359 0.00014934656234636949 0.00080306490221731012 -0.0011414381646927621 -0.00079335337851513569 0.0010733505959622826 0.0022543746333879731 -0.0027941579625174692 0.002025006620457809 0.00077650264193388548 0.0012422189959174683 0.00039985578741305551 -0.0030461618802071688 7.0530111302754709e-05 0.0030318526449135252 -0.0011129087990119973 0.00022662076100158192 -0.0037566468678414825 -0.00036458855092860178 -0.0011368143650291561
leaf_weight=482406 1262 369 485 351 235 215 309 383 260 329 294 6061 321 621 517 1761 240 363 221 275 620 361 223 224 452 374 3596 270 512 311
leaf_count=482406 1262 369 485 351 235 215 309 383 260 329 294 6061 321 621 517 1761 240 363 221 275 620 361 223 224 452 374 3596 270 512 311
internal_value=4.56109e-12 -4.90548e-06 -0.000513618 -0.0025758 0.000599116 -0.000928944 -0.00142824 0.00107106 0.000419807 0.0017525 0.00012611 0.000103549 0.000149373 -2.18677e-05 -0.000657267 0.000357372 0.000409204 -0.00133838 0.000192765 0.000757791 4.943e-05 -0.00085841 -0.00147224 0.00168216 0.00217873 -0.000227977 -5.94824e-05 -0.000751184 -0.00153576 0.00011809
internal_weight=504221 485342 2936 1029 1907 450 678 1457 745 712 18879 18585 17323 9501 2399 7822 935 1464 7102 2192 1241 1101 740 951 727 695 4910 1003 782 3907
internal_count=504221 485342 2936 1029 1907 450 678 1457 745 712 18879 18585 17323 9501 2399 7822 935 1464 7102 2192 1241 1101 740 951 727 695 4910 1003 782 3907
is_linear=0
shrinkage=0.05


Tree=142
num_leaves=31
num_cat=0
split_feature=0 1 1 1 1 0 1 0 1 0 0 0 1 0 0 0 1 1 0 0 1 0 1 0 0 0 1 0 0 0
split_gain=0.123563 0.345003 0.399535 0.41107 0.524152 0.622262 0.117566 0.14991 0.136852 0.542309 0.282313 0.232389 0.812682 0.208499 0.135445 0.111005 0.356386 1.09034 0.599244 0.732018 0.532585 1.20297 0.820451 0.60302 0.599349 0.533074 0.525522 0.892771 1.38918 1.20483
threshold=113.05000000000001 1.5000000000000002 8.5000000000000018 20.500000000000004 15.500000000000002 114.35000000000001 64.500000000000014 98.65000000000002 56.500000000000007 100.05000000000001 79.850000000000009 82.550000000000011 58.500000000000007 51.750000000000007 95.250000000000014 95.65000000000002 25.500000000000004 30.500000000000004 96.050000000000011 96.450000000000017 13.500000000000002 98.15000000000002 10.500000000000002 95.750000000000014 99.050000000000011 99.15000000000002 27.500000000000004 102.95000000000002 102.55000000000001 104.95000000000002
decision_type=2 2 2 2 2 2 2 2 2 2 2 2 2 2 2 2 2 2 2 2 2 2 2 2 2 2 2 2 2 2
left_child=6 -2 -3 4 5 -4 8 14 15 10 13 12 -12 -10 -8 -1 20 18 -18 -20 21 -17 -23 -22 -25 -26 -21 28 -28 -29
right_child=1 2 3 -5 -6 -7 7 -9 9 -11 11 -13 -14 -15 -16 16 17 -19 19 26 23 22 -24 24 25 -27 27 29 -30 -31
leaf_value=-2.1090809582055972e-05 0.0022928949599991199 -0.0014688209234970471 0.0020504775243827796 -0.00073835241230438785 0.0030668547812778995 -0.0017537291071991004 -0.00012472456189570129 -0.0013400689749452736 0.0014158385076971595 -0.0018344020448736291 0.0033754138456236933 0.00026685507739972924 0.00028881772930697844 -0.00017650161960331261 0.00067140291574731715 0.0004145571623351853 -0.0012099884642613314 -3.1983150595400965e-05 0.0024356381507658286 0.00013869399334796804 0.0021229980587317001 -9.2183684075444641e-05 0.00038538490911360434 -0.00050033636194065235 0.0018693297974426639 -8.6175528507703714e-05 0.00095167561873348754 -0.0011213073765300216 0.004460494920611382 0.00084316700041786878
leaf_weight=279313 217 299 226 374 265 205 19872 248 215 335 279 8211 905 4690 549 18914 504 28478 494 6416 290 68479 10353 10282 352 35105 4723 1250 300 2078
leaf_count=279313 217 299 226 374 265 205 19872 248 215 335 279 8211 905 4690 549 18914 504 28478 494 6416 290 68479 10353 10282 352 35105 4723 1250 300 2078
internal_value=-5.32925e-12 0.000440635 0.000147033 0.000598567 0.00131697 0.000241052 -1.39037e-06 -0.000118161 3.6173e-06 0.000154175 0.000200761 0.000361284 0.00101615 -0.000106705 -0.000103321 -1.0976e-06 2.86036e-05 0.000152697 0.000486306 0.000542327 -9.58302e-06 5.64543e-05 -2.94646e-05 -0.000149818 -0.000164228 -6.67622e-05 0.00047899 0.000740436 0.00116124 0.000105309
internal_weight=504221 1586 1369 1070 696 431 502635 20669 481966 14635 14300 9395 1184 4905 20421 467331 188018 44243 15765 15261 143775 97746 78832 46029 45739 35457 14767 8351 5023 3328
internal_count=504221 1586 1369 1070 696 431 502635 20669 481966 14635 14300 9395 1184 4905 20421 467331 188018 44243 15765 15261 143775 97746 78832 46029 45739 35457 14767 8351 5023 3328
is_linear=0
shrinkage=0.05


Tree=143
num_leaves=31
num_cat=0
split_feature=0 1 0 1 1 0 1 0 1 1 1 0 1 0 1 1 0 1 1 1 1 0 0 1 0 0 0 0 0 0
split_gain=0.113361 0.714218 0.193227 0.557628 0.172906 0.258683 0.473193 0.256175 0.229036 0.613013 0.593232 0.545124 0.486081 0.416754 0.414781 0.507867 0.597974 0.366295 0.353122 0.347199 0.311003 0.308916 0.66986 0.476152 0.308668 0.285714 0.22182 0.210212 0.201902 0.199917
threshold=108.65000000000002 36.500000000000007 108.45000000000002 23.500000000000004 -6.4999999999999991 109.85000000000001 -10.499999999999998 109.45000000000002 11.500000000000002 15.500000000000002 19.500000000000004 109.45000000000002 8.5000000000000018 109.05000000000001 21.500000000000004 20.500000000000004 110.25000000000001 14.500000000000002 16.500000000000004 6.5000000000000009 7.5000000000000009 109.25000000000001 110.25000000000001 18.500000000000004 111.75000000000001 110.85000000000001 110.25000000000001 110.45000000000002 110.05000000000001 113.05000000000001
decision_type=2 2 2 2 2 2 2 2 2 2 2 2 2 2 2 2 2 2 2 2 2 2 2 2 2 2 2 2 2 2
left_child=2 4 -1 -4 5 7 -7 -2 12 11 18 13 19 -10 15 -12 -17 24 -11 -6 26 -20 -23 -24 25 28 -21 -14 -13 -16
right_child=1 -3 3 -5 8 6 -8 -9 9 10 14 17 27 -15 29 16 -18 -19 21 20 -22 22 23 -25 -26 -27 -28 -29 -30 -31
leaf_value=-2.5796962607291052e-06 -0.00054062528871610515 0.0030962119017963977 -0.00013080292200783687 -0.0029320172270253506 0.00034135056926843976 0.00012967984550274337 -0.0029491228424012661 0.0014302648828331248 -0.00079655234454845895 -0.00013834973891465531 0.00017886874508621082 -0.0017944567779904315 0.0017715497230218571 0.0021349617866023136 0.00029553184522463911 -0.0040429870382471898 -0.00033016319893011193 -0.0026574059556297366 0.0029487679370640597 -0.0029190361976917153 0.00019144534848889618 -0.00088016912103080147 0.0028517829785865232 3.2603276693927393e-05 0.00037273242190890427 -0.0029065675655538595 -0.00066480481705107433 0.00054652737758644149 0.00018335113345799436 -0.001043056047198114
leaf_weight=488134 488 201 980 217 3631 260 240 249 245 494 403 248 741 240 2705 229 206 363 267 203 424 313 452 224 361 223 236 664 269 311
leaf_count=488134 488 201 980 217 3631 260 240 249 245 494 403 248 741 240 2705 229 206 363 267 203 424 313 452 224 361 223 236 664 269 311
internal_value=5.55942e-12 0.000135908 -4.13559e-06 -0.000638625 9.54004e-05 -0.000470301 -0.00134815 0.000125252 0.00014742 -3.49097e-05 0.000230736 -0.000798725 0.000380873 0.000654094 -0.000115919 -0.00109997 -0.00228473 -0.00128002 0.000994167 0.000127094 -0.000774375 0.0014396 0.00103217 0.00191762 -0.000825896 -0.00141063 -0.00170719 0.00119261 -0.000765385 0.000157501
internal_weight=504221 14890 489331 1197 14689 1237 500 737 13452 7553 5604 1949 5899 485 3854 838 435 1464 1750 4494 863 1256 989 676 1101 740 439 1405 517 3016
internal_count=504221 14890 489331 1197 14689 1237 500 737 13452 7553 5604 1949 5899 485 3854 838 435 1464 1750 4494 863 1256 989 676 1101 740 439 1405 517 3016
is_linear=0
shrinkage=0.05


Tree=144
num_leaves=31
num_cat=0
split_feature=0 1 1 1 1 0 1 0 0 1 0 1 1 1 1 1 1 0 1 1 1 1 0 0 1 1 1 1 1 1
split_gain=0.113774 0.314382 0.364642 0.350614 0.45224 0.564303 0.109592 0.215765 0.210077 0.210847 0.182451 0.21772 0.376738 0.280129 0.247092 0.532113 0.521906 0.404767 0.252417 0.276398 0.434294 0.396593 0.394789 0.332416 0.501811 0.261067 0.267244 0.153308 0.154359 0.143004
threshold=113.05000000000001 1.5000000000000002 8.5000000000000018 20.500000000000004 15.500000000000002 114.35000000000001 -73.499999999999986 53.750000000000007 63.250000000000007 -77.499999999999986 45.850000000000001 44.500000000000007 54.500000000000007 16.500000000000004 -1.0000000180025095e-35 -7.4999999999999991 -12.499999999999998 29.850000000000005 -16.499999999999996 -31.499999999999996 -40.499999999999993 -43.499999999999993 35.850000000000001 29.850000000000005 -21.499999999999996 -48.499999999999993 -51.499999999999993 34.500000000000007 25.500000000000004 -49.499999999999993
decision_type=2 2 2 2 2 2 2 2 2 2 2 2 2 2 2 2 2 2 2 2 2 2 2 2 2 2 2 2 2 2
left_child=6 -2 -3 4 5 -4 7 -1 9 -9 11 13 -13 14 15 16 18 -16 19 20 21 25 -22 -21 -25 26 -8 28 -15 -12
right_child=1 2 3 -5 -6 -7 10 8 -10 -11 29 12 -14 27 17 -17 -18 -19 -20 23 22 -23 -24 24 -26 -27 -28 -29 -30 -31
leaf_value=-0.00088902686511908987 0.0021909687170235245 -0.0014011313160725662 0.001961100994984298 -0.00066078317140441959 0.0028628100658643924 -0.001661609920556657 0.00019960861943435796 -0.00011306308263305267 -0.00096775044592059393 0.0019268815309323114 0.00019287413251431484 0.0027189218149857321 0.00024030234468277214 -0.00026921766202249925 -0.00040014622363484338 -0.0017293473230429058 0.0025205657927422076 0.002153965580663521 -0.0014810775220394136 0.0024934238267701066 -0.002281628379366807 0.0024495392858695526 4.7543619376451239e-05 0.0013079694200124586 -0.00137827328926935 -0.0009013620362831996 0.002011876093580368 0.00026312024384474826 -0.0017760970656668521 -7.3391283157433528e-06
leaf_weight=977 217 299 226 374 265 205 1514 279 245 232 9086 235 441 334 247 341 254 417 215 268 338 208 394 551 254 455 235 341 346 484428
leaf_count=977 217 299 226 374 265 205 1514 279 245 232 9086 235 441 334 247 341 254 417 215 268 338 208 394 551 254 455 235 341 346 484428
internal_value=2.24768e-12 0.00042282 0.000142551 0.000573916 0.00123739 0.000238002 -1.33415e-06 -0.000398261 0.00023597 0.000813096 3.91191e-08 0.000246673 0.00110195 0.000160533 0.000297351 0.000177612 0.000316382 0.00120387 0.000190059 0.00027526 3.87801e-05 0.000362514 -0.00102795 0.000968171 0.000460385 0.000165553 0.000443109 -0.000602081 -0.00103595 -3.65304e-06
internal_weight=504221 1586 1369 1070 696 431 502635 1733 756 511 500902 7388 676 6712 5691 5027 4686 664 4432 4217 3144 2412 732 1073 805 2204 1749 1021 680 493514
internal_count=504221 1586 1369 1070 696 431 502635 1733 756 511 500902 7388 676 6712 5691 5027 4686 664 4432 4217 3144 2412 732 1073 805 2204 1749 1021 680 493514
is_linear=0
shrinkage=0.05


Tree=145
num_leaves=31
num_cat=0
split_feature=0 1 1 0 0 1 1 0 0 1 0 0 1 1 0 1 0 0 1 1 0 1 0 0 1 1 1 0 0 1
split_gain=0.111938 0.286333 1.475 1.56252 1.30733 0.897105 1.11136 1.79297 2.13805 1.01324 2.79157 1.29906 0.823963 0.817929 0.884328 0.79003 0.786625 0.784748 0.778348 0.775581 0.727658 0.69756 0.786167 0.688918 0.670961 0.6347 0.595612 0.593255 0.562246 0.530943
threshold=89.65000000000002 38.500000000000007 27.500000000000004 70.050000000000011 64.65000000000002 14.500000000000002 10.500000000000002 85.450000000000017 71.250000000000014 21.500000000000004 79.550000000000011 71.250000000000014 18.500000000000004 13.500000000000002 79.850000000000009 22.500000000000004 82.550000000000011 76.550000000000011 37.500000000000007 12.500000000000002 80.750000000000014 30.500000000000004 77.15000000000002 69.050000000000011 5.5000000000000009 18.500000000000004 29.500000000000004 68.65000000000002 86.050000000000011 24.500000000000004
decision_type=2 2 2 2 2 2 2 2 2 2 2 2 2 2 2 2 2 2 2 2 2 2 2 2 2 2 2 2 2 2
left_child=1 2 5 4 -4 6 24 8 -8 11 23 12 -7 14 -10 28 -15 18 26 -9 -16 -19 -23 29 -1 -13 -5 -26 -12 -11
right_child=-2 -3 3 17 -6 9 7 19 13 10 15 25 -14 16 20 -17 -18 21 -20 -21 -22 22 -24 -25 27 -27 -28 -29 -30 -31
leaf_value=-5.9941208964767311e-05 2.1232701902026799e-05 7.2711851329856195e-05 -0.00035518865606515602 -0.00022792461246174853 0.0014664810834994074 -0.0011452584260793241 0.00053369700997200171 -0.00035081975400872459 -0.0011469558676859984 -0.00083510203546701138 0.0013724034177742418 0.0010337616207165734 0.00050806323093801318 -0.0012255413227997688 -0.005206677396046488 -0.00095180947730874772 0.0015069529916237629 -0.00098008967301814443 0.00096973782128820956 0.0014701380426651936 -0.0022892750439039832 0.0021544155987418697 -0.00031220998966796176 0.0010754033480305668 -0.00051814945765277915 0.00032731756133106462 -0.0017943989920294588 0.00049369854380240869 -0.00080143453696599376 0.0007847360262486536
leaf_weight=96891 278222 55324 2152 772 1816 1701 1683 1123 1920 1040 695 7471 1353 908 247 6226 371 4433 363 1220 1587 333 10794 4204 1700 5535 2836 9796 520 985
leaf_count=96891 278222 55324 2152 772 1816 1701 1683 1123 1920 1040 695 7471 1353 908 247 6226 371 4433 363 1220 1587 333 10794 4204 1700 5535 2836 9796 520 985
internal_value=-8.45078e-13 -2.61391e-05 -5.81814e-05 -0.000426035 0.000478519 5.52338e-07 -6.15562e-05 -0.000593574 -0.00100905 0.000245907 -7.04782e-05 0.000515209 -0.000412795 -0.00152493 -0.00189699 -0.000724216 -0.000432926 -0.000609809 -0.00123718 0.000597353 -0.00268219 -0.000449699 -0.000238391 0.00071046 -1.70901e-05 0.000733118 -0.00145922 0.000344069 0.000442037 -4.71808e-05
internal_weight=504221 225999 170675 23499 3968 147176 117446 9059 6716 29730 13670 16060 3054 5033 3754 7441 1279 19531 3971 2343 1834 15560 11127 6229 108387 13006 3608 11496 1215 2025
internal_count=504221 225999 170675 23499 3968 147176 117446 9059 6716 29730 13670 16060 3054 5033 3754 7441 1279 19531 3971 2343 1834 15560 11127 6229 108387 13006 3608 11496 1215 2025
is_linear=0
shrinkage=0.05


Tree=146
num_leaves=31
num_cat=0
split_feature=1 0 0 1 0 0 0 1 0 0 1 1 0 1 1 1 1 1 0 0 0 1 1 1 0 1 1 0 0 1
split_gain=0.114303 0.134897 0.12302 0.116701 0.489147 0.256389 0.20899 0.733446 0.186498 0.106379 0.344596 0.50476 0.367097 0.359957 0.2313 0.373239 0.346929 0.264586 0.232025 0.329782 0.214505 0.154007 0.213094 0.14257 0.11049 0.177182 0.0968619 0.194724 0.189602 0.19029
threshold=64.500000000000014 98.65000000000002 95.250000000000014 56.500000000000007 100.05000000000001 79.850000000000009 82.550000000000011 58.500000000000007 51.750000000000007 110.45000000000002 -2.4999999999999996 1.5000000000000002 111.75000000000001 3.5000000000000004 6.5000000000000009 5.5000000000000009 15.500000000000002 19.500000000000004 112.15000000000002 112.55000000000001 112.15000000000002 11.500000000000002 9.5000000000000018 10.500000000000002 110.85000000000001 30.500000000000004 -73.499999999999986 53.750000000000007 63.250000000000007 -77.499999999999986
decision_type=2 2 2 2 2 2 2 2 2 2 2 2 2 2 2 2 2 2 2 2 2 2 2 2 2 2 2 2 2 2
left_child=3 2 -2 9 5 8 7 -7 -5 26 12 -12 -11 -13 15 -15 18 20 21 -20 -18 22 -16 -21 -19 -26 27 -1 29 -29
right_child=1 -3 -4 4 -6 6 -8 -9 -10 10 11 13 -14 14 16 -17 17 24 19 23 -22 -23 -24 -25 25 -27 -28 28 -30 -31
leaf_value=-0.00084157828108132071 -0.00012146758753183401 -0.001274255978510595 0.00063726706845933516 0.0013351687540971609 -0.0017446351462780539 0.0032035035137955008 0.00025163066115265712 0.00027123715219123918 -0.00017081619300505967 -0.0021804380277327473 0.0019251593970693649 -0.0014529156949628823 0.00041295947187925243 0.00025273800254036475 -8.1182046821014577e-05 0.0029254867222861971 0.00059006997452637792 -0.00063798448179442832 -0.0026996227921825826 0.00049698378340701222 0.0021798276959103849 -0.00046838857029851108 0.0017985328481950628 -0.00096867450518457244 0.00013132039177560665 0.0016395740690103803 -8.4603115504879425e-07 -0.00010441265145723965 -0.00091639898869456081 0.0018335346582120861
leaf_weight=977 19872 248 549 215 335 279 8211 905 4690 299 448 318 251 354 371 207 503 326 202 269 367 543 254 433 1160 234 460645 279 245 232
leaf_count=977 19872 248 549 215 335 279 8211 905 4690 299 448 318 251 354 371 207 503 326 202 269 367 543 254 433 1160 234 460645 279 245 232
internal_value=2.16345e-12 -0.000115146 -0.00010107 4.92183e-06 0.000143961 0.000188204 0.00034118 0.000962202 -0.000104805 5.82393e-07 0.000200842 0.000310837 -0.000996906 0.000180316 0.000279755 0.00123894 0.000164332 0.00055012 -0.000317904 -0.000919327 0.00126069 0.00014758 0.000682734 -0.000407048 0.000190703 0.000384499 -2.2497e-06 -0.000375355 0.000227158 0.000775438
internal_weight=504221 20669 20421 483552 14635 14300 9395 1184 4905 468917 6539 5989 550 5541 5223 561 4662 2590 2072 904 870 1168 625 702 1720 1394 462378 1733 756 511
internal_count=504221 20669 20421 483552 14635 14300 9395 1184 4905 468917 6539 5989 550 5541 5223 561 4662 2590 2072 904 870 1168 625 702 1720 1394 462378 1733 756 511
is_linear=0
shrinkage=0.05


Tree=147
num_leaves=31
num_cat=0
split_feature=1 1 0 0 0 1 0 0 0 1 1 1 0 1 1 0 1 1 0 0 0 0 1 0 1 1 0 0 1 1
split_gain=0.104189 0.102032 0.228081 1.04486 1.21683 0.94491 0.920652 0.381831 0.317876 0.449052 0.387804 0.369152 0.364399 0.269263 0.332658 0.398725 0.250817 0.514699 0.257754 0.3199 0.234746 0.225048 1.10184 0.719524 0.435176 0.478448 0.457863 0.359803 0.582487 0.322485
threshold=68.500000000000014 6.5000000000000009 107.05000000000001 108.05000000000001 107.65000000000002 1.5000000000000002 106.45000000000002 107.85000000000001 106.85000000000001 -3.4999999999999996 -5.4999999999999991 -1.4999999999999998 106.65000000000002 3.5000000000000004 4.5000000000000009 109.45000000000002 1.5000000000000002 1.0000000180025095e-35 112.15000000000002 110.85000000000001 106.65000000000002 77.750000000000014 -30.499999999999996 58.350000000000001 -22.499999999999996 -59.499999999999993 98.15000000000002 98.050000000000011 -6.4999999999999991 -18.499999999999996
decision_type=2 2 2 2 2 2 2 2 2 2 2 2 2 2 2 2 2 2 2 2 2 2 2 2 2 2 2 2 2 2
left_child=1 2 6 4 -4 7 21 -6 10 -10 12 -12 -8 16 15 -15 17 18 19 -5 -13 22 -1 -24 25 -23 27 -26 -29 -28
right_child=-2 -3 3 13 5 -7 8 -9 9 -11 11 20 -14 14 -16 -17 -18 -19 -20 -21 -22 24 23 -25 26 -27 29 28 -30 -31
leaf_value=0.00015677091916178307 -0.00013130136173987279 2.291327445597034e-05 -0.00026563782277694547 -7.7386621383202197e-05 -0.0024385644784222452 -0.0045487292450547556 0.0016815912957161159 -5.6090433765383597e-05 0.0017094491152745772 -0.00094308098778128624 0.0037880507439880052 0.00060040001461113051 -0.0011275212601882167 0.0034235412354876359 0.00015825911164429559 0.00051697127172629605 -0.00087529654820130479 0.0018047916784959756 0.0012394016854605585 -0.0016729428920968733 0.0024824739978336302 0.0016106265017555819 0.00027680388865499128 -0.00038947179372539266 0.00011914521324744481 -0.00022795458313087057 0.00052126304439446109 0.0033117211323021815 -4.595567697957921e-05 -0.00011262897892409376
leaf_weight=23163 14669 289453 1705 2854 369 351 236 309 271 388 236 352 226 205 1022 278 852 386 318 353 313 360 4734 28130 69945 20684 2114 231 293 39421
leaf_count=23163 14669 289453 1705 2854 369 351 236 309 271 388 236 352 226 205 1022 278 852 386 318 353 313 360 4734 28130 69945 20684 2114 231 293 39421
internal_value=-3.12701e-12 3.93433e-06 -2.35196e-05 -0.000269471 -0.00108511 -0.00244292 -1.19336e-05 -0.00135275 0.00104932 0.000147717 0.00148523 0.00208916 0.000307437 8.62957e-05 0.000669292 0.00175061 -9.7918e-05 7.14316e-05 -0.000118377 -0.000253012 0.00148625 -2.32828e-05 -0.000107344 -0.000293496 1.21157e-05 -0.000196502 5.13121e-05 0.000128924 0.00143424 -8.03659e-05
internal_weight=504221 489552 200099 9002 2734 1029 191097 678 2022 659 1363 901 462 6268 1505 483 4763 3911 3525 3207 665 189075 56027 32864 133048 21044 112004 70469 524 41535
internal_count=504221 489552 200099 9002 2734 1029 191097 678 2022 659 1363 901 462 6268 1505 483 4763 3911 3525 3207 665 189075 56027 32864 133048 21044 112004 70469 524 41535
is_linear=0
shrinkage=0.05


Tree=148
num_leaves=31
num_cat=0
split_feature=1 0 0 1 0 0 0 1 0 0 1 1 0 0 1 0 0 0 1 0 0 0 0 0 0 1 0 0 0 0
split_gain=0.0951593 0.12224 0.110575 0.103796 0.441455 0.231391 0.188614 0.661935 0.168314 0.10379 0.287997 0.955301 0.534443 0.667872 0.466205 0.848375 1.25373 1.04116 1.52393 0.766067 1.368 0.836916 0.787529 1.47967 0.97313 0.788821 1.39269 1.10306 0.67463 0.639857
threshold=64.500000000000014 98.65000000000002 95.250000000000014 56.500000000000007 100.05000000000001 79.850000000000009 82.550000000000011 58.500000000000007 51.750000000000007 95.65000000000002 25.500000000000004 30.500000000000004 96.050000000000011 96.450000000000017 27.500000000000004 102.95000000000002 102.55000000000001 104.75000000000001 28.500000000000004 100.95000000000002 101.35000000000001 102.05000000000001 97.450000000000017 97.850000000000009 98.350000000000009 26.500000000000004 99.850000000000009 99.050000000000011 103.95000000000002 97.050000000000011
decision_type=2 2 2 2 2 2 2 2 2 2 2 2 2 2 2 2 2 2 2 2 2 2 2 2 2 2 2 2 2 2
left_child=3 2 -2 9 5 8 7 -7 -5 -1 -11 12 -12 -14 19 16 -16 18 -17 22 -21 -22 29 -24 -25 -26 27 -27 -20 -15
right_child=1 -3 -4 4 -6 6 -8 -9 -10 10 11 -13 13 14 15 17 -18 -19 28 20 21 -23 23 24 25 26 -28 -29 -30 -31
leaf_value=-1.8982773598656958e-05 -0.00011100088896922157 -0.0012084553223816799 0.00060833113192528053 0.0012672646152028857 -0.001658549062740892 0.0030421827389027485 0.00023790344252178384 0.00025652965448426282 -0.00016342103737735324 -5.1361976241950208e-06 -0.0011511582659468765 -3.2715741146831076e-05 0.0023121874100766201 -0.00031786770253124357 0.00090242282743994626 0.0013816535726383443 0.0042358008138835435 0.00070763308520273239 -0.0012136964309546682 0.0045237742724338016 -0.0018343677692134266 0.00060691218264604426 -0.0045177497797542149 0.0022544685533664524 0.00012848458736745868 -0.0027939813420376973 -0.0048389312083998775 0.0022871678985837032 -0.0042449510363381238 0.0030707036663298829
leaf_weight=279313 19872 248 549 215 335 279 8211 905 4690 145184 504 28527 494 334 4723 394 300 2234 450 207 393 3290 261 274 766 223 292 205 310 239
leaf_count=279313 19872 248 549 215 335 279 8211 905 4690 145184 504 28527 494 334 4723 394 300 2234 450 207 393 3290 261 274 766 223 292 205 310 239
internal_value=-1.39958e-12 -0.000105062 -9.16623e-05 4.49079e-06 0.000135617 0.000177648 0.000322975 0.000912946 -0.00010071 3.98312e-07 2.89493e-05 0.000140356 0.000451009 0.000503481 0.000443494 0.000689099 0.00110151 7.7664e-05 -0.00114188 0.000124898 0.000568703 0.000346412 -0.000540638 -0.00100453 -0.00048353 -0.000988383 -0.00217661 -0.000360253 -0.00245013 0.00109552
internal_weight=504221 20669 20421 483552 14635 14300 9395 1184 4905 468917 189604 44420 15893 15389 14895 8411 5023 3388 1154 6484 3890 3683 2594 2021 1760 1486 720 428 760 573
internal_count=504221 20669 20421 483552 14635 14300 9395 1184 4905 468917 189604 44420 15893 15389 14895 8411 5023 3388 1154 6484 3890 3683 2594 2021 1760 1486 720 428 760 573
is_linear=0
shrinkage=0.05


Tree=149
num_leaves=31
num_cat=0
split_feature=1 0 0 0 0 1 1 1 1 0 1 1 1 0 0 1 1 1 1 1 1 1 1 0 1 1 1 1 1 0
split_gain=0.0920469 0.175505 0.171558 0.18793 0.157044 0.189264 0.346928 0.244588 0.228621 0.14128 0.396206 0.983846 0.381758 0.318491 0.29556 0.292461 0.264643 0.328644 0.247247 0.150376 0.309986 0.137556 0.141072 0.137069 0.455917 0.61503 0.357564 0.266772 0.261573 0.395087
threshold=-73.499999999999986 53.750000000000007 63.250000000000007 58.350000000000001 45.850000000000001 44.500000000000007 54.500000000000007 16.500000000000004 10.500000000000002 41.550000000000004 -34.499999999999993 -40.499999999999993 -21.499999999999996 29.850000000000005 35.850000000000001 -30.499999999999996 -51.499999999999993 -63.499999999999993 -15.499999999999998 -3.4999999999999996 -12.499999999999998 34.500000000000007 25.500000000000004 51.750000000000007 1.5000000000000002 -51.499999999999993 48.500000000000007 -49.499999999999993 -21.499999999999996 75.950000000000017
decision_type=2 2 2 2 2 2 2 2 2 2 2 2 2 2 2 2 2 2 2 2 2 2 2 2 2 2 2 2 2 2
left_child=1 -1 3 -3 5 7 -7 8 9 10 11 13 -12 -2 19 16 17 -11 -17 20 -14 22 -9 24 25 -6 -26 -25 29 -29
right_child=4 2 -4 -5 23 6 -8 21 -10 15 12 -13 14 -15 -16 18 -18 -19 -20 -21 -22 -23 -24 27 26 -27 -28 28 -30 -31
leaf_value=-0.00080638878360131383 0.0014911699020082043 -0.000124088993720841 -0.00087954549156889618 0.0018065546433218814 -0.00085313040560878171 0.0025791859488062405 0.00020065115154414625 -0.00024081415491189787 0.0019087721454204569 0.0017887294839839547 0.0014591263281920602 -0.0026523130891905628 -8.5803953908294089e-05 -0.00022764649904071849 -0.0012380134739406832 -0.0016899710055440665 0.0022078020806073498 -0.00072944139350544323 0.00072871567348816574 -0.00032101279864572499 0.0021517241489270636 0.00025671516487762726 -0.0016813827161757935 0.00028625187332473632 -0.0016270130303761455 0.00076261986642220413 0.00032502032075171889 8.0136254250525168e-05 6.0929706678474534e-06 -0.00025403140970387981
leaf_weight=977 336 285 245 226 1013 235 441 334 207 245 756 397 332 1362 333 200 369 275 224 365 290 341 346 8012 879 1407 320 14025 445495 23949
leaf_count=977 336 285 245 226 1013 235 441 334 207 245 756 397 332 1362 333 200 369 275 224 365 290 341 346 8012 879 1407 320 14025 445495 23949
internal_value=-2.702e-12 -0.000363771 0.000208237 0.000729777 1.25458e-06 0.000230078 0.00102751 0.000149765 0.000277608 0.000216038 7.36501e-05 -0.000411451 0.000563191 0.000112473 5.00643e-05 0.000668362 0.00118371 0.000457005 -0.000412174 0.000484644 0.000957417 -0.000562831 -0.000973809 -2.15997e-06 -0.000308746 8.62748e-05 -0.00110604 9.75637e-08 -4.64456e-06 -0.000130613
internal_weight=504221 1733 756 511 502488 7388 676 6712 5691 5484 4171 2095 2076 1698 1320 1313 889 520 424 987 622 1021 680 495100 3619 2420 1199 491481 483469 37974
internal_count=504221 1733 756 511 502488 7388 676 6712 5691 5484 4171 2095 2076 1698 1320 1313 889 520 424 987 622 1021 680 495100 3619 2420 1199 491481 483469 37974
is_linear=0
shrinkage=0.05


Tree=150
num_leaves=31
num_cat=0
split_feature=0 1 1 1 0 1 0 1 1 1 1 1 1 1 1 0 0 1 1 0 1 0 0 0 1 0 0 0 0 1
split_gain=0.0876422 0.373594 0.244683 0.192151 0.403989 0.239665 0.220956 0.183331 0.332475 0.110035 0.482538 0.428986 0.613313 0.539943 0.357901 0.339341 0.329601 0.367579 0.331797 0.294401 0.259984 0.25361 0.233366 0.230297 0.2194 0.20769 0.201038 0.184669 0.169852 0.546028
threshold=109.05000000000001 35.500000000000007 30.500000000000004 -5.4999999999999991 111.15000000000002 -3.4999999999999996 110.25000000000001 -11.499999999999998 -19.499999999999996 16.500000000000004 11.500000000000002 19.500000000000004 21.500000000000004 20.500000000000004 22.500000000000004 113.55000000000001 109.45000000000002 15.500000000000002 14.500000000000002 111.75000000000001 10.500000000000002 110.85000000000001 112.55000000000001 111.75000000000001 1.0000000180025095e-35 112.55000000000001 110.65000000000002 110.05000000000001 110.45000000000002 8.5000000000000018
decision_type=2 2 2 2 2 2 2 2 2 2 2 2 2 2 2 2 2 2 2 2 2 2 2 2 2 2 2 2 2 2
left_child=-1 2 3 4 6 -5 7 8 -2 10 15 25 13 -13 -14 20 -12 18 19 21 22 27 23 24 -7 -11 -16 -18 -26 -30
right_child=1 -3 -4 5 -6 9 -8 -9 -10 11 16 12 14 -15 26 -17 17 -19 -20 -21 -22 -23 -24 -25 28 -27 -28 -29 29 -31
leaf_value=-3.3395431343292649e-06 -0.0012471577686043412 0.0021868302147783993 -0.0010964979373844206 0.0016147244376005588 -0.002472975425885625 -0.00051136896040083633 0.0014331697952002288 -0.0015284930400195577 0.0015150137529645802 0.00088177822380328802 0.00093886286531593289 0.00020129653601173343 0.0020259191618892569 -0.0025366645048482605 0.00069951445976270234 -0.0010581378338837687 -0.0017065799030411479 0.00056115869454980056 -0.0025023896134260932 0.00041133931076136861 0.0017416933669775561 -0.0027397080203476511 0.0015665443148463966 -0.000874912578612566 0.00024741183392376474 0.0026485548122990423 -0.00038109627664229077 0.00018493862612812165 0.0017997190345671367 -0.00097495375303276481
leaf_weight=491604 213 217 417 291 209 576 200 252 223 882 306 349 318 372 933 403 248 376 363 361 362 223 352 425 1532 205 799 269 704 237
leaf_count=491604 213 217 417 291 209 576 200 252 223 882 306 349 318 372 933 403 248 376 363 361 362 223 352 425 1532 205 799 269 704 237
internal_value=-3.99009e-12 0.000130121 9.41281e-05 0.000135561 -0.000495164 0.00019912 -2.96653e-05 -0.000454908 0.000165604 0.00016024 3.83033e-05 0.00037317 4.29472e-05 -0.00121135 0.000484094 0.000327614 -0.000580626 -0.000833324 -0.00119147 -0.00075926 0.000460961 -0.00133032 0.000339783 0.000215483 0.000367473 0.00121498 0.000201011 -0.000722405 0.000572169 0.00110089
internal_weight=504221 12617 12400 11983 1097 10886 888 688 436 10595 6737 3858 2771 721 2050 4591 2146 1840 1464 1101 4188 740 3826 3474 3049 1087 1732 517 2473 941
internal_count=504221 12617 12400 11983 1097 10886 888 688 436 10595 6737 3858 2771 721 2050 4591 2146 1840 1464 1101 4188 740 3826 3474 3049 1087 1732 517 2473 941
is_linear=0
shrinkage=0.05


Tree=151
num_leaves=31
num_cat=0
split_feature=0 1 1 1 1 0 1 1 0 0 0 0 1 1 0 0 0 1 1 0 1 0 0 0 1 1 0 1 0 0
split_gain=0.0875798 0.264796 0.321312 0.306803 0.337288 0.503017 0.0852147 0.0863502 0.257491 1.11032 0.88894 0.925859 0.969423 0.524678 1.03981 0.344637 0.225139 0.787081 0.707967 0.469541 0.453611 0.447498 0.369866 0.516027 0.515525 0.323274 0.300426 0.366945 0.278784 0.402375
threshold=113.05000000000001 1.5000000000000002 8.5000000000000018 20.500000000000004 15.500000000000002 114.35000000000001 68.500000000000014 5.5000000000000009 107.05000000000001 106.45000000000002 108.05000000000001 107.65000000000002 1.5000000000000002 3.5000000000000004 109.45000000000002 107.85000000000001 80.750000000000014 -57.499999999999993 -29.499999999999996 80.15000000000002 -35.499999999999993 98.450000000000017 58.350000000000001 73.65000000000002 -5.4999999999999991 -11.499999999999998 74.65000000000002 -26.499999999999996 95.250000000000014 94.050000000000011
decision_type=2 2 2 2 2 2 2 2 2 2 2 2 2 2 2 2 2 2 2 2 2 2 2 2 2 2 2 2 2 2
left_child=6 -2 -3 4 5 -4 7 8 9 16 11 -10 15 -12 -15 -13 18 -18 19 -1 -19 28 -20 -24 25 26 -25 -28 29 -22
right_child=1 2 3 -5 -6 -7 -8 -9 10 -11 13 12 -14 14 -16 -17 17 20 22 -21 21 -23 23 24 -26 -27 27 -29 -30 -31
leaf_value=0.00013000860928469098 0.0019936955778554837 -0.0013353170658832411 0.0019030792209893091 -0.00063631133279631034 0.0025430390512887037 -0.0015172586871719943 -0.0001199101333069473 1.9372090159261482e-05 -0.0003305003747552293 0.0012014512383704782 -0.00016088497383244399 -0.0023152834284030969 -0.0047897567959140535 0.0030623442577198149 -0.00035786952339112761 -5.1819892377143547e-05 0.0026551489130402289 -0.0005056587957891997 0.00019075495393492054 -0.0014715091197435694 9.4926895143234891e-05 -0.0001054421548865932 -0.00047488357808421185 0.00077652140398540585 0.00026836744717077083 -0.0007535535178859595 -0.0013110777491549064 -9.4696324399381234e-05 0.00027503503101190032 -0.00032963266448538539
leaf_weight=25594 217 299 226 374 265 205 14669 295523 1574 1867 4474 369 278 400 500 309 282 4109 4467 466 49995 40101 18112 817 6263 2926 711 4845 17702 6282
leaf_count=25594 217 299 226 374 265 205 14669 295523 1574 1867 4474 369 278 400 500 309 282 4109 4467 466 49995 40101 18112 817 6263 2926 711 4845 17702 6282
internal_value=-3.29197e-12 0.000370968 0.000113749 0.000518675 0.00113931 0.000276236 -1.17054e-06 2.39895e-06 -2.36657e-05 -1.16961e-05 -0.000303126 -0.00107593 -0.00230325 6.07003e-05 0.00116223 -0.0012837 -2.40951e-05 1.67674e-05 -9.94992e-05 0.000101371 1.04722e-05 2.90625e-05 -0.000236744 -0.000293454 -8.2295e-05 -0.000318471 -0.000118714 -0.000250356 0.000101972 4.75348e-05
internal_weight=504221 1586 1369 1070 696 431 502635 487966 192443 184539 7904 2530 956 5374 900 678 182672 118471 64201 26060 118189 114080 38141 33674 15562 9299 6373 5556 73979 56277
internal_count=504221 1586 1369 1070 696 431 502635 487966 192443 184539 7904 2530 956 5374 900 678 182672 118471 64201 26060 118189 114080 38141 33674 15562 9299 6373 5556 73979 56277
is_linear=0
shrinkage=0.05


Tree=152
num_leaves=31
num_cat=0
split_feature=1 0 0 1 0 1 1 1 1 1 1 0 1 1 0 1 1 1 0 0 1 0 1 1 1 1 1 1 0 1
split_gain=0.0862165 0.158284 0.15504 0.171823 0.134801 0.173916 0.312127 0.217332 0.226731 0.495702 0.446234 0.367177 0.222648 0.23704 0.378053 0.466942 0.855361 0.307703 0.342058 0.290211 0.424107 0.128131 0.408677 0.477477 0.434456 0.23113 0.227103 0.222499 0.349076 0.905496
threshold=-73.499999999999986 53.750000000000007 63.250000000000007 -77.499999999999986 45.850000000000001 44.500000000000007 54.500000000000007 16.500000000000004 -1.0000000180025095e-35 -7.4999999999999991 -12.499999999999998 29.850000000000005 -16.499999999999996 -31.499999999999996 41.550000000000004 -40.499999999999993 -36.499999999999993 -66.499999999999986 29.850000000000005 29.850000000000005 -21.499999999999996 51.750000000000007 13.500000000000002 -51.499999999999993 40.500000000000007 31.500000000000004 -49.499999999999993 -21.499999999999996 75.950000000000017 -30.499999999999996
decision_type=2 2 2 2 2 2 2 2 2 2 2 2 2 2 2 2 2 2 2 2 2 2 2 2 2 2 2 2 2 2
left_child=1 -1 3 -3 5 7 -7 8 9 10 12 -10 13 14 15 17 -17 -2 -19 -15 -21 22 23 -6 25 -24 -23 28 29 -28
right_child=4 2 -4 -5 21 6 -8 -9 11 -11 -12 -13 -14 19 -16 16 -18 18 -20 20 -22 26 24 -25 -26 -27 27 -29 -30 -31
leaf_value=-0.00077240279777511241 -0.0013825798651267744 -0.00014911360077319606 -0.00084293230151643575 0.0016923986022071595 -0.00081680733508265868 0.0024494248652394781 0.00019333854216296658 -0.00053549112622552247 -0.00040261743341380286 -0.0016985225876318046 0.0023141100196035829 0.0020300090902572055 -0.0014103357944377634 0.0023060098179240726 0.00090944023746954107 -0.0036803369126264655 0.00018205459569102137 0.0019164987034290225 3.9027454398518849e-06 0.0011856171003324801 -0.0012839043894269336 0.00026425633833362824 -0.0013117672020538909 0.00057110524759905067 2.7962654669615652e-05 -0.0034120609837712031 0.00038791645005002831 5.7611209561211952e-06 -0.00023633088601393871 -0.0004426574632198228
leaf_weight=977 290 279 245 232 1013 235 441 1021 247 341 254 417 215 268 866 259 321 296 1112 551 254 8012 366 1596 440 204 8788 445495 23949 5237
leaf_count=977 290 279 245 232 1013 235 441 1021 247 341 254 417 215 268 866 259 321 296 1112 551 254 8012 366 1596 440 204 8788 445495 23949 5237
internal_value=-1.58407e-12 -0.000352061 0.000191158 0.000686955 1.2142e-06 0.000213215 0.000977629 0.000136227 0.000256737 0.000142037 0.000275975 0.0011251 0.000159168 0.000239188 2.01917e-05 -0.000317863 -0.0015427 0.000100515 0.000405983 0.00088087 0.000406414 -1.94932e-06 -0.000298371 3.22185e-05 -0.00115234 -0.00206345 2.33369e-07 -4.14199e-06 -0.000120321 7.77763e-05
internal_weight=504221 1733 756 511 502488 7388 676 6712 5691 5027 4686 664 4432 4217 3144 2278 580 1698 1408 1073 805 495100 3619 2609 1010 570 491481 483469 37974 14025
internal_count=504221 1733 756 511 502488 7388 676 6712 5691 5027 4686 664 4432 4217 3144 2278 580 1698 1408 1073 805 495100 3619 2609 1010 570 491481 483469 37974 14025
is_linear=0
shrinkage=0.05


Tree=153
num_leaves=31
num_cat=0
split_feature=0 1 0 0 1 0 0 0 1 0 0 0 1 1 0 0 1 1 1 0 1 0 1 0 0 0 0 1 1 1
split_gain=0.0843911 0.0796518 0.110758 0.099525 0.092188 0.398737 0.209658 0.170224 0.597396 0.147869 0.0829846 0.272102 0.692424 1.36533 1.26621 0.871739 0.569994 0.564404 0.724539 0.535351 2.48072 0.812111 0.495939 0.479526 0.474828 0.630977 1.65906 1.56904 2.71319 0.840238
threshold=115.45000000000002 64.500000000000014 98.65000000000002 95.250000000000014 56.500000000000007 100.05000000000001 79.850000000000009 82.550000000000011 58.500000000000007 51.750000000000007 95.65000000000002 98.550000000000011 14.500000000000002 18.500000000000004 97.15000000000002 97.65000000000002 20.500000000000004 21.500000000000004 31.500000000000004 98.850000000000009 37.500000000000007 99.050000000000011 19.500000000000004 96.850000000000009 102.15000000000002 101.65000000000002 101.45000000000002 37.500000000000007 34.500000000000007 41.500000000000007
decision_type=2 2 2 2 2 2 2 2 2 2 2 2 2 2 2 2 2 2 2 2 2 2 2 2 2 2 2 2 2 2
left_child=1 4 3 -3 10 6 9 8 -8 -6 -1 12 -12 14 -14 16 22 -13 -19 20 -20 -21 -15 -24 25 26 -23 28 -27 -29
right_child=-2 2 -4 -5 5 -7 7 -9 -10 -11 11 17 13 15 -16 -17 -18 18 19 21 -22 24 23 -25 -26 27 -28 29 -30 -31
leaf_value=-1.7603283598541881e-05 0.00078287208804774075 -0.00010224601768305765 -0.0011469480225763794 0.00058019891379567333 0.0011843348822595694 -0.0015779966168772818 0.0028886790697773296 0.00022461396232172494 0.0002423088635878833 -0.00015664432671380591 0.00032692746827748382 -7.1602358525251693e-05 -7.0628353441197102e-06 -0.00013792844646030874 -0.0020541676338822327 0.00058680757417167403 -0.00023237020773711551 0.0003119839849619944 -0.0045117944478988651 0.0017260461763188434 0.0010819244701250465 -0.00044218535061647411 0.0034170293004439551 0.00034402340118374144 0.00015947379527918206 -0.00014202065657878269 0.0026986134862856926 0.0026879604295951074 -0.0074439011703608393 -0.0014583211746662017
leaf_weight=279313 344 19872 248 549 215 335 279 8211 905 4690 22709 102246 1478 487 1545 6048 12194 25646 353 619 452 6025 293 224 7485 276 452 226 236 266
leaf_count=279313 344 19872 248 549 215 335 279 8211 905 4690 22709 102246 1478 487 1545 6048 12194 25646 353 619 452 6025 293 224 7485 276 452 226 236 266
internal_value=2.02476e-12 -5.3447e-07 -9.66543e-05 -8.38991e-05 3.57701e-06 0.000127153 0.000167098 0.000305432 0.000865905 -9.78654e-05 -2.8264e-07 2.52794e-05 0.000132657 -6.54523e-05 -0.0010533 8.97106e-05 -0.000138085 -8.19402e-06 0.000146037 -0.000113626 -0.00137097 -4.86816e-05 0.00100705 0.00208559 -0.000122085 -0.000403794 -0.000223003 -0.00157011 -0.00350773 0.000446272
internal_weight=504221 503877 20669 20421 483208 14635 14300 9395 1184 4905 468573 189260 44978 22269 3023 19246 13198 144282 42036 16390 805 15585 1004 517 14966 7481 6477 1004 512 492
internal_count=504221 503877 20669 20421 483208 14635 14300 9395 1184 4905 468573 189260 44978 22269 3023 19246 13198 144282 42036 16390 805 15585 1004 517 14966 7481 6477 1004 512 492
is_linear=0
shrinkage=0.05


Tree=154
num_leaves=31
num_cat=0
split_feature=0 1 1 0 1 0 0 1 1 0 0 1 1 1 0 1 0 1 0 0 0 0 1 1 1 1 1 0 1 0
split_gain=0.0782218 0.292405 0.443651 0.318702 0.305586 0.216829 0.358619 0.388742 0.100207 0.181877 0.356789 0.17981 0.148552 0.195666 0.148634 0.112637 0.0996394 0.0763605 0.142851 0.139924 0.169689 0.124537 0.15361 0.28516 0.196142 0.204625 0.450752 0.331378 0.173479 0.341193
threshold=110.45000000000002 -2.4999999999999996 1.5000000000000002 111.75000000000001 3.5000000000000004 115.45000000000002 114.35000000000001 6.5000000000000009 16.500000000000004 113.05000000000001 112.15000000000002 18.500000000000004 11.500000000000002 9.5000000000000018 110.85000000000001 11.500000000000002 111.45000000000002 -73.499999999999986 53.750000000000007 63.250000000000007 58.350000000000001 45.850000000000001 44.500000000000007 54.500000000000007 16.500000000000004 -1.0000000180025095e-35 -5.4999999999999991 29.850000000000005 -31.499999999999996 41.550000000000004
decision_type=2 2 2 2 2 2 2 2 2 2 2 2 2 2 2 2 2 2 2 2 2 2 2 2 2 2 2 2 2 2
left_child=17 3 -3 -2 -4 6 7 16 9 10 12 -10 13 -9 -14 -12 -6 18 -1 20 -20 22 24 -24 25 26 28 -27 29 -19
right_child=1 2 4 -5 5 -7 -8 8 11 -11 15 -13 14 -15 -16 -17 -18 21 19 -21 -22 -23 23 -25 -26 27 -28 -29 -30 -31
leaf_value=-0.00073290233907338418 -0.0020343410804319543 0.0017865254327521793 -0.0013541200133802007 0.00038207151678453882 0.0023522969584205545 0.001578360925126782 -0.0014621924953601303 -0.00010097351557803603 0.001363796979168673 0.00097729236626932134 -0.00080412717969265103 0.00014549355343891027 0.00064812707325120672 0.0017002359582624568 -0.00093395141181238793 -0.002444277611656991 0.00093573269326142168 -0.00030108985962890765 -0.00015788164316562185 -0.00079990527763658642 0.0016766731322339153 -4.181268897549767e-06 0.0023278338581006579 0.00017140992196982142 -0.00050783640906637963 -0.00038160645829038583 -0.0020514634301265081 0.0019293887956108122 0.00065214053286178839 0.00086484849108834749
leaf_weight=977 299 448 318 251 232 287 317 371 368 313 215 1711 217 254 470 204 267 2278 285 245 226 488558 235 441 1021 247 225 417 1658 866
leaf_count=977 299 448 318 251 232 287 317 371 368 313 215 1711 217 254 470 204 267 2278 285 245 226 488558 235 441 1021 247 225 417 1658 866
internal_value=1.53768e-12 0.000171768 0.000273043 -0.000931578 0.000150742 0.000242312 0.000164676 0.000276254 0.000116729 -0.00013187 -0.000332429 0.000361143 7.32356e-05 0.000631038 -0.000434226 -0.00160267 0.00159434 -2.2579e-06 -0.000333578 0.00018248 0.000653487 -1.10015e-06 0.00020265 0.000921054 0.000130295 0.00024478 0.000135816 0.00106973 0.000238302 2.00624e-05
internal_weight=504221 6542 5992 550 5544 5226 4939 4622 4123 2044 1731 2079 1312 625 687 419 499 497679 1733 756 511 495946 7388 676 6712 5691 5027 664 4802 3144
internal_count=504221 6542 5992 550 5544 5226 4939 4622 4123 2044 1731 2079 1312 625 687 419 499 497679 1733 756 511 495946 7388 676 6712 5691 5027 664 4802 3144
is_linear=0
shrinkage=0.05


Tree=155
num_leaves=31
num_cat=0
split_feature=0 1 1 1 0 0 1 0 0 1 0 0 1 1 1 0 0 1 0 1 1 1 0 1 1 0 1 0 0 1
split_gain=0.0761397 0.512963 0.614935 0.359467 1.07596 0.597761 1.2706 0.901716 0.495619 1.44515 0.842973 0.709866 1.41329 0.817188 0.619266 2.0608 0.513752 1.43255 0.891355 0.674395 0.641253 0.498866 0.429455 0.960401 1.0932 0.347895 0.872882 0.951892 1.79792 2.01887
threshold=102.85000000000001 24.500000000000004 47.500000000000007 28.500000000000004 103.15000000000002 103.45000000000002 26.500000000000004 107.05000000000001 103.85000000000001 36.500000000000007 103.45000000000002 104.45000000000002 31.500000000000004 38.500000000000007 33.500000000000007 103.45000000000002 106.25000000000001 37.500000000000007 107.85000000000001 35.500000000000007 33.500000000000007 31.500000000000004 105.85000000000001 40.500000000000007 36.500000000000007 100.45000000000002 36.500000000000007 101.05000000000001 100.65000000000002 43.500000000000007
decision_type=2 2 2 2 2 2 2 2 2 2 2 2 2 2 2 2 2 2 2 2 2 2 2 2 2 2 2 2 2 2
left_child=25 -2 3 5 -5 6 -3 -7 9 14 -11 12 -10 -14 15 -6 20 19 -19 -18 21 -13 23 24 -22 -1 -27 28 -28 -30
right_child=1 2 -4 4 8 7 -8 -9 11 10 -12 16 13 -15 -16 -17 17 18 -20 -21 22 -23 -24 -25 -26 26 27 -29 29 -31
leaf_value=5.7452802144262849e-06 -1.825688147934375e-05 -0.0028716281378891933 -0.0014731385226058923 0.0020319175986157727 0.0018234717942729004 0.0013805417185022829 0.0017191460111389196 1.1789403156002662e-05 -0.0013190895734088762 0.0038191297822036032 -0.00044187600435616897 -0.00047350771502930331 0.0035322268948305489 2.2709136828780174e-06 -0.0038623071695402474 -0.0035127706822258107 0.00020634987554812059 0.004646588555843263 0.00057234889257095549 -0.0022116315004763998 -0.0017947178748173123 0.0016076382441080621 -0.0033486716506953267 -0.0035136725294834647 0.0020133367429176967 -8.2717817131614286e-05 0.00087829877540551043 -0.00042705380719872842 -0.0068381540663540368 -0.00069974889509256716
leaf_weight=389485 61960 335 471 713 329 3114 274 1961 350 211 258 880 559 232 284 402 2335 286 253 329 407 428 226 268 351 34531 273 2174 300 242
leaf_count=389485 61960 335 471 713 329 3114 274 1961 350 211 258 880 559 232 284 402 2335 286 253 329 407 428 226 268 351 34531 273 2174 300 242
internal_value=-3.18904e-13 4.56907e-05 0.000305404 0.000362063 0.000167226 0.000674028 -0.000806157 0.00085165 8.72247e-06 -0.000820266 0.00147512 0.000186912 0.00132635 0.00249689 -0.00188089 -0.0011111 -3.86816e-05 0.000383368 0.00273419 -9.22672e-05 -0.000566739 0.000207479 -0.00137559 -0.000940968 -3.13575e-05 -8.26232e-06 -0.000153671 -0.000973377 -0.00243069 -0.00409739
internal_weight=504221 77216 15256 14785 9101 5684 609 5075 8388 1484 469 6904 1141 791 1015 731 5763 3203 539 2664 2560 1308 1252 1026 758 427005 37520 2989 815 542
internal_count=504221 77216 15256 14785 9101 5684 609 5075 8388 1484 469 6904 1141 791 1015 731 5763 3203 539 2664 2560 1308 1252 1026 758 427005 37520 2989 815 542
is_linear=0
shrinkage=0.05


Tree=156
num_leaves=31
num_cat=0
split_feature=0 0 1 1 1 1 1 1 1 1 0 0 0 1 1 0 0 1 0 1 0 1 1 1 1 1 0 0 0 0
split_gain=0.0780689 0.252401 0.445893 0.421487 0.2409 0.41044 0.641692 0.463179 0.234785 1.27943 1.46444 1.13713 1.13195 1.04992 0.978931 1.89833 1.9047 0.808779 0.788326 1.00566 1.23045 1.6392 0.87859 0.756949 0.845675 0.722899 0.779434 0.708069 0.670306 0.656711
threshold=89.65000000000002 89.050000000000011 1.5000000000000002 4.5000000000000009 8.5000000000000018 29.500000000000004 22.500000000000004 12.500000000000002 38.500000000000007 27.500000000000004 70.050000000000011 88.65000000000002 65.350000000000009 14.500000000000002 10.500000000000002 85.450000000000017 72.450000000000017 13.500000000000002 58.350000000000001 19.500000000000004 79.550000000000011 22.500000000000004 22.500000000000004 37.500000000000007 36.500000000000007 35.500000000000007 55.45000000000001 82.550000000000011 79.850000000000009 80.750000000000014
decision_type=2 2 2 2 2 2 2 2 2 2 2 2 2 2 2 2 2 2 2 2 2 2 2 2 2 2 2 2 2 2
left_child=1 8 -3 -4 -5 6 7 -6 9 13 12 -12 23 14 -1 16 -16 28 -15 -20 22 -22 -21 24 25 26 -11 -19 -18 -30
right_child=-2 2 3 4 5 -7 -8 -9 -10 10 11 -13 -14 18 15 -17 17 27 19 20 21 -23 -24 -25 -26 -27 -28 -29 29 -31
leaf_value=-1.2065185496128175e-05 1.7731930652431479e-05 0.00030462214739591063 -0.0023978829589383355 0.00077447866269026084 -0.0019128387974785381 -0.00014449672753361799 -0.0023197532642979767 0.00014944464678239602 7.9263042578251868e-05 -0.0013243983413737555 -0.00065588036123323664 0.0014393865261029403 0.0014963132211359804 -0.00086248107647468272 0.00034906690395444313 0.00081330126850234817 -0.0011727053393223133 -0.00119091405570861 0.00072861967538726501 -0.00011345181190527785 0.00058190743646432811 -0.00079810190878025456 0.001007434861498445 -0.0031324568569806276 0.0028387973546858663 -0.0031271544810716474 0.00087829319570571556 0.0014308588303163687 -0.0049470902273529458 -0.0021755579209087796
leaf_weight=105360 278222 2163 290 379 381 2818 687 954 53343 650 17795 672 1619 1422 1959 1938 1710 842 10489 2817 3433 5766 4608 204 242 202 1051 371 247 1587
leaf_count=105360 278222 2163 290 379 381 2818 687 954 53343 650 17795 672 1619 1422 1959 1938 1710 842 10489 2817 3433 5766 4608 204 242 202 1051 371 247 1587
internal_value=4.45389e-13 -2.18294e-05 -0.000303708 -0.000542556 -0.000439463 -0.000534521 -0.00107809 -0.000439117 -1.19242e-05 -4.1407e-05 -0.000392382 -0.000579635 0.000479093 1.38309e-05 -5.40544e-05 -0.000565261 -0.000963065 -0.00150342 0.000285072 0.000345258 0.000103375 -0.000283092 0.000582177 -0.000222005 5.4793e-05 -0.000299242 3.65827e-05 -0.000389036 -0.00188484 -0.00254882
internal_weight=504221 225999 7672 5509 5219 4840 2022 1335 218327 164984 22435 18467 3968 142549 114014 8654 6716 4757 28535 27113 16624 9199 7425 2349 2145 1903 1701 1213 3544 1834
internal_count=504221 225999 7672 5509 5219 4840 2022 1335 218327 164984 22435 18467 3968 142549 114014 8654 6716 4757 28535 27113 16624 9199 7425 2349 2145 1903 1701 1213 3544 1834
is_linear=0
shrinkage=0.05


Tree=157
num_leaves=31
num_cat=0
split_feature=1 0 0 1 1 0 1 0 0 1 0 0 0 0 0 0 0 0 1 0 0 0 1 0 0 1 0 0 0 0
split_gain=0.0778587 0.0960576 0.0905305 0.0793636 0.281781 0.732107 1.27113 1.00131 0.918075 1.00407 1.13502 1.04858 0.774907 0.647806 0.467144 0.760965 0.724989 0.663105 0.458068 0.896046 0.395951 1.02601 0.42849 0.385324 0.650469 0.398944 0.522647 0.376062 0.371747 0.602958
threshold=64.500000000000014 98.65000000000002 95.250000000000014 7.5000000000000009 12.500000000000002 88.450000000000017 9.5000000000000018 78.050000000000011 88.850000000000009 11.500000000000002 109.85000000000001 90.450000000000017 92.850000000000009 107.45000000000002 99.750000000000014 103.55000000000001 94.450000000000017 105.05000000000001 11.500000000000002 85.450000000000017 65.350000000000009 73.250000000000014 8.5000000000000018 86.850000000000009 84.250000000000014 10.500000000000002 81.350000000000009 105.55000000000001 95.250000000000014 96.350000000000009
decision_type=2 2 2 2 2 2 2 2 2 2 2 2 2 2 2 2 2 2 2 2 2 2 2 2 2 2 2 2 2 2
left_child=3 2 -2 -1 5 6 20 -8 -7 13 11 -11 -13 14 16 -16 -10 -17 23 -20 -5 22 -22 24 25 -9 -27 -19 -18 -30
right_child=1 -3 -4 4 -6 8 7 18 9 10 -12 12 -14 -15 15 17 28 27 19 -21 21 -23 -24 -25 -26 26 -28 -29 29 -31
leaf_value=-1.9304647803801267e-05 -0.0001006528025424701 -0.0010731455474723912 0.00055022415626990889 -0.00097652877922411313 1.7244367253400586e-06 0.0032343391357487396 4.5726458945038009e-05 -0.00025344159261954206 -0.00027692656907323405 -0.0022594675111273928 -0.0019812003799171826 0.0032311595045030118 0.0010118792780642678 0.00080857000999806574 -0.00069221325757174259 0.00094796870518209977 0.0017303201037226594 -0.0014739790995038924 -0.003015131621864761 -0.00014933723795927312 0.0035727996368462855 0.00022439468535931213 0.0011477177713330336 -0.0021823124210518527 0.00084450602161982829 -0.00059927239073471377 -0.0035433292956344345 1.68847586323669e-05 -0.00059185240295578226 0.00077902665613595247
leaf_weight=207471 19872 248 549 432 238998 262 2764 601 3808 228 328 432 4395 2820 4795 1822 669 541 785 418 349 3113 381 415 605 301 302 1939 1037 3541
leaf_count=207471 19872 248 549 432 238998 262 2764 601 3808 228 328 432 4395 2820 4795 1822 669 541 785 418 349 3113 381 415 605 301 302 1939 1037 3541
internal_value=9.25696e-12 -9.50331e-05 -8.31546e-05 4.06212e-06 2.16219e-05 0.00014986 -0.00020443 -0.000662321 0.00028917 0.000259891 0.000869047 0.00105399 0.0012105 0.000103536 -5.99474e-06 -0.000259058 0.000248242 0.000223737 -0.00123339 -0.00201937 0.000458683 0.000620018 0.00230711 -0.000808237 -0.000493012 -0.0011651 -0.00207374 -0.00030834 0.000629382 0.000468498
internal_weight=504221 20669 20421 483552 276081 37083 10466 6191 26617 26355 5383 5055 4827 20972 18152 9097 9055 4302 3427 1203 4275 3843 730 2224 1809 1204 603 2480 5247 4578
internal_count=504221 20669 20421 483552 276081 37083 10466 6191 26617 26355 5383 5055 4827 20972 18152 9097 9055 4302 3427 1203 4275 3843 730 2224 1809 1204 603 2480 5247 4578
is_linear=0
shrinkage=0.05


Tree=158
num_leaves=31
num_cat=0
split_feature=1 1 0 1 1 1 0 0 1 0 1 1 1 1 1 1 0 0 1 0 0 0 0 1 0 0 0 0 0 0
split_gain=0.0708091 0.0707305 0.13636 0.337602 0.159381 0.222924 0.128922 0.126283 0.155148 0.118949 0.420904 0.431217 0.295602 0.206632 0.203724 0.215137 0.290186 0.34018 0.230957 0.208749 0.207631 0.485764 0.800195 0.247785 0.360756 0.34294 0.235853 0.379033 0.226975 0.225176
threshold=68.500000000000014 -73.499999999999986 45.850000000000001 44.500000000000007 25.500000000000004 34.500000000000007 53.750000000000007 63.250000000000007 -77.499999999999986 51.750000000000007 13.500000000000002 -51.499999999999993 40.500000000000007 31.500000000000004 -49.499999999999993 -45.499999999999993 75.950000000000017 62.45000000000001 -47.499999999999993 68.65000000000002 86.050000000000011 83.250000000000014 80.750000000000014 -53.499999999999993 78.350000000000009 56.95000000000001 76.250000000000014 72.050000000000011 67.15000000000002 64.050000000000011
decision_type=2 2 2 2 2 2 2 2 2 2 2 2 2 2 2 2 2 2 2 2 2 2 2 2 2 2 2 2 2 2
left_child=1 6 3 4 -3 -6 -1 8 -8 10 11 -4 13 -12 20 16 17 18 -16 -19 21 22 23 24 28 -25 27 -27 29 -11
right_child=-2 2 9 -5 5 -7 7 -9 -10 14 12 -13 -14 -15 15 -17 -18 19 -20 -21 -22 -23 -24 25 -26 26 -28 -29 -30 -31
leaf_value=-0.00069497596270413345 -0.00010824385383703173 0.00021400406894842125 -0.00077359670256462181 0.0015420104290623934 -0.0014839615182940327 0.00031744368603764395 -0.0001723702502934309 -0.00075864102767438308 0.0015775057422960628 4.6855836119942371e-05 -0.0011999151888278015 0.00054536949649361551 -3.5617309690637699e-05 -0.0031857829467923033 -7.482712729747251e-05 1.5528655626559671e-06 -0.0012187114459950299 0.0011319826105865864 -0.0019775438275706921 -0.00021874417993317412 0.0014891966880282012 -0.0019492850558260296 0.0029567595154269422 0.002423677390271967 -0.0020527095072767113 0.00054335846871762848 0.0018415794631496806 -0.0015987326790179526 0.00057588014775043458 -0.00098937609889088304
leaf_weight=977 14669 6025 1013 453 346 341 279 245 232 2839 366 1596 333 204 322 466505 840 545 316 602 326 254 268 242 206 1144 244 252 1594 643
leaf_count=977 14669 6025 1013 453 346 341 279 245 232 2839 366 1596 333 204 322 466505 840 545 316 602 326 254 268 242 206 1144 244 252 1594 643
internal_value=4.649e-13 3.24343e-06 4.37621e-06 0.000220894 0.00013173 -0.000589814 -0.000315619 0.000174634 0.000622094 1.14863e-06 -0.000288774 3.32527e-05 -0.00121919 -0.00191065 3.2826e-06 -9.87039e-07 -0.000452369 -9.17376e-05 -0.00101724 0.000423057 0.000253285 0.000200864 0.000274348 0.000174001 -1.5241e-06 0.00066663 0.000407358 0.000156677 8.17194e-05 -0.000144499
internal_weight=504221 489552 487819 7165 6712 687 1733 756 511 480654 3512 2609 903 570 477142 469130 2625 1785 638 1147 8012 7686 7432 7164 5282 1882 1640 1396 5076 3482
internal_count=504221 489552 487819 7165 6712 687 1733 756 511 480654 3512 2609 903 570 477142 469130 2625 1785 638 1147 8012 7686 7432 7164 5282 1882 1640 1396 5076 3482
is_linear=0
shrinkage=0.05


Tree=159
num_leaves=31
num_cat=0
split_feature=0 1 1 0 1 0 0 1 1 0 0 1 1 1 0 1 0 0 1 1 1 1 0 1 0 0 0 1 0 0
split_gain=0.0692874 0.262672 0.401875 0.287628 0.274686 0.196049 0.322691 0.352675 0.0918621 0.164389 0.323462 0.162549 0.119865 0.173905 0.134706 0.0948389 0.0899246 0.0754768 0.267326 0.106759 0.142161 0.0617245 0.0869422 0.0864261 0.288358 0.192951 0.152617 0.53915 0.124019 0.0814978
threshold=110.45000000000002 -2.4999999999999996 1.5000000000000002 111.75000000000001 3.5000000000000004 115.45000000000002 114.35000000000001 6.5000000000000009 16.500000000000004 113.05000000000001 112.15000000000002 18.500000000000004 11.500000000000002 9.5000000000000018 110.85000000000001 11.500000000000002 111.45000000000002 110.85000000000001 20.500000000000004 30.500000000000004 22.500000000000004 64.500000000000014 98.65000000000002 56.500000000000007 100.05000000000001 79.850000000000009 82.550000000000011 58.500000000000007 51.750000000000007 95.250000000000014
decision_type=2 2 2 2 2 2 2 2 2 2 2 2 2 2 2 2 2 2 2 2 2 2 2 2 2 2 2 2 2 2
left_child=21 3 -3 -2 -4 6 7 16 9 10 12 -10 13 -9 -14 -12 -6 -13 -19 20 -20 23 29 -1 25 28 27 -27 -25 -23
right_child=1 2 4 -5 5 -7 -8 8 11 -11 15 17 14 -15 -16 -17 -18 18 19 -21 -22 22 -24 24 -26 26 -28 -29 -30 -31
leaf_value=-2.2456665174117177e-06 -0.0019317098397973389 0.0016981130948157182 -0.0012855001660825322 0.00036388179992299631 0.0022355960433146564 0.001498481529385163 -0.0013889830918837199 -0.00012335059335932258 0.0012954694718760238 0.00092460812320903005 -0.00079727711849087899 -0.00049949019760544839 0.00064025565269424625 0.0015747442599532643 -0.00086587455980677872 -0.0023022749312861146 0.00088986003220304581 -0.0010800977193496444 0.0014278083547525774 0.0016522271763831039 2.2658137104296981e-06 -9.201826656143876e-05 -0.0010172637228313232 0.0010750675568395012 -0.0013355630581794555 0.00274004007833192 0.00021118443343466718 0.00022598820126188397 -0.00015301732450377165 0.00052553523689820574
leaf_weight=462378 299 448 318 251 232 287 317 371 368 313 215 366 217 254 470 204 267 275 246 219 605 19872 248 215 332 279 8211 905 4690 549
leaf_count=462378 299 448 318 251 232 287 317 371 368 313 215 366 217 254 470 204 267 275 246 219 605 19872 248 215 332 279 8211 905 4690 549
internal_value=-1.90566e-12 0.000161661 0.000257649 -0.000884085 0.000141248 0.000228065 0.000154243 0.000260085 0.00010814 -0.000129883 -0.000320556 0.000342156 6.56985e-05 0.000566755 -0.000390139 -0.00153002 0.00151553 0.000137118 0.000310351 0.00066771 0.00041435 -2.12504e-06 -8.67168e-05 1.54035e-06 0.00012118 0.000155001 0.000287709 0.000818404 -9.91869e-05 -7.54159e-05
internal_weight=504221 6542 5992 550 5544 5226 4939 4622 4123 2044 1731 2079 1312 625 687 419 499 1711 1345 1070 851 497679 20669 477010 14632 14300 9395 1184 4905 20421
internal_count=504221 6542 5992 550 5544 5226 4939 4622 4123 2044 1731 2079 1312 625 687 419 499 1711 1345 1070 851 497679 20669 477010 14632 14300 9395 1184 4905 20421
is_linear=0
shrinkage=0.05


Tree=160
num_leaves=31
num_cat=0
split_feature=0 1 1 0 1 0 0 1 1 0 0 1 1 1 0 1 0 0 1 1 1 1 0 0 1 0 1 0 1 0
split_gain=0.0625319 0.237062 0.362692 0.259585 0.247904 0.176934 0.291229 0.318289 0.0829056 0.148361 0.291925 0.1467 0.108178 0.156949 0.121572 0.0855921 0.0811569 0.0681178 0.241262 0.0963501 0.128301 0.0616529 0.117891 0.245296 0.110716 0.229273 0.328411 0.294201 0.280742 0.455416
threshold=110.45000000000002 -2.4999999999999996 1.5000000000000002 111.75000000000001 3.5000000000000004 115.45000000000002 114.35000000000001 6.5000000000000009 16.500000000000004 113.05000000000001 112.15000000000002 18.500000000000004 11.500000000000002 9.5000000000000018 110.85000000000001 11.500000000000002 111.45000000000002 110.85000000000001 20.500000000000004 30.500000000000004 22.500000000000004 -73.499999999999986 58.350000000000001 63.250000000000007 -49.499999999999993 76.250000000000014 -61.499999999999993 74.050000000000011 -51.499999999999993 62.45000000000001
decision_type=2 2 2 2 2 2 2 2 2 2 2 2 2 2 2 2 2 2 2 2 2 2 2 2 2 2 2 2 2 2
left_child=21 3 -3 -2 -4 6 7 16 9 10 12 -10 13 -9 -14 -12 -6 -13 -19 20 -20 22 -1 -24 25 27 -27 28 -23 -30
right_child=1 2 4 -5 5 -7 -8 8 11 -11 15 17 14 -15 -16 -17 -18 18 19 -21 -22 24 23 -25 -26 26 -28 -29 29 -31
leaf_value=-0.000551663906787258 -0.0018351246282009776 0.0016132075572386384 -0.0012212250041980415 0.00034568775519431823 0.0021238160737115761 0.001423557478616514 -0.0013195338436440575 -0.00011718287571983518 0.0012306961147418329 0.00087837758325278381 -0.00075741322277936827 -0.00047451574355363848 0.00060824286992005011 0.001496007061732097 -0.00082258080528613102 -0.0021871610498968878 0.00084536700659476865 -0.0010260928950526498 0.0013564179522719811 0.0015696158759151352 2.1525171839378098e-06 2.508445557964073e-05 0.0015633630442672072 -0.00072059689127669047 -4.4947702525721333e-06 0.0021873728360061523 0.00035458445246960667 -0.0012493760876485698 0.0019643915215815148 -0.00017214155014680358
leaf_weight=1262 299 448 318 251 232 287 317 371 368 313 215 366 217 254 470 204 267 275 246 219 605 7852 226 245 485197 308 1184 407 508 490
leaf_count=1262 299 448 318 251 232 287 317 371 368 313 215 366 217 254 470 204 267 275 246 219 605 7852 226 245 485197 308 1184 407 508 490
internal_value=2.42649e-12 0.000153578 0.000244767 -0.000839881 0.000134186 0.000216662 0.000146531 0.000247081 0.000102733 -0.000123388 -0.000304528 0.000325048 6.24136e-05 0.000538418 -0.000370632 -0.00145352 0.00143976 0.000130262 0.000294834 0.000634324 0.000393632 -2.01879e-06 -0.000299727 0.000375316 -9.78497e-07 0.000157742 0.000732935 6.5035e-05 0.000125483 0.000915392
internal_weight=504221 6542 5992 550 5544 5226 4939 4622 4123 2044 1731 2079 1312 625 687 419 499 1711 1345 1070 851 497679 1733 471 495946 10749 1492 9257 8850 998
internal_count=504221 6542 5992 550 5544 5226 4939 4622 4123 2044 1731 2079 1312 625 687 419 499 1711 1345 1070 851 497679 1733 471 495946 10749 1492 9257 8850 998
is_linear=0
shrinkage=0.05


Tree=161
num_leaves=31
num_cat=0
split_feature=0 1 1 0 0 0 1 1 1 0 0 1 0 0 1 1 0 1 1 0 0 1 1 0 1 0 0 0 1 0
split_gain=0.0617571 0.233987 1.48189 1.06467 1.08048 0.812861 0.871614 0.714331 0.856542 1.44519 1.76466 0.814454 2.31128 1.10445 0.774063 0.752985 0.676572 0.892886 0.659819 0.745878 0.562267 0.558341 0.552423 0.542705 0.530773 0.78604 0.588977 0.524904 0.495276 0.494072
threshold=89.65000000000002 36.500000000000007 27.500000000000004 69.050000000000011 64.65000000000002 76.550000000000011 29.500000000000004 14.500000000000002 10.500000000000002 84.850000000000009 71.250000000000014 21.500000000000004 79.550000000000011 71.250000000000014 18.500000000000004 12.500000000000002 88.65000000000002 22.500000000000004 32.500000000000007 77.750000000000014 69.050000000000011 5.5000000000000009 18.500000000000004 68.65000000000002 13.500000000000002 79.850000000000009 82.550000000000011 80.750000000000014 12.500000000000002 73.65000000000002
decision_type=2 2 2 2 2 2 2 2 2 2 2 2 2 2 2 2 2 2 2 2 2 2 2 2 2 2 2 2 2 2
left_child=1 2 7 4 -4 6 29 8 21 10 -10 13 20 14 -9 -11 17 -14 -7 -20 -13 -1 -15 -23 25 28 -26 -27 -12 -5
right_child=-2 -3 3 5 -6 18 -8 11 9 15 24 12 16 22 -16 -17 -18 -19 19 -21 -22 23 -24 -25 26 27 -28 -29 -30 -31
leaf_value=-5.0834143265810105e-05 1.5771050654279337e-05 6.5949555149863811e-05 -0.0003677389157848298 0.0012049330932870194 0.0015937878747096881 -0.0007385969145686077 -0.0016954867413683475 -0.0011005881792706367 0.00047223938654486226 -0.00041918906929371621 -0.00046071998682163212 -3.3953908554933692e-05 0.00087039158464624329 0.00094642960734761864 0.00050188797819552048 0.0012815825826639131 -0.0018981778044331685 -0.00072841002385805504 0.0022363030506016386 -0.0001664004712390206 0.0009802064711057878 -0.00050695382321582123 0.00028736254639394392 0.00046082614168445639 -0.0011108888702934796 -0.0046381610849125666 0.001519355076036865 -0.0021398614918940319 -0.0021669324124290509 -0.0012028749772282534
leaf_weight=96891 278222 59234 1742 474 1176 7362 2812 1701 1683 1238 1284 2025 1040 7471 1353 1372 954 5447 344 5292 4204 1700 5535 9796 908 247 278 1413 636 387
leaf_count=96891 278222 59234 1742 474 1176 7362 2812 1701 1683 1238 1284 2025 1040 7471 1353 1372 954 5447 344 5292 4204 1700 5535 9796 908 247 278 1413 636 387
internal_value=-1.25184e-12 -1.94154e-05 -4.97365e-05 -0.00045828 0.000422787 -0.000612497 -0.00126928 4.64025e-06 -5.07814e-05 -0.000517843 -0.000919602 0.000223579 -6.00785e-05 0.000465024 -0.00039065 0.000474856 -0.000654926 -0.000472089 -0.000426901 -1.97486e-05 0.000650511 -1.17444e-05 0.000665949 0.000317713 -0.0014111 -0.0017148 -0.000494356 -0.0025116 -0.0010259 0.000122678
internal_weight=504221 225999 166765 19589 2918 16671 3673 147176 117446 9059 6449 29730 13670 16060 3054 2610 7441 6487 12998 5636 6229 108387 13006 11496 4766 3580 1186 1660 1920 861
internal_count=504221 225999 166765 19589 2918 16671 3673 147176 117446 9059 6449 29730 13670 16060 3054 2610 7441 6487 12998 5636 6229 108387 13006 11496 4766 3580 1186 1660 1920 861
is_linear=0
shrinkage=0.05


Tree=162
num_leaves=31
num_cat=0
split_feature=1 0 1 0 0 0 0 1 0 0 1 1 0 0 1 0 0 1 0 0 1 1 1 0 0 1 1 1 1 1
split_gain=0.0625454 0.134936 0.10306 0.274015 0.208761 0.105902 0.104338 0.413141 0.0659207 0.0630704 0.523472 0.407383 0.981267 0.540261 1.14672 0.810106 0.411697 1.18367 1.13944 0.843003 1.30002 1.00526 0.558888 1.85987 0.412228 0.691356 0.83212 0.642226 0.609667 0.450226
threshold=62.500000000000007 98.65000000000002 56.500000000000007 100.05000000000001 78.65000000000002 77.450000000000017 82.550000000000011 58.500000000000007 95.450000000000017 102.85000000000001 24.500000000000004 28.500000000000004 103.15000000000002 103.45000000000002 26.500000000000004 107.05000000000001 103.85000000000001 36.500000000000007 103.55000000000001 104.45000000000002 31.500000000000004 40.500000000000007 33.500000000000007 103.45000000000002 106.25000000000001 37.500000000000007 41.500000000000007 33.500000000000007 35.500000000000007 31.500000000000004
decision_type=2 2 2 2 2 2 2 2 2 2 2 2 2 2 2 2 2 2 2 2 2 2 2 2 2 2 2 2 2 2
left_child=2 8 9 4 5 -4 7 -6 -2 -1 -11 13 -13 14 -12 -15 17 22 -19 20 -18 -22 23 -14 27 28 -27 29 -26 -21
right_child=1 -3 3 -5 6 -7 -8 -9 -10 10 11 12 16 15 -16 -17 19 18 -20 24 21 -23 -24 -25 25 26 -28 -29 -30 -31
leaf_value=-7.8010501642673175e-06 -7.8133916657182429e-05 -0.0010368527309986433 -4.0157497815346727e-05 -0.001420888463035226 0.0020979881669128584 -0.00095293517132670122 0.0002543753480411734 0.00013694908264653207 0.00043478081355692805 -2.2691004703840121e-05 -0.0027295487563111891 0.0018292356920145984 0.0017307965597279347 0.0013100126107335039 0.0016316871260748291 1.2651248276993548e-05 -0.0012546373999544553 0.0030389060106429072 -0.0016538319216199118 -0.00045133432669734416 0.0033582424446128053 -0.00055812262972308832 -0.0036706938139412187 -0.003338633971555224 0.00018514763297636773 0.0033117829360255675 -0.00051470288091291815 -0.0013587217042767214 -0.002113869533758033 0.0015257542822335927
leaf_weight=391837 22959 362 3030 270 392 355 6439 853 644 61960 335 758 329 3114 274 1961 350 316 219 880 642 220 284 402 2335 357 236 1351 329 428
leaf_count=391837 22959 362 3030 270 392 355 6439 853 644 61960 335 758 329 3114 274 1961 350 316 219 880 642 220 284 402 2335 357 236 1351 329 428
internal_value=3.41246e-12 -7.88324e-05 3.93378e-06 0.000152883 0.000191271 -0.000135885 0.000335392 0.000754401 -6.41392e-05 3.31994e-07 4.16764e-05 0.000305447 0.000104014 0.000639844 -0.000767351 0.000808707 -4.6679e-05 -0.000785207 0.00111795 0.000113916 0.00131525 0.00235871 -0.00178835 -0.00105704 -0.000132199 0.000244917 0.00178893 -0.000594127 -9.87775e-05 0.000195603
internal_weight=504221 23965 480256 11339 11069 3385 7684 1245 23603 468917 77080 15120 9436 5684 609 5075 8678 1550 535 7128 1212 862 1015 731 5916 3257 593 2659 2664 1308
internal_count=504221 23965 480256 11339 11069 3385 7684 1245 23603 468917 77080 15120 9436 5684 609 5075 8678 1550 535 7128 1212 862 1015 731 5916 3257 593 2659 2664 1308
is_linear=0
shrinkage=0.05


Tree=163
num_leaves=31
num_cat=0
split_feature=1 1 1 0 1 0 0 1 0 0 0 0 0 0 0 0 0 0 0 0 0 1 1 0 0 0 0 0 1 0
split_gain=0.0573781 0.0635571 0.268433 0.639585 1.06807 0.842183 0.825601 0.917267 0.999079 0.939939 0.699154 0.568996 0.419844 0.687731 0.66611 0.598452 0.402336 0.39341 0.408075 0.785442 0.444544 0.386487 0.380541 0.764207 0.361732 0.570489 0.34687 0.339396 0.321765 0.313349
threshold=68.500000000000014 7.5000000000000009 12.500000000000002 88.450000000000017 9.5000000000000018 78.050000000000011 88.850000000000009 11.500000000000002 109.85000000000001 90.450000000000017 92.850000000000009 107.45000000000002 99.750000000000014 103.55000000000001 93.250000000000014 105.05000000000001 91.65000000000002 87.450000000000017 65.350000000000009 73.250000000000014 78.950000000000017 8.5000000000000018 11.500000000000002 85.450000000000017 86.850000000000009 84.250000000000014 83.65000000000002 105.55000000000001 8.5000000000000018 82.550000000000011
decision_type=2 2 2 2 2 2 2 2 2 2 2 2 2 2 2 2 2 2 2 2 2 2 2 2 2 2 2 2 2 2
left_child=1 -1 3 4 17 -6 -5 11 9 -9 -11 12 14 -14 16 -15 -8 18 -3 21 -21 -20 24 26 25 29 -24 -17 -18 -7
right_child=-2 2 -4 6 5 22 7 8 -10 10 -12 -13 13 15 -16 27 28 -19 19 20 -22 -23 23 -25 -26 -27 -28 -29 -30 -31
leaf_value=-1.8087178778100845e-05 -9.7438758211651312e-05 -0.00090544068220037007 -6.0585489245029156e-07 0.0030668568918268192 4.2218563460924174e-05 -0.00053845489853351534 7.7815691652508229e-05 -0.0021351869610187254 -0.0018457085322114192 0.0030694622908615404 0.00096144768908119644 0.00075749918732607199 -0.00065760582339259436 0.00090117563685743717 0.00052857898256586063 -0.0013996748634150973 -0.0025473436781180067 -0.001412441138259686 0.0033864647790490727 -0.0005148742985276244 0.0008004965957737637 0.001083307574427347 -0.0021502337788474072 -0.00012026101921163678 -0.0020747019224856274 0.00081466061640376888 -0.0045583833823911847 1.6645774199152314e-05 -0.0006250995771454722 -0.0022975418552015369
leaf_weight=207471 14669 432 244998 262 2764 842 1769 228 328 432 4395 2820 4795 1822 6167 541 296 274 349 982 1857 381 584 418 415 605 201 1939 823 362
leaf_count=207471 14669 432 244998 262 2764 842 1769 228 328 432 4395 2820 4795 1822 6167 541 296 274 349 982 1857 381 584 418 415 605 201 1939 823 362
internal_value=2.8311e-12 2.91967e-06 1.83702e-05 0.00014374 -0.000187407 -0.000607134 0.00027395 0.000246185 0.000828415 0.00100193 0.00115011 9.67411e-05 -5.91086e-06 -0.00024582 0.000235111 0.000213155 -0.000391556 0.000420438 0.000545959 0.00072164 0.000345514 0.00218441 -0.00113086 -0.00184725 -0.000743355 -0.000437932 -0.00276684 -0.000292318 -0.00113358 -0.00106735
internal_weight=504221 489552 282081 37083 10466 6191 26617 26355 5383 5055 4827 20972 18152 9097 9055 4302 2888 4275 4001 3569 2839 730 3427 1203 2224 1809 785 2480 1119 1204
internal_count=504221 489552 282081 37083 10466 6191 26617 26355 5383 5055 4827 20972 18152 9097 9055 4302 2888 4275 4001 3569 2839 730 3427 1203 2224 1809 785 2480 1119 1204
is_linear=0
shrinkage=0.05


Tree=164
num_leaves=31
num_cat=0
split_feature=0 1 1 0 1 0 0 1 1 1 1 1 0 0 1 0 0 1 1 1 1 0 0 0 1 0 0 1 1 1
split_gain=0.0552351 0.212676 0.328876 0.234275 0.222582 0.160281 0.261847 0.289197 0.0783191 0.252864 0.199403 0.171476 0.110495 0.0732442 0.0541519 0.11333 0.111047 0.116287 0.247623 0.148273 0.107055 0.477611 0.631426 0.794919 0.565296 0.329107 0.128087 0.48728 0.751533 0.311946
threshold=110.45000000000002 -2.4999999999999996 1.5000000000000002 111.75000000000001 3.5000000000000004 115.45000000000002 114.35000000000001 6.5000000000000009 13.500000000000002 11.500000000000002 9.5000000000000018 12.500000000000002 111.75000000000001 111.45000000000002 -73.499999999999986 45.850000000000001 45.850000000000001 44.500000000000007 54.500000000000007 37.500000000000007 -66.499999999999986 70.850000000000009 64.050000000000011 59.550000000000004 -69.499999999999986 53.750000000000007 55.45000000000001 -57.499999999999993 1.0000000180025095e-35 45.500000000000007
decision_type=2 2 2 2 2 2 2 2 2 2 2 2 2 2 2 2 2 2 2 2 2 2 2 2 2 2 2 2 2 2
left_child=14 3 -3 -2 -4 6 7 13 9 10 12 -11 -9 -6 15 -1 17 19 -19 -16 21 22 23 24 25 -18 27 -22 -29 -30
right_child=1 2 4 -5 5 -7 -8 8 -10 11 -12 -13 -14 -15 16 -17 20 18 -20 -21 26 -23 -24 -25 -26 -27 -28 28 29 -31
leaf_value=-0.00092951204589347258 -0.0017421177971522546 0.0015337973766561066 -0.001158913401828247 0.00032965366940099406 0.0020188757097990865 0.0013522592532198604 -0.0012533309107443632 0.00028959489172965383 0.00025166487389162955 -0.0021580391280385893 0.0011100361104770967 -0.0001829084656048269 -0.0010998788584937465 0.00080434882852915075 0.0001704437381585775 -2.8845916788738508e-05 0.0011478587208936613 0.0021274649288426056 0.00011797472190475114 -0.0011888664854681433 -0.001313365155068702 -0.001730944998562336 0.0032080880763017544 -0.0023478635743392254 0.002511027107073295 -0.0015108549983891767 -2.0711380688249453e-06 0.00045160851669474617 -0.0010456215248566922 0.00012120319631498429
leaf_weight=485 299 448 318 251 232 287 317 311 2713 227 394 213 265 267 6505 1248 240 235 441 207 887 220 223 226 353 226 480255 3265 1829 834
leaf_count=485 299 448 318 251 232 287 317 311 2713 227 394 213 265 267 6505 1248 240 235 441 207 887 220 223 226 353 226 480255 3265 1829 834
internal_value=-7.88105e-13 0.00014434 0.000230711 -0.000796637 0.000125411 0.000203562 0.000136813 0.000232156 9.45629e-05 -0.000207719 0.000243248 -0.0012019 -0.00034966 0.00136902 -1.89735e-06 -0.000280908 -9.22398e-07 0.000191476 0.00081654 0.000128522 -3.83185e-06 0.000419626 0.000792754 0.000277328 0.00100174 -0.00014156 -5.12552e-06 -0.000220369 -5.68246e-05 -0.000680195
internal_weight=504221 6542 5992 550 5544 5226 4939 4622 4123 1410 970 440 576 499 497679 1733 495946 7388 676 6712 488558 1488 1268 1045 819 466 487070 6815 5928 2663
internal_count=504221 6542 5992 550 5544 5226 4939 4622 4123 1410 970 440 576 499 497679 1733 495946 7388 676 6712 488558 1488 1268 1045 819 466 487070 6815 5928 2663
is_linear=0
shrinkage=0.05


Tree=165
num_leaves=31
num_cat=0
split_feature=1 0 1 0 0 0 1 0 0 0 1 1 1 0 1 0 1 1 1 0 1 0 0 1 0 0 0 0 0 1
split_gain=0.0522099 0.0909067 0.0751939 0.26728 0.171095 0.190661 0.37746 0.0840117 0.0692583 0.0563684 0.338773 0.421366 0.216721 0.216123 0.19629 0.182454 0.150371 0.0862313 0.745335 0.532642 0.387076 0.241598 0.168195 0.189593 0.372619 0.280571 0.200272 0.50951 0.151499 0.287882
threshold=63.500000000000007 98.65000000000002 56.500000000000007 100.05000000000001 79.850000000000009 82.550000000000011 58.500000000000007 56.95000000000001 95.450000000000017 109.85000000000001 -6.4999999999999991 -10.499999999999998 1.5000000000000002 112.15000000000002 2.5000000000000004 110.45000000000002 -1.4999999999999998 15.500000000000002 14.500000000000002 114.35000000000001 18.500000000000004 110.05000000000001 113.05000000000001 5.5000000000000009 110.85000000000001 112.15000000000002 111.15000000000002 110.65000000000002 110.85000000000001 29.500000000000004
decision_type=2 2 2 2 2 2 2 2 2 2 2 2 2 2 2 2 2 2 2 2 2 2 2 2 2 2 2 2 2 2
left_child=2 8 9 4 7 6 -6 -4 -2 -1 11 -11 13 15 -14 -12 -17 18 19 21 -19 -16 23 24 -23 26 27 -25 29 -22
right_child=1 -3 3 -5 5 -7 -8 -9 -10 10 12 -13 14 -15 17 16 -18 20 -20 -21 28 22 -24 25 -26 -27 -28 -29 -30 -31
leaf_value=-2.2276143139926428e-06 -7.756041438757369e-05 -0.00094974572291456328 0.00064450009738876751 -0.0013432589488251037 0.0024951997026133495 0.00019882871850959144 0.00034676119794740403 -0.0001634615660594202 0.00048473240895481823 0.00025640878683099382 0.0014684213257401529 -0.0026489001667747893 -0.0014293717238867637 0.002114143737948927 0.0017832369496228928 -0.0010403578374850548 0.00077884077481483224 0.0012632495788759059 -0.0023672350830003671 -0.0018176893203600544 -1.2548853922406492e-05 -0.0023801102847364791 0.001331647070037434 0.0011806849360626486 0.00035945685520287485 -0.00092081955696492559 0.0013798933604922358 -0.0011114436917306402 0.0003392157095200114 -0.0020696393850930905
leaf_weight=460144 21416 293 350 304 279 7351 765 3984 562 260 274 240 202 266 285 236 219 841 309 298 814 207 320 568 310 358 568 423 1560 215
leaf_count=460144 21416 293 350 304 279 7351 765 3984 562 260 274 240 202 266 285 236 219 841 309 298 814 207 320 568 310 358 568 423 1560 215
internal_value=-5.91903e-13 -7.48458e-05 3.45864e-06 0.000121923 0.000156915 0.000288627 0.000920913 -9.82132e-05 -6.3182e-05 1.6607e-07 0.000125715 -0.00113814 0.000202099 0.000894222 0.000107477 0.000449093 -0.000164744 0.000151349 -1.79469e-05 0.000199593 0.000331307 0.000397405 0.000253991 0.00011231 -0.00073743 0.000341479 0.000631346 0.000202309 2.85783e-05 -0.000442359
internal_weight=504221 22271 481950 13033 12729 8395 1044 4334 21978 468917 8773 500 8273 995 7278 729 455 7076 3646 3337 3430 3039 2754 2434 517 1917 1559 991 2589 1029
internal_count=504221 22271 481950 13033 12729 8395 1044 4334 21978 468917 8773 500 8273 995 7278 729 455 7076 3646 3337 3430 3039 2754 2434 517 1917 1559 991 2589 1029
is_linear=0
shrinkage=0.05


Tree=166
num_leaves=31
num_cat=0
split_feature=1 1 0 1 0 1 0 0 0 0 0 1 0 0 0 1 1 0 0 1 0 1 0 1 0 0 0 0 1 1
split_gain=0.0494955 0.102509 0.211419 0.306435 0.261233 0.251459 0.407446 0.230836 0.196979 0.165414 0.205224 0.150562 0.3325 0.162668 0.151557 0.138244 0.309483 0.49121 0.34425 0.469517 0.19737 0.174248 0.135068 0.109431 0.456046 0.458928 0.193728 0.114406 0.297585 0.22131
threshold=-73.499999999999986 -49.499999999999993 76.250000000000014 -61.499999999999993 74.050000000000011 -51.499999999999993 62.45000000000001 55.45000000000001 72.450000000000017 71.250000000000014 68.65000000000002 -55.499999999999993 79.850000000000009 86.050000000000011 81.65000000000002 -45.499999999999993 -46.499999999999993 70.450000000000017 62.45000000000001 -47.499999999999993 58.350000000000001 -48.499999999999993 67.15000000000002 -43.499999999999993 78.050000000000011 62.45000000000001 83.250000000000014 35.850000000000001 -33.499999999999993 -5.4999999999999991
decision_type=2 2 2 2 2 2 2 2 2 2 2 2 2 2 2 2 2 2 2 2 2 2 2 2 2 2 2 2 2 2
left_child=-1 2 4 -4 5 8 7 -7 9 10 -2 14 -13 -14 -5 16 17 18 20 -20 21 -3 -8 24 25 -17 -26 28 -25 -30
right_child=1 15 3 11 -6 6 22 -9 -10 -11 -12 12 13 -15 -16 23 -18 -19 19 -21 -22 -23 -24 27 26 -27 -28 -29 29 -31
leaf_value=-0.00026675100984837507 -5.0685156612669319e-05 0.0015997477277529008 0.0021109418991904754 -0.0013866544345726714 -0.0011739359001562697 0.00093729683037461911 -0.0011341903105522822 0.0030907049330822921 0.0013665747642517092 -0.0012849858880043031 0.00097346752033740348 0.0022595461728351731 -0.00065077750092269455 0.0011549551630079156 0.00054089156771773724 -0.00023101613284926692 -0.0011598315224266398 -0.00094168082502546621 0.00040128283138603053 0.0034114862529976858 -0.0012525509851487729 -0.00019898432485684003 0.00054752268684162225 -0.00099821189580617917 -0.0019627088123661839 0.0016848915401766057 8.5205635415357465e-05 -3.5959017338136137e-06 0.001084068982122658 0.00013092015010233109
leaf_weight=1733 6810 204 308 207 407 290 206 218 265 250 527 248 326 202 201 539 832 909 349 206 253 396 284 379 234 744 228 483907 999 1560
leaf_count=1733 6810 204 308 207 407 290 206 218 265 250 527 248 326 202 201 539 832 909 349 206 253 396 284 379 234 744 228 483907 999 1560
internal_value=-4.28884e-12 9.19977e-07 0.000153667 0.00070601 6.46428e-05 0.000121603 0.000869181 0.0018614 2.65852e-05 -2.02181e-05 2.28774e-05 0.000340538 0.000749375 4.0052e-05 -0.000437055 -2.41894e-06 -0.000332645 -3.56144e-05 0.000549339 0.00151858 -8.1295e-05 0.000412585 -0.000159483 -2.9061e-07 0.000394954 0.000880001 -0.00095205 -1.70729e-06 0.000309359 0.000503017
internal_weight=504221 502488 10749 1492 9257 8850 998 508 7852 7587 7337 1184 776 528 408 491739 3149 2317 1408 555 853 600 490 488590 1745 1283 462 486845 2938 2559
internal_count=504221 502488 10749 1492 9257 8850 998 508 7852 7587 7337 1184 776 528 408 491739 3149 2317 1408 555 853 600 490 488590 1745 1283 462 486845 2938 2559
is_linear=0
shrinkage=0.05


Tree=167
num_leaves=31
num_cat=0
split_feature=1 0 1 1 1 0 1 1 0 1 0 1 0 0 1 1 0 0 0 1 1 0 1 1 1 0 1 1 1 1
split_gain=0.0484882 0.201071 0.309952 0.32683 0.273254 0.54326 0.35249 0.345009 0.277238 0.417609 0.501236 0.31388 0.265584 0.248754 0.245639 0.194307 0.17692 0.160508 0.159606 0.424445 0.395697 0.24373 0.194471 0.703476 0.221043 0.150776 0.413278 0.654193 0.33101 0.26664
threshold=-17.499999999999996 69.050000000000011 -61.499999999999993 -66.499999999999986 -25.499999999999996 67.15000000000002 -39.499999999999993 -57.499999999999993 64.050000000000011 -59.499999999999993 49.250000000000007 -61.499999999999993 65.350000000000009 58.350000000000001 -48.499999999999993 -29.499999999999996 60.550000000000004 76.250000000000014 53.750000000000007 -63.499999999999993 -63.499999999999993 60.550000000000004 -66.499999999999986 -69.499999999999986 -73.499999999999986 35.850000000000001 -33.499999999999993 -40.499999999999993 -48.499999999999993 -29.499999999999996
decision_type=2 2 2 2 2 2 2 2 2 2 2 2 2 2 2 2 2 2 2 2 2 2 2 2 2 2 2 2 2 2
left_child=1 4 3 -3 5 7 14 8 9 11 -11 18 -10 -6 -7 -8 -15 -5 19 -1 21 22 23 24 -20 26 27 28 -9 -27
right_child=-2 2 -4 17 13 6 15 25 12 10 -12 -13 -14 16 -16 -17 -18 -19 20 -21 -22 -23 -24 -25 -26 29 -28 -29 -30 -31
leaf_value=-0.00013122333495609612 6.0602041379677632e-06 -0.00022693671934837404 -0.00012003185481715352 0.00090386749404232673 0.00026374820743997894 0.00097228593506720545 -0.00037920611351728443 -0.0012211663704929931 -0.0025491080131412537 0.00049824047541838082 -0.0025424458767568637 0.0011680480352341568 -0.00028371899623236209 -0.0018539525302393096 0.002596398169481302 0.0012934359000589615 -0.00046832829163250678 0.002798223121137154 0.00056511067593370686 -0.0020889736428147273 0.0020530301228913563 -0.0011221074184080712 -0.00095255671353158301 0.0030793949263170362 -0.0013366132140159607 0.00039102377517762798 0.0012877285136248019 -0.0028362707677462426 0.0011639245889253087 -0.00039326821734096982
leaf_weight=2286 437402 379 43371 246 1200 567 500 264 242 217 361 531 278 259 395 266 2084 205 393 315 259 399 236 224 250 8950 303 282 324 1233
leaf_count=2286 437402 379 43371 246 1200 567 500 264 242 217 361 531 278 259 395 266 2084 205 393 315 259 399 236 224 250 8950 303 282 324 1233
internal_value=4.01526e-12 -3.96705e-05 -0.000101715 0.000855395 8.15802e-05 0.00015648 0.00100192 7.22625e-05 -0.000234736 -0.000129875 -0.00140087 2.02658e-05 -0.001338 -0.000321669 0.00163915 0.000201633 -0.000621498 0.00176494 -0.000119457 -0.000368321 0.000248115 -6.31189e-05 0.00031996 0.000666343 -0.000174284 0.000234223 -0.000302577 -0.000856442 9.30674e-05 0.000296058
internal_weight=504221 66819 44201 830 22618 19075 1728 17347 5991 5471 578 4893 520 3543 962 766 2343 451 4362 2601 1761 1502 1103 867 643 11356 1173 870 588 10183
internal_count=504221 66819 44201 830 22618 19075 1728 17347 5991 5471 578 4893 520 3543 962 766 2343 451 4362 2601 1761 1502 1103 867 643 11356 1173 870 588 10183
is_linear=0
shrinkage=0.05


Tree=168
num_leaves=31
num_cat=0
split_feature=0 1 1 0 1 1 1 0 1 0 0 1 0 0 0 0 0 1 0 1 0 0 0 0 1 1 0 0 0 0
split_gain=0.0482204 0.219073 0.829916 0.564009 0.598886 0.563995 0.753264 1.10722 0.898333 0.68297 0.660745 0.610485 0.595172 0.781337 0.528521 0.528078 0.841623 0.684528 1.0382 1.02587 1.92352 0.869138 0.57994 0.771367 0.886144 0.532889 1.33831 2.12356 0.759752 1.80052
threshold=89.65000000000002 34.500000000000007 27.500000000000004 91.65000000000002 30.500000000000004 15.500000000000002 10.500000000000002 95.450000000000017 12.500000000000002 111.15000000000002 106.85000000000001 11.500000000000002 99.050000000000011 99.15000000000002 107.85000000000001 93.450000000000017 93.65000000000002 29.500000000000004 94.450000000000017 32.500000000000007 94.050000000000011 96.15000000000002 93.250000000000014 93.050000000000011 30.500000000000004 33.500000000000007 99.550000000000011 97.15000000000002 101.45000000000002 102.65000000000002
decision_type=2 2 2 2 2 2 2 2 2 2 2 2 2 2 2 2 2 2 2 2 2 2 2 2 2 2 2 2 2 2
left_child=-1 2 5 4 -4 6 -2 11 9 10 -9 -8 -7 -14 -12 22 -17 -18 19 20 -19 -20 23 24 -5 -23 27 -27 -28 -30
right_child=1 -3 3 15 -6 12 7 8 -10 -11 14 -13 13 -15 -16 16 17 18 21 -21 -22 25 -24 -25 -26 26 28 -29 29 -31
leaf_value=-1.7156043526513255e-05 -8.5102613729344539e-07 -8.9157621974029098e-05 -0.0012747527661962871 -0.00014675392885692419 0.00028045964379567177 -0.00031451374826269702 -0.0001575932594834029 0.00040950514358807991 -0.00014168986983563149 -0.001687878507326494 0.0029532355391098269 0.0011941177829526582 0.0023788134836246946 -1.9464909277982005e-05 0.00091941584567510495 -0.0025206281874103078 0.00072317794412624754 2.2200213407906961e-05 -0.00097115655242613309 -0.00032606009135528795 0.0060361982086226083 3.0377457444326519e-05 0.0029537782977270182 -0.0017894296836333747 0.0020062452938614159 -0.0016124185786840503 -0.0018456634344574275 0.0042970962766312381 0.0048164989603193186 -0.00050867638409589279
leaf_weight=225999 121321 43478 1132 832 1366 25339 1034 6540 12334 333 477 4347 343 34352 967 264 7108 254 1902 346 279 10123 344 264 1123 213 407 531 209 660
leaf_count=225999 121321 43478 1132 832 1366 25339 1034 6540 12334 333 477 4347 343 34352 967 264 7108 254 1902 346 279 10123 344 264 1123 213 407 531 209 660
internal_value=2.80054e-12 1.39358e-05 3.30302e-05 0.000291879 -0.000424304 -1.11527e-06 5.1515e-05 0.000295565 0.000129111 0.000530704 0.000623238 0.000934376 -0.000130296 4.24483e-06 0.00159125 0.000363846 0.000285712 0.00031934 0.000127 0.00179399 0.00317024 2.26715e-05 0.00104354 0.000747411 0.00108998 0.000178338 0.000919827 0.00260526 -6.29022e-05 0.000772062
internal_weight=504221 278222 234744 27357 2498 207387 147353 26032 20651 8317 7984 5381 60034 34695 1444 24859 22296 22032 14924 879 533 14045 2563 2219 1955 12143 2020 744 1276 869
internal_count=504221 278222 234744 27357 2498 207387 147353 26032 20651 8317 7984 5381 60034 34695 1444 24859 22296 22032 14924 879 533 14045 2563 2219 1955 12143 2020 744 1276 869
is_linear=0
shrinkage=0.05


Tree=169
num_leaves=31
num_cat=0
split_feature=0 1 1 0 1 0 0 1 0 1 1 1 1 0 0 0 1 1 1 1 0 0 0 0 1 0 0 1 0 0
split_gain=0.0500059 0.177384 0.272938 0.200642 0.189883 0.158932 0.221044 0.264158 0.0734135 0.0678933 0.225102 0.185291 0.149464 0.0996086 0.0604318 0.749908 0.606046 0.566373 0.80692 0.429702 1.19299 1.01952 1.59143 0.972477 1.45432 1.20746 1.16199 3.51828 1.42523 0.986741
threshold=110.45000000000002 -2.4999999999999996 1.5000000000000002 111.75000000000001 3.5000000000000004 115.45000000000002 114.35000000000001 6.5000000000000009 111.45000000000002 13.500000000000002 11.500000000000002 9.5000000000000018 12.500000000000002 111.75000000000001 100.45000000000002 100.55000000000001 31.500000000000004 42.500000000000007 24.500000000000004 34.500000000000007 101.05000000000001 105.05000000000001 106.85000000000001 104.15000000000002 41.500000000000007 104.45000000000002 101.55000000000001 37.500000000000007 101.75000000000001 103.75000000000001
decision_type=2 2 2 2 2 2 2 2 2 2 2 2 2 2 2 2 2 2 2 2 2 2 2 2 2 2 2 2 2 2
left_child=14 3 -3 -2 -4 6 7 8 -6 10 11 13 -12 -9 -1 16 -16 18 -17 -20 -21 23 -23 24 26 -25 27 -22 -28 -30
right_child=1 2 4 -5 5 -7 -8 9 -10 -11 12 -13 -14 -15 15 17 -18 -19 19 20 21 22 -24 25 -26 -27 28 -29 29 -31
leaf_value=7.377691532509397e-06 -0.0015970104065627161 0.0014033208434869136 -0.0010659485504780925 0.00032028631860041529 0.0019507455478968293 0.0013363247727553396 -0.0011512437304305588 0.00026155353203367957 0.00073481516891650946 0.00022837521624560978 -0.0020300212769055258 0.001061705376499044 -0.00018601817660418476 -0.0010576947564083451 -0.0015732389431025722 -7.1954698815601884e-05 0.0011754484056737745 -0.00077843727061473189 0.00040163785204016508 -0.0024234603965786971 0.0061944412440061575 -0.0025785705208428355 0.00085336166617843334 0.0053447782727224493 0.0041927088016890128 0.00060838009051160575 -0.0044468994690403003 -0.0024137995016258375 0.00027250834721405403 -0.0031541748172488095
leaf_weight=389485 299 448 318 251 232 287 317 311 267 2713 227 394 213 265 1274 83088 238 2401 16019 508 250 745 618 224 212 337 219 226 1593 242
leaf_count=389485 299 448 318 251 232 287 317 311 267 2713 227 394 213 265 1274 83088 238 2401 16019 508 250 745 618 224 212 337 219 226 1593 242
internal_value=-1.21232e-12 0.000137338 0.000216218 -0.000722026 0.00012029 0.000192472 0.000126004 0.000213604 0.00130014 8.21031e-05 -0.000199341 0.00022615 -0.00113736 -0.000345392 -1.80531e-06 -3.4863e-05 -0.00114058 -1.91917e-05 -1.71063e-06 0.000273684 -0.000122468 0.000128047 -0.00102249 0.000602823 0.000214759 0.00249956 -0.000118571 0.00210734 -0.000634409 -0.000179403
internal_weight=504221 6542 5992 550 5544 5226 4939 4622 499 4123 1410 970 440 576 497679 108194 1512 106682 104281 21193 5174 4666 1363 3303 2742 561 2530 476 2054 1835
internal_count=504221 6542 5992 550 5544 5226 4939 4622 499 4123 1410 970 440 576 497679 108194 1512 106682 104281 21193 5174 4666 1363 3303 2742 561 2530 476 2054 1835
is_linear=0
shrinkage=0.05


Tree=170
num_leaves=31
num_cat=0
split_feature=0 1 1 0 1 1 1 0 0 0 0 1 0 0 1 1 1 1 0 1 0 1 0 1 0 0 1 0 1 1
split_gain=0.04749 0.174742 0.414055 0.829951 0.0676594 0.0459155 0.0514311 0.264585 0.751509 0.741815 1.00236 0.785824 0.311013 0.285627 0.404428 0.350357 0.336244 0.330673 0.230726 0.830072 0.465163 0.305031 0.375045 0.319585 0.303558 0.326087 0.315417 0.309049 0.318661 0.8126
threshold=113.05000000000001 20.500000000000004 15.500000000000002 113.55000000000001 8.5000000000000018 68.500000000000014 6.5000000000000009 107.05000000000001 106.45000000000002 108.05000000000001 107.65000000000002 1.5000000000000002 107.85000000000001 106.85000000000001 -3.4999999999999996 -5.4999999999999991 -10.499999999999998 -1.4999999999999998 77.750000000000014 -30.499999999999996 58.350000000000001 -28.499999999999996 98.15000000000002 -59.499999999999993 76.550000000000011 77.15000000000002 -57.499999999999993 41.550000000000004 -40.499999999999993 -36.499999999999993
decision_type=2 2 2 2 2 2 2 2 2 2 2 2 2 2 2 2 2 2 2 2 2 2 2 2 2 2 2 2 2 2
left_child=5 2 3 -2 -5 6 7 8 18 10 -9 12 -12 15 -15 16 -10 -17 19 24 -21 23 -23 -20 26 -26 -1 28 -28 -30
right_child=1 -3 -4 4 -6 -7 -8 9 13 -11 11 -13 -14 14 -16 17 -18 -19 21 20 -22 22 -24 -25 25 -27 27 -29 29 -31
leaf_value=-0.0001128533959895647 0.0024504405831180091 -0.00067161217642845933 0.0023117418362284606 -0.0013164542904355852 -0.00031870824054196895 -8.8022092787682843e-05 1.5268189558233548e-05 -0.00022547430197689193 0.001430736524962831 2.8304919969516371e-05 -0.0021873726199070614 -0.0041219609245615471 -3.7159697185828079e-05 0.0015807387285016999 -0.00093654919050864332 0.0035484296222359451 -0.0012900860451940282 0.0013698936505873401 0.0012466946492592495 0.00019606103643466711 -0.00033965381073583034 0.00010982239856767811 -7.3565898087657428e-05 -0.00026593290314219268 -0.0017600818750110839 0.00020131937486220555 0.00020201747193932535 0.00036958918283746362 -0.0033890383785525808 0.00023504639587675535
leaf_weight=7055 265 374 265 361 321 14669 288280 1705 261 5855 369 351 309 271 388 236 201 665 360 4734 28130 77522 43536 11630 433 415 1000 13617 259 384
leaf_count=7055 265 374 265 361 321 14669 288280 1705 261 5855 369 351 309 271 388 236 201 665 360 4734 28130 77522 43536 11630 433 415 1000 13617 259 384
internal_value=2.36699e-12 0.000273172 0.000564714 7.5841e-05 -0.000846841 -8.61955e-07 1.75821e-06 -1.77457e-05 -5.54392e-06 -0.000289223 -0.000969226 -0.00220159 -0.00120741 0.000953275 9.86329e-05 0.00136649 0.000247002 0.00194052 -1.57977e-05 -0.000100913 -0.000262485 2.00446e-05 4.38706e-05 -0.000220516 0.000128328 -0.000800198 0.000163613 0.000291429 -0.000356352 -0.00122473
internal_weight=504221 1586 1212 947 682 502635 487966 199686 191097 8589 2734 1029 678 2022 659 1363 462 901 189075 56027 32864 133048 121058 11990 23163 848 22315 15260 1643 643
internal_count=504221 1586 1212 947 682 502635 487966 199686 191097 8589 2734 1029 678 2022 659 1363 462 901 189075 56027 32864 133048 121058 11990 23163 848 22315 15260 1643 643
is_linear=0
shrinkage=0.05


Tree=171
num_leaves=31
num_cat=0
split_feature=0 1 1 1 1 0 1 0 1 0 0 0 0 1 1 1 0 0 0 1 0 0 0 1 1 0 0 1 1 1
split_gain=0.0428597 0.178923 0.257558 0.252907 0.255632 0.374539 0.0415428 0.106516 0.088044 0.213613 0.174929 0.0945112 0.083884 0.343319 0.055699 0.0640585 0.053618 0.0473788 0.0546419 0.109625 0.0691645 0.0471121 0.249968 0.577372 1.20917 1.14263 0.765054 0.523358 0.447585 0.442227
threshold=113.05000000000001 1.5000000000000002 8.5000000000000018 20.500000000000004 15.500000000000002 114.35000000000001 62.500000000000007 98.65000000000002 56.500000000000007 100.05000000000001 78.65000000000002 77.450000000000017 82.550000000000011 58.500000000000007 59.500000000000007 60.500000000000007 95.450000000000017 56.95000000000001 72.450000000000017 60.500000000000007 69.050000000000011 95.65000000000002 98.550000000000011 14.500000000000002 18.500000000000004 97.15000000000002 97.65000000000002 20.500000000000004 19.500000000000004 21.500000000000004
decision_type=2 2 2 2 2 2 2 2 2 2 2 2 2 2 2 2 2 2 2 2 2 2 2 2 2 2 2 2 2 2
left_child=6 -2 -3 4 5 -4 8 16 21 10 11 17 13 -12 -15 -16 -8 -10 20 -20 -19 -1 23 -23 25 -25 27 28 -26 -24
right_child=1 2 3 -5 -6 -7 7 -9 9 -11 12 -13 -14 14 15 -17 -18 18 19 -21 -22 22 29 24 26 -27 -28 -29 -30 -31
leaf_value=-1.3967762788905824e-05 0.0015934113310092056 -0.0012492880025834943 0.0016265219164006744 -0.0006380315842032234 0.0021961545923127319 -0.0013248623076190309 -6.4628039298997384e-05 -0.00091623638366485408 0.00054743866386995188 -0.0012494699384465262 0.0019063849591326957 -0.00089737918831303087 0.00023324154537951591 -0.00057297972318488886 0.0010169056846342725 -2.5537001928037939e-05 0.00039795469550519999 -5.8242044109009098e-05 0.00052828228379767691 -0.00048818650595002021 -0.00076145717693570675 0.00029861630701982713 -7.0385444864099495e-05 4.5470941272414269e-06 -0.00011750674009078339 -0.0019400984519025656 0.00055202182670149749 -0.00021741260499653738 0.0019948372383182238 0.00012296381440168779
leaf_weight=279313 217 299 226 374 265 205 22959 362 313 270 392 355 6439 217 232 404 644 1043 732 416 526 22709 101268 1478 487 1545 6048 12194 517 41772
leaf_count=279313 217 299 226 374 265 205 22959 362 313 270 392 355 6439 217 232 404 644 1043 732 416 526 22709 101268 1478 487 1545 6048 12194 517 41772
internal_value=1.5293e-12 0.000259513 4.80769e-05 0.000410612 0.000974107 0.000222731 -8.18858e-07 -6.50611e-05 2.39748e-06 0.000140063 0.000173958 -0.000125518 0.000305884 0.000681584 0.00011872 0.000354725 -5.20066e-05 -3.5085e-05 -0.000102192 0.000159945 -0.000293992 -9.4275e-07 1.84068e-05 0.000121218 -5.96851e-05 -0.000989326 8.6335e-05 -0.000127067 0.000970224 -1.39216e-05
internal_weight=504221 1586 1369 1070 696 431 502635 23965 478670 11339 11069 3385 7684 1245 853 636 23603 3030 2717 1148 1569 467331 188018 44978 22269 3023 19246 13198 1004 143040
internal_count=504221 1586 1369 1070 696 431 502635 23965 478670 11339 11069 3385 7684 1245 853 636 23603 3030 2717 1148 1569 467331 188018 44978 22269 3023 19246 13198 1004 143040
is_linear=0
shrinkage=0.05


Tree=172
num_leaves=31
num_cat=0
split_feature=0 1 1 0 1 0 0 1 0 1 1 1 1 0 1 0 1 0 0 1 0 1 0 0 0 0 0 0 0 0
split_gain=0.0410789 0.162955 0.241972 0.174443 0.164872 0.152725 0.18828 0.244928 0.065889 0.0605956 0.205688 0.163147 0.135099 0.0911517 0.0495095 0.74953 1.17932 1.21065 0.682725 1.10775 0.891998 0.613226 0.821981 0.629178 0.872457 0.898857 0.740686 1.00435 0.765387 1.48339
threshold=110.45000000000002 -2.4999999999999996 1.5000000000000002 111.75000000000001 3.5000000000000004 115.45000000000002 114.35000000000001 6.5000000000000009 111.45000000000002 13.500000000000002 11.500000000000002 9.5000000000000018 12.500000000000002 111.75000000000001 16.500000000000004 83.850000000000009 19.500000000000004 55.45000000000001 78.950000000000017 12.500000000000002 69.050000000000011 18.500000000000004 96.850000000000009 93.850000000000009 94.850000000000009 95.550000000000011 98.850000000000009 97.250000000000014 101.35000000000001 101.05000000000001
decision_type=2 2 2 2 2 2 2 2 2 2 2 2 2 2 2 2 2 2 2 2 2 2 2 2 2 2 2 2 2 2
left_child=14 3 -3 -2 -4 6 7 8 -6 10 11 13 -12 -9 18 16 17 -16 19 -1 -21 23 -23 -17 -25 -26 27 -27 29 -28
right_child=1 2 4 -5 5 -7 -8 9 -10 -11 12 -13 -14 -15 15 21 -18 -19 -20 20 -22 22 -24 24 25 26 28 -29 -30 -31
leaf_value=-7.3018452172640352e-05 -0.0015150557705092193 0.0013178174907807262 -0.00099560002790494541 0.00027268933822434263 0.001855312258101486 0.0012983116494874611 -0.0010669332040600151 0.00025123172107233496 0.00070337933045201532 0.00020427279695107268 -0.0019451396059786434 0.00099096371730799 -0.00019198974262170951 -0.0010107718471367405 -0.0026216903596600412 0.00017920684431943493 6.4580887151161311e-05 0.0010950352861541052 5.968757488694868e-05 9.6825245879237281e-05 -0.0014806874092433576 -0.00015230923920627935 8.6629537139795926e-05 -0.0029154943605068286 0.0021454726556936901 -0.00033929666358642848 -4.0113649632095215e-05 -0.0027488613729487856 -0.0007133030696088342 0.0044647398141195197
leaf_weight=65872 299 448 318 251 232 287 317 311 267 2713 227 394 213 265 231 3098 63873 4252 200621 1371 2587 84855 62509 406 300 857 1324 873 4438 212
leaf_count=65872 299 448 318 251 232 287 317 311 267 2713 227 394 213 265 231 3098 63873 4252 200621 1371 2587 84855 62509 406 300 857 1324 873 4438 212
internal_value=2.6468e-12 0.000124477 0.000200081 -0.000699194 0.000109759 0.000177019 0.000111862 0.00019271 0.00123895 6.60853e-05 -0.000199803 0.000206926 -0.00109646 -0.000329378 -1.63625e-06 -1.88412e-05 0.000119601 0.00090352 1.2819e-05 -0.000121834 -0.000934257 -7.84071e-05 -5.0956e-05 -0.000429929 -0.000654317 -0.00053962 -0.000644179 -0.00155522 -0.000380352 0.00058165
internal_weight=504221 6542 5992 550 5544 5226 4939 4622 499 4123 1410 970 440 576 497679 227228 68356 4483 270451 69830 3958 158872 147364 11508 8410 8004 7704 1730 5974 1536
internal_count=504221 6542 5992 550 5544 5226 4939 4622 499 4123 1410 970 440 576 497679 227228 68356 4483 270451 69830 3958 158872 147364 11508 8410 8004 7704 1730 5974 1536
is_linear=0
shrinkage=0.05


Tree=173
num_leaves=31
num_cat=0
split_feature=0 1 0 1 1 1 1 1 1 1 1 1 0 1 0 1 1 1 0 0 0 1 1 1 0 0 0 0 1 1
split_gain=0.0436811 0.234704 0.212671 0.190609 0.105536 0.225052 0.132362 0.0767567 0.484591 0.360319 0.242048 0.208763 0.211241 0.202943 0.153948 0.376833 0.351618 0.339338 0.123117 0.0996825 0.131499 0.237433 0.0948877 0.243587 0.206475 0.074046 0.302304 0.467411 0.314355 0.672619
threshold=45.850000000000001 -66.499999999999986 35.850000000000001 -63.499999999999993 44.500000000000007 54.500000000000007 37.500000000000007 -35.499999999999993 -40.499999999999993 -43.499999999999993 -48.499999999999993 -21.499999999999996 35.850000000000001 -51.499999999999993 29.850000000000005 2.5000000000000004 -3.4999999999999996 20.500000000000004 41.550000000000004 41.550000000000004 35.850000000000001 -28.499999999999996 -1.0000000180025095e-35 15.500000000000002 41.550000000000004 66.550000000000011 69.050000000000011 68.65000000000002 -37.499999999999993 5.5000000000000009
decision_type=2 2 2 2 2 2 2 2 2 2 2 2 2 2 2 2 2 2 2 2 2 2 2 2 2 2 2 2 2 2
left_child=1 2 -1 -3 6 -6 7 8 9 10 13 19 14 18 16 -16 -13 -18 -5 20 21 -9 24 -24 -14 -2 27 -27 -29 -30
right_child=25 3 -4 4 5 -7 -8 11 -10 -11 -12 12 22 -15 15 -17 17 -19 -20 -21 -22 -23 23 -25 -26 26 -28 28 29 -31
leaf_value=-0.0018434601774777225 -7.3782107234416082e-05 0.0017270699987564182 -0.00016116454369492002 0.00047664761955762826 0.0020142678742079024 9.8551055226398974e-05 -0.0011367240398762308 -0.00041113388617985123 -0.0016156680329422063 0.0022326403046743228 -0.00095262128409448563 0.0012802047898904198 -0.0020711308615839383 0.0017217550537687667 -0.0001072552128165376 0.0022776351801592942 -0.0016690366906546503 0.00087986883198099193 -0.00080856003544547354 -0.00010503191537786238 0.0019702779402335484 0.0017016934023963079 0.0011309912224650865 -0.00089884975105119147 5.9976073074664473e-05 0.00010956960708136813 -2.8638352509083558e-06 0.0026443821378052236 -0.00039465213033275186 0.0016034765053458894
leaf_weight=259 33374 203 684 578 235 441 207 262 418 208 455 336 234 235 357 309 366 203 275 202 300 270 247 368 221 8682 452338 244 751 959
leaf_count=259 33374 203 684 578 235 441 207 262 418 208 455 336 234 235 357 309 366 203 275 202 300 270 247 368 221 8682 452338 244 751 959
internal_value=-1.95511e-12 0.00011685 -0.000623216 0.000217555 0.000172002 0.000764518 0.000105808 0.00014982 -8.60498e-05 0.000279102 1.57603e-05 0.000289031 5.32306e-05 0.000420736 0.000422275 0.000999248 -2.32624e-06 -0.000759673 6.23075e-05 0.000891303 0.0011332 0.000661166 -0.000488609 -8.36128e-05 -0.00103602 -1.85346e-06 3.33159e-06 0.000266817 0.000965496 0.000725936
internal_weight=504221 7873 943 6930 6727 676 6051 5844 2169 1751 1543 3675 2641 1088 1571 666 905 569 853 1034 832 532 1070 615 455 496348 462974 10636 1954 1710
internal_count=504221 7873 943 6930 6727 676 6051 5844 2169 1751 1543 3675 2641 1088 1571 666 905 569 853 1034 832 532 1070 615 455 496348 462974 10636 1954 1710
is_linear=0
shrinkage=0.05


Tree=174
num_leaves=31
num_cat=0
split_feature=1 0 0 0 1 0 0 0 1 0 0 0 1 1 0 0 1 0 1 1 1 0 0 1 1 1 0 1 1 1
split_gain=0.0424633 0.184178 0.403246 0.770132 0.23158 0.385842 0.296428 0.281601 0.256874 0.234508 0.151766 0.386095 0.139524 0.278704 0.412903 0.299514 0.420972 0.178965 0.152098 0.123923 0.277502 0.217367 0.113741 0.162502 0.659187 0.540669 0.219967 0.17551 0.634887 0.199491
threshold=-49.499999999999993 86.050000000000011 83.250000000000014 80.750000000000014 -53.499999999999993 78.350000000000009 67.15000000000002 64.050000000000011 -59.499999999999993 68.15000000000002 76.250000000000014 72.050000000000011 -45.499999999999993 -46.499999999999993 70.450000000000017 62.45000000000001 -47.499999999999993 58.350000000000001 -48.499999999999993 -66.499999999999986 -61.499999999999993 74.050000000000011 53.750000000000007 -59.499999999999993 -57.499999999999993 -63.499999999999993 60.550000000000004 -66.499999999999986 -69.499999999999986 -73.499999999999986
decision_type=2 2 2 2 2 2 2 2 2 2 2 2 2 2 2 2 2 2 2 2 2 2 2 2 2 2 2 2 2 2
left_child=1 2 3 4 5 6 7 22 -9 -8 11 -6 13 14 15 17 -17 18 -2 -11 -21 -22 -1 25 -25 26 27 28 29 -24
right_child=12 -3 -4 -5 10 -7 9 8 -10 19 -12 -13 -14 -15 -16 16 -18 -19 -20 20 21 -23 23 24 -26 -27 -28 -29 -30 -31
leaf_value=-0.00023862315242443029 0.0014753141641324643 0.0012602218108751426 -0.0019117760406000409 0.0027515551047538646 0.00061071285454744704 -0.0021936936241587954 0.0021375055090662397 -0.0018924064157415906 1.213921142406151e-05 -0.00047279130826648484 0.0016711224969781814 -0.0014803577687532183 -1.7358311290107202e-07 -0.0011190409118381258 -0.00088290222833390026 0.00033022637951339898 0.0031805679997772849 -0.0012194269583394876 -0.00020520752201778721 0.0018462155348745294 0.0006935923570163654 -0.00099269976942903469 0.0005510248689326924 -0.0023594003287549636 0.00053667590667883815 0.0018495933764959239 -0.0010518317402604231 -0.00089075907559718116 0.0029395952122285964 -0.0012556128159165382
leaf_weight=3767 204 328 254 268 1780 209 209 422 305 351 244 252 488590 832 909 349 206 253 396 323 568 288 393 287 623 502 399 236 224 250
leaf_count=3767 204 328 254 268 1780 209 209 422 305 351 244 252 488590 832 909 349 206 253 396 323 568 288 393 287 623 502 399 236 224 250
internal_value=-4.68757e-13 9.10734e-05 5.95216e-05 0.000101598 4.05433e-05 -6.94926e-05 -2.09567e-05 -0.000158865 -0.00109339 0.000566521 0.00049287 0.000351387 -2.31175e-06 -0.000334064 -5.21904e-05 0.000484114 0.00138819 -0.000104119 0.00036617 0.000351922 0.000597447 0.000126242 -5.71737e-05 0.000177391 -0.000376702 0.000428999 -4.5793e-05 0.000318132 0.000647196 -0.0001514
internal_weight=504221 12482 12154 11900 11632 9356 9147 7408 727 1739 2276 2032 491739 3149 2317 1408 555 853 600 1530 1179 856 6681 2914 910 2004 1502 1103 867 643
internal_count=504221 12482 12154 11900 11632 9356 9147 7408 727 1739 2276 2032 491739 3149 2317 1408 555 853 600 1530 1179 856 6681 2914 910 2004 1502 1103 867 643
is_linear=0
shrinkage=0.05


Tree=175
num_leaves=31
num_cat=0
split_feature=0 1 0 1 1 1 1 1 1 1 1 1 0 1 0 1 0 0 1 1 1 0 0 1 0 0 0 1 1 1
split_gain=0.0408863 0.205903 0.191936 0.17473 0.0962398 0.175959 0.155898 0.188145 0.101673 0.437996 0.324718 0.210974 0.198328 0.179806 0.777004 0.270909 0.320189 0.175345 0.171135 0.165685 0.137618 0.110792 0.0906386 0.155003 0.394598 0.0674265 0.0665799 0.288208 0.325745 0.288478
threshold=45.850000000000001 -66.499999999999986 35.850000000000001 -63.499999999999993 41.500000000000007 68.500000000000014 25.500000000000004 34.500000000000007 -35.499999999999993 -40.499999999999993 -43.499999999999993 -48.499999999999993 41.550000000000004 9.5000000000000018 29.850000000000005 -16.499999999999996 35.850000000000001 29.850000000000005 -51.499999999999993 -3.4999999999999996 -9.4999999999999982 41.550000000000004 35.850000000000001 -28.499999999999996 29.850000000000005 35.850000000000001 66.550000000000011 -27.499999999999996 -57.499999999999993 -59.499999999999993
decision_type=2 2 2 2 2 2 2 2 2 2 2 2 2 2 2 2 2 2 2 2 2 2 2 2 2 2 2 2 2 2
left_child=1 2 -1 -3 6 -6 8 -8 9 10 11 18 13 15 -15 22 17 19 21 -17 -14 -5 23 -10 -25 -13 27 28 29 -2
right_child=26 3 -4 4 5 -7 7 -9 12 -11 -12 25 20 14 -16 16 -18 -19 -20 -21 -22 -23 -24 24 -26 -27 -28 -29 -30 -31
leaf_value=-0.0017393559274986444 -7.8346219252456331e-05 0.0016526478154612293 -0.00014117520128251515 0.00045850120845756734 0.0012006805791211516 -0.0004767390243675677 -0.0014284200406487967 0.00033086734751713675 -0.00039056835568133203 -0.0015348758833687842 0.0021210169777847255 -0.00027757742593992129 0.00028031428907802718 -0.00062731667378238432 0.003643505524773643 0.0005463007035889203 -0.0017893377161486363 0.0011770544131286444 0.0015893110823124012 -0.0013873852896862306 -0.001184983936126356 -0.00076067946986718617 0.0015343581857793619 0.0026998898600814523 -0.00020193832460790873 -0.0014949137181566475 3.1235256247349438e-06 -0.00018168190213906248 0.00031500851318819038 -0.0013617920398953473
leaf_weight=259 3850 203 684 578 523 223 346 271 262 418 208 227 334 214 212 237 246 320 235 208 308 275 382 216 256 228 462974 21153 7877 494
leaf_count=259 3850 203 684 578 523 223 346 271 262 418 208 227 334 214 212 237 246 320 235 208 308 275 382 216 256 228 462974 21153 7877 494
internal_value=3.41513e-12 0.00011305 -0.000580124 0.000207374 0.00016376 0.000699254 9.69688e-05 -0.000655702 0.000183546 -8.06556e-05 0.000266497 1.65033e-05 0.000362905 0.000560451 0.00149807 0.000372663 -0.0002202 0.000284385 0.000394591 -0.000357535 -0.000422664 6.54476e-05 0.000909745 0.000584675 0.00112602 -0.000887583 -1.79318e-06 -6.99992e-05 0.000123309 -0.0002243
internal_weight=504221 7873 943 6930 6727 746 5981 617 5364 2169 1751 1543 3195 2553 426 2127 1011 765 1088 445 642 853 1116 734 472 455 496348 33374 12221 4344
internal_count=504221 7873 943 6930 6727 746 5981 617 5364 2169 1751 1543 3195 2553 426 2127 1011 765 1088 445 642 853 1116 734 472 455 496348 33374 12221 4344
is_linear=0
shrinkage=0.05


Tree=176
num_leaves=31
num_cat=0
split_feature=1 0 0 0 1 1 0 1 0 0 0 0 1 1 0 0 1 1 0 0 1 1 0 1 1 0 0 0 0 1
split_gain=0.0426077 0.18234 0.391871 0.367377 0.516771 0.39228 0.2743 0.426529 0.215524 0.301041 0.28579 0.289865 0.201444 0.167652 0.43103 0.36997 0.357358 0.501559 0.361561 0.331501 0.263928 0.391634 0.428157 0.277963 0.245527 0.288141 0.194476 0.167033 0.255776 0.171882
threshold=-17.499999999999996 101.95000000000002 103.55000000000001 105.55000000000001 -27.499999999999996 -19.499999999999996 101.25000000000001 -21.499999999999996 99.850000000000009 99.15000000000002 98.750000000000014 97.950000000000017 -24.499999999999996 -29.499999999999996 29.850000000000005 75.950000000000017 -51.499999999999993 -39.499999999999993 77.15000000000002 81.65000000000002 -45.499999999999993 -44.499999999999993 65.350000000000009 -46.499999999999993 -28.499999999999996 86.450000000000017 85.850000000000009 96.950000000000017 96.450000000000017 -23.499999999999996
decision_type=2 2 2 2 2 2 2 2 2 2 2 2 2 2 2 2 2 2 2 2 2 2 2 2 2 2 2 2 2 2
left_child=1 6 -3 5 -5 -4 8 -8 9 10 11 13 -6 15 -15 20 26 18 -18 -16 23 22 -22 -1 25 -21 -17 28 -26 -29
right_child=-2 2 3 4 12 -7 7 -9 -10 -11 -12 -13 -14 14 19 16 17 -19 -20 24 21 -23 -24 -25 27 -27 -28 29 -30 -31
leaf_value=6.7793094076755168e-05 5.6808424642579001e-06 -0.001166234498586112 0.00014873218536376953 0.0016780672229180053 -0.0022453128329676685 0.0024535375212629638 -1.311639144298542e-05 0.0028660413498679798 -0.0006911680367996635 0.0011020718724856209 -0.0014971861155794524 0.00094917819156814802 -0.00063623934246141299 0.0021470321621295911 -0.00034170820964690577 0.00029004236067329848 -0.0024459588157601264 -4.8995604377822529e-05 -0.00063313046538650253 0.00063260253274805163 0.0004775283371352337 0.00028013055444069525 0.0031867063428503446 -0.00103195495284673 7.2005548110029639e-05 -0.0014862604171677089 0.0018272095234007448 0.00048578694494213234 0.0013462704141837083 -0.0011262523252142413
leaf_weight=12608 437402 1107 800 219 244 240 332 210 1199 598 328 766 959 207 11601 1001 304 6970 2888 229 352 8674 249 602 12146 536 259 237 407 547
leaf_count=12608 437402 1107 800 219 244 240 332 210 1199 598 328 766 959 207 11601 1001 304 6970 2888 229 352 8674 249 602 12146 536 259 237 407 547
internal_value=-2.59257e-12 -3.71872e-05 -0.000384898 -3.35818e-05 -0.000555916 0.00068061 -1.7567e-05 0.00110242 -2.72474e-05 -1.43055e-05 -2.52656e-05 -1.72966e-05 -0.000962602 -2.9673e-05 -0.000125431 4.35001e-05 -0.000188231 -0.00028671 -0.000805781 -0.000143732 0.000161216 0.000365653 0.00159997 1.76759e-05 1.9133e-05 -0.000851986 0.000606016 6.90997e-05 0.00011332 -0.000638939
internal_weight=504221 66819 3569 2462 1422 1040 63250 542 62708 61509 60911 60583 1203 59817 25910 33907 11422 10162 3192 25703 22485 9275 601 13210 14102 765 1260 13337 12553 784
internal_count=504221 66819 3569 2462 1422 1040 63250 542 62708 61509 60911 60583 1203 59817 25910 33907 11422 10162 3192 25703 22485 9275 601 13210 14102 765 1260 13337 12553 784
is_linear=0
shrinkage=0.05


Tree=177
num_leaves=31
num_cat=0
split_feature=1 0 0 0 1 1 0 1 0 0 0 0 1 1 0 1 1 1 0 1 1 1 0 1 0 1 0 1 0 0
split_gain=0.0384534 0.164692 0.374872 0.331558 0.466386 0.354033 0.214969 0.281815 0.194511 0.27169 0.257926 0.266834 0.476181 0.181803 0.152851 0.254092 0.266004 0.215288 0.436166 0.278827 0.236068 0.224967 0.219339 0.319143 0.409646 0.262681 0.238448 0.191129 0.184197 0.158403
threshold=-17.499999999999996 102.05000000000001 103.55000000000001 105.55000000000001 -27.499999999999996 -19.499999999999996 101.25000000000001 -21.499999999999996 99.850000000000009 99.15000000000002 98.750000000000014 97.750000000000014 -27.499999999999996 -24.499999999999996 69.050000000000011 -61.499999999999993 -66.499999999999986 -25.499999999999996 67.15000000000002 -39.499999999999993 -57.499999999999993 -48.499999999999993 64.050000000000011 -59.499999999999993 49.250000000000007 -61.499999999999993 65.350000000000009 -29.499999999999996 58.350000000000001 60.550000000000004
decision_type=2 2 2 2 2 2 2 2 2 2 2 2 2 2 2 2 2 2 2 2 2 2 2 2 2 2 2 2 2 2
left_child=1 6 -3 5 -5 -4 8 -8 9 10 11 14 -13 -6 17 16 -16 18 20 21 22 -20 23 25 -25 -1 -24 -21 -19 -30
right_child=-2 2 3 4 13 -7 7 -9 -10 -11 -12 12 -14 -15 15 -17 -18 28 19 27 -22 -23 26 24 -26 -27 -28 -29 29 -31
leaf_value=-9.3673823716469934e-05 5.3968043061782427e-06 -0.0011617803760941353 0.00014129550848156214 0.0015941636815463027 -0.0021330472753673304 0.0023308606601009766 8.2833346653174845e-05 0.0023138535098226063 -0.00065660964312331703 0.0010469682259254631 -0.0014223268414597686 0.0027760211618161508 0.00018453723857840386 -0.00060442744271598599 -0.00020392399900506862 -0.00011230629795223689 0.0015930643862736992 0.00021837396221235396 0.00082513070821341606 -0.0003912703238427639 0.00019754057696142293 0.0023794011894283417 -0.0023192643503512234 0.00050865213820187178 -0.0022402202158423343 0.0010841540543260772 -0.0001727292461575364 0.001267636418202542 -0.0017095666932495865 -0.00039845735599749842
leaf_weight=4362 437402 1046 800 219 244 240 376 227 1199 598 328 233 741 959 379 36161 451 1200 567 500 11356 395 242 217 361 531 278 266 259 2084
leaf_count=4362 437402 1046 800 219 244 240 376 227 1199 598 328 233 741 959 379 36161 451 1200 567 500 11356 395 242 217 361 531 278 266 259 2084
internal_value=1.46517e-13 -3.53279e-05 -0.000368805 -3.19028e-05 -0.000528121 0.00064658 -1.68502e-05 0.000922703 -2.5885e-05 -1.35902e-05 -2.40024e-05 -1.64318e-05 0.000804471 -0.000914472 -2.98452e-05 -9.24528e-05 0.000772512 7.25477e-05 0.00013903 0.000896568 6.35688e-05 0.00146332 -0.000190376 -9.7105e-05 -0.0012082 3.41469e-05 -0.00117169 0.000184799 -0.000285384 -0.00054339
internal_weight=504221 66819 3508 2462 1422 1040 63311 603 62708 61509 60911 60583 974 1203 59609 36991 830 22618 19075 1728 17347 962 5991 5471 578 4893 520 766 3543 2343
internal_count=504221 66819 3508 2462 1422 1040 63311 603 62708 61509 60911 60583 974 1203 59609 36991 830 22618 19075 1728 17347 962 5991 5471 578 4893 520 766 3543 2343
is_linear=0
shrinkage=0.05


Tree=178
num_leaves=31
num_cat=0
split_feature=1 1 1 0 0 1 0 1 0 0 1 0 0 0 0 0 0 0 1 1 0 0 1 0 0 0 0 0 0 0
split_gain=0.0384048 0.0463827 0.235469 1.07869 0.902068 0.826506 0.773549 0.831469 1.08346 0.44019 0.763645 0.798254 1.18416 1.08558 0.72026 0.627682 0.500201 0.903696 0.469447 0.77112 2.00493 2.39118 1.0432 1.18132 3.79861 3.16078 1.95147 1.48172 0.973665 0.969218
threshold=68.500000000000014 7.5000000000000009 16.500000000000004 83.250000000000014 98.850000000000009 9.5000000000000018 82.550000000000011 19.500000000000004 55.45000000000001 97.65000000000002 17.500000000000004 101.95000000000002 102.65000000000002 98.450000000000017 108.85000000000001 106.25000000000001 104.35000000000001 103.15000000000002 47.500000000000007 37.500000000000007 100.25000000000001 101.45000000000002 35.500000000000007 101.05000000000001 101.65000000000002 102.45000000000002 105.05000000000001 98.450000000000017 100.65000000000002 106.85000000000001
decision_type=2 2 2 2 2 2 2 2 2 2 2 2 2 2 2 2 2 2 2 2 2 2 2 2 2 2 2 2 2 2
left_child=1 -1 3 5 -5 -3 7 8 -4 -8 11 13 -13 -11 15 16 17 -14 19 22 -21 28 -12 27 -25 -26 -27 -24 -22 -28
right_child=-2 2 6 4 -6 -7 9 -9 -10 10 18 12 14 -15 -16 -17 -18 -19 -20 20 21 -23 23 24 25 26 29 -29 -30 -31
leaf_value=-1.5556896839336368e-05 -7.9717107888648735e-05 0.0004183137104700533 -0.0024847961075249174 0.00041761709955364225 7.9450382159815464e-06 -0.00052742671759995027 -0.0001324653024937374 9.8560209650728613e-05 0.0010406741688060255 -0.0028546167158447541 9.3599487764314286e-05 -0.0047407950966730037 0.0010287143290042878 0.00094805056298220597 0.0011068375612407057 -0.0027161478096055965 0.00038692984280401261 -0.0031254718517565159 -0.00053382661201339195 0.0015788786348887721 -0.00014015765318861755 0.00058385009188138652 0.00088947193990566347 0.0063814297024839626 -0.0064364235780455846 0.0021093724665474404 -0.0041952404402085209 -0.0031184853317692144 -0.0033266235077018045 0.00013296880275011062
leaf_weight=207471 14669 2998 231 24808 29316 10069 96116 48985 3852 226 49258 218 200 1107 378 539 580 379 2997 2999 373 3053 311 203 220 584 268 892 671 250
leaf_count=207471 14669 2998 231 24808 29316 10069 96116 48985 3852 226 49258 218 200 1107 378 539 580 379 2997 2999 373 3053 311 203 220 584 268 892 671 250
internal_value=7.78793e-13 2.38865e-06 1.55876e-05 9.7284e-05 0.00019572 -0.000310443 -9.95687e-06 0.000155699 0.000841217 -6.42823e-05 3.54571e-05 -0.000669742 -0.00123518 0.000303337 -0.000867057 -0.00130648 -0.000650899 -0.00169052 7.66588e-05 0.000107626 0.000596549 -0.000122516 4.08893e-05 -0.000910871 1.32514e-05 -0.000964616 0.00012776 -0.00208235 -0.00218816 -0.00210634
internal_weight=504221 489552 282081 67191 54124 13067 214890 53068 4083 161822 65706 3627 2294 1333 2076 1698 1159 579 62079 59082 7096 4097 51986 2728 1525 1322 1102 1203 1044 518
internal_count=504221 489552 282081 67191 54124 13067 214890 53068 4083 161822 65706 3627 2294 1333 2076 1698 1159 579 62079 59082 7096 4097 51986 2728 1525 1322 1102 1203 1044 518
is_linear=0
shrinkage=0.05


Tree=179
num_leaves=31
num_cat=0
split_feature=0 0 1 1 1 1 1 1 1 0 0 1 1 0 0 0 1 1 0 0 0 1 1 0 0 1 0 1 1 0
split_gain=0.0359621 0.217109 0.391382 0.387907 0.202868 0.364559 0.515213 0.390586 0.200575 0.208868 0.246453 0.197347 1.2932 0.953909 1.03003 0.940823 0.785114 0.633169 1.39916 1.46362 0.599736 0.786631 0.627601 0.701124 0.589497 0.757616 0.944023 1.34605 0.774875 0.604921
threshold=89.65000000000002 89.050000000000011 1.5000000000000002 4.5000000000000009 8.5000000000000018 29.500000000000004 22.500000000000004 12.500000000000002 -33.499999999999993 100.05000000000001 96.850000000000009 36.500000000000007 27.500000000000004 69.050000000000011 88.65000000000002 64.65000000000002 14.500000000000002 10.500000000000002 85.450000000000017 71.250000000000014 76.550000000000011 29.500000000000004 32.500000000000007 79.250000000000014 58.350000000000001 19.500000000000004 79.550000000000011 22.500000000000004 22.500000000000004 81.350000000000009
decision_type=2 2 2 2 2 2 2 2 2 2 2 2 2 2 2 2 2 2 2 2 2 2 2 2 2 2 2 2 2 2
left_child=1 11 -3 -4 -5 6 7 -6 9 10 -2 12 16 15 20 -14 17 -1 19 -19 21 -15 -22 -24 -18 -26 28 29 -27 -28
right_child=8 2 3 4 5 -7 -8 -9 -10 -11 -12 -13 13 14 -16 -17 24 18 -20 -21 22 -23 23 -25 25 26 27 -29 -30 -31
leaf_value=-7.5620511587580225e-06 -0.00056402750126468052 0.00029368738424665006 -0.0022799050242736422 0.00071288464015895276 -0.0017814052523434005 -0.00012077063958592201 -0.0021132246459060889 0.00011238721092101002 1.5492095600779971e-05 -0.0018909774689363831 0.0011773343926693106 7.4269704459312827e-05 -0.00033203830640981174 0.00010876465766202836 0.0014932703277660908 0.0014983315790566257 -0.00074041339342185053 0.00048245822040190388 0.00073105246390581767 -0.0012208156787379377 -0.00080262916160426818 -0.0016184917333831276 0.0012814403452022479 -0.00032001319275649936 0.0006367135853113672 -0.00013986591723382891 -0.00097693531652507585 -0.00071117338217908607 0.00091278478418341062 0.00082988609126337452
leaf_weight=105360 1356 2163 290 379 381 2818 687 954 276389 238 239 57079 1742 861 578 1176 1422 1683 1938 5033 6532 2812 817 4181 10489 2817 552 5766 4608 2881
leaf_count=105360 1356 2163 290 379 381 2818 687 954 276389 238 239 57079 1742 861 578 1176 1422 1683 1938 5033 6532 2812 817 4181 10489 2817 552 5766 4608 2881
internal_value=2.95729e-12 -1.48158e-05 -0.000276246 -0.000500019 -0.000401117 -0.00048835 -0.00100063 -0.000428088 1.20348e-05 -0.00050927 -0.000303096 -5.62914e-06 -3.3912e-05 -0.000424869 -0.000578433 0.00040563 1.73722e-05 -4.13313e-05 -0.000452462 -0.000793983 -0.000657197 -0.0012136 -0.000479949 -5.8231e-05 0.000251927 0.000303973 9.40278e-05 -0.000244482 0.000513415 0.000539363
internal_weight=504221 225999 7672 5509 5219 4840 2022 1335 278222 1833 1595 218327 161248 18699 15781 2918 142549 114014 8654 6716 15203 3673 11530 4998 28535 27113 16624 9199 7425 3433
internal_count=504221 225999 7672 5509 5219 4840 2022 1335 278222 1833 1595 218327 161248 18699 15781 2918 142549 114014 8654 6716 15203 3673 11530 4998 28535 27113 16624 9199 7425 3433
is_linear=0
shrinkage=0.05


Tree=180
num_leaves=31
num_cat=0
split_feature=1 0 1 1 0 1 1 0 1 1 0 0 1 1 1 1 1 1 1 1 1 1 1 1 1 1 1 0 0 1
split_gain=0.0375682 0.0426046 0.245878 0.1547 0.173222 0.17261 0.125634 0.0832908 0.284992 0.263826 0.246491 0.436815 0.352463 0.571121 0.345345 0.568146 0.320324 0.25662 0.396972 0.246554 0.241779 0.343519 0.274533 0.240801 0.325854 0.486221 0.224028 0.332694 0.272947 0.391125
threshold=68.500000000000014 45.850000000000001 44.500000000000007 -66.499999999999986 35.850000000000001 -63.499999999999993 37.500000000000007 66.550000000000011 -27.499999999999996 -57.499999999999993 69.050000000000011 68.65000000000002 5.5000000000000009 -37.499999999999993 49.500000000000007 20.500000000000004 16.500000000000004 -39.499999999999993 -53.499999999999993 56.500000000000007 18.500000000000004 31.500000000000004 46.500000000000007 12.500000000000002 6.5000000000000009 3.5000000000000004 -66.499999999999986 56.95000000000001 60.550000000000004 -69.499999999999986
decision_type=2 2 2 2 2 2 2 2 2 2 2 2 2 2 2 2 2 2 2 2 2 2 2 2 2 2 2 2 2 2
left_child=1 2 3 4 -1 -5 -7 8 9 26 11 14 13 -13 15 16 17 18 -9 -16 -14 -22 -23 24 25 -19 28 -28 29 -3
right_child=-2 7 -4 5 -6 6 -8 10 -10 -11 -12 12 20 -15 19 -17 -18 23 -20 -21 21 22 -24 -25 -26 -27 27 -29 -30 -31
leaf_value=-0.0016499382289104942 -7.884403226629549e-05 3.3768748695200142e-05 0.0012492958471697095 0.0015724652102721737 -0.00013166650290987646 0.00013309759591450477 -0.0011203247513891996 -0.00041736396587958879 -0.0001962502151703299 0.00028412914159214105 4.5509830377556081e-07 0.0024140070833754343 0.0031916357106664809 -0.00037038667194455984 -0.0019313706536636208 0.00098087290240283522 -0.001728523242872444 -0.00022629695414867778 0.0015503000990758019 -0.00017398782283076925 -0.00042185406112727131 0.0033138517641796254 0.00076016561166075865 0.0012981853889722896 -0.001523672703892813 0.0022125073050687071 -0.0011982918188187749 5.415102945707082e-05 -0.0009411135737441089 0.0018241759123546735
leaf_weight=259 14669 1375 453 203 684 5844 207 437 19532 7877 440174 244 206 751 330 1783 269 3269 620 505 212 212 209 274 436 218 1055 1066 456 392
leaf_count=259 14669 1375 453 203 684 5844 207 437 19532 7877 440174 244 206 751 330 1783 269 3269 620 505 212 212 209 274 436 218 1055 1066 456 392
internal_value=-4.68234e-12 2.36249e-06 0.000119433 4.83162e-05 -0.000548668 0.000138332 9.0219e-05 5.0404e-07 -7.77623e-05 0.000111609 6.02486e-06 0.000251806 0.000948916 0.000312419 9.47609e-05 0.000204854 -4.56693e-05 4.04913e-05 0.0007368 -0.000868522 0.00170376 0.00121955 0.00204611 -0.000134872 -0.000234963 -7.3828e-05 -0.000201223 -0.000568823 0.00014951 0.000430962
internal_weight=504221 489552 7650 7197 943 6254 6051 481902 31753 12221 450149 9975 1834 995 8141 7306 5523 5254 1057 835 839 633 421 4197 3923 3487 4344 2121 2223 1767
internal_count=504221 489552 7650 7197 943 6254 6051 481902 31753 12221 450149 9975 1834 995 8141 7306 5523 5254 1057 835 839 633 421 4197 3923 3487 4344 2121 2223 1767
is_linear=0
shrinkage=0.05


Tree=181
num_leaves=31
num_cat=0
split_feature=0 1 1 1 1 0 0 0 1 1 1 1 1 1 0 0 0 1 0 1 0 0 1 0 1 1 1 0 0 0
split_gain=0.0356358 0.153676 0.227128 0.228695 0.226384 0.340573 0.0437066 0.680634 0.551436 0.451545 0.584301 0.430328 0.613584 0.388242 0.736057 0.893624 1.56798 0.340491 0.681531 2.18594 1.15302 1.06221 1.19605 0.776644 1.85736 2.20733 0.692504 0.69179 0.51279 1.45998
threshold=113.05000000000001 1.5000000000000002 8.5000000000000018 20.500000000000004 15.500000000000002 114.35000000000001 100.45000000000002 100.55000000000001 31.500000000000004 44.500000000000007 24.500000000000004 12.500000000000002 1.0000000180025095e-35 23.500000000000004 102.25000000000001 103.85000000000001 104.95000000000002 31.500000000000004 101.35000000000001 37.500000000000007 100.85000000000001 101.65000000000002 35.500000000000007 102.15000000000002 37.500000000000007 34.500000000000007 34.500000000000007 102.35000000000001 101.45000000000002 101.65000000000002
decision_type=2 2 2 2 2 2 2 2 2 2 2 2 2 2 2 2 2 2 2 2 2 2 2 2 2 2 2 2 2 2
left_child=6 -2 -3 4 5 -4 -1 8 11 10 13 12 -8 -9 -15 -16 -17 28 19 20 -19 22 -20 24 25 -23 -22 -25 -12 -30
right_child=1 2 3 -5 -6 -7 7 9 -10 -11 17 -13 -14 14 15 16 -18 18 21 -21 26 23 -24 27 -26 -27 -28 -29 29 -31
leaf_value=7.2002588906173685e-06 0.0014728457731310674 -0.0011776340807660368 0.0015485096995335535 -0.0006160550515159945 0.0020669859240077578 -0.0012658681643263597 -0.0021190806781003217 -4.2348125046744181e-05 0.0011273813050459414 -0.0007971366140072508 0.0012180553428672554 -0.0025763012419109436 0.00076129854440049288 -0.0023875164607974147 0.0018061775034788439 -0.0042220660641680667 3.2470548265800238e-05 0.0025305216934637816 -0.00044073328932291243 -0.0036157222252194456 -0.002565980084900615 -0.00025541489215000814 0.0041751490323804321 0.0026293645894612284 0.0015416720222968321 -0.0068415093661869991 0.00095985739465698184 9.4306641137273536e-05 -0.0027567516740721961 0.0003800859979717023
leaf_weight=389485 217 299 226 374 265 205 379 85141 238 1810 1646 534 361 506 414 274 1033 387 241 515 316 276 336 281 325 236 249 6363 384 10905
leaf_count=389485 217 299 226 374 265 205 379 85141 238 1810 1646 534 361 506 414 274 1033 387 241 515 316 276 336 281 325 236 249 6363 384 10905
internal_value=-9.00714e-13 0.000236634 4.06825e-05 0.000381128 0.000916971 0.000209884 -7.4667e-07 -2.81016e-05 -0.00108183 -1.38301e-05 -9.20958e-07 -0.00149454 -0.000713923 -5.93946e-05 -0.000711105 -0.000218214 -0.000859452 0.000226538 -3.27519e-07 -0.000991568 0.000428011 0.000180133 0.0022472 2.07028e-05 -0.00141463 -0.00329119 -0.00101212 0.000201524 0.000393596 0.000273385
internal_weight=504221 1586 1369 1070 696 431 502635 113150 1512 111638 109828 1274 740 87368 2227 1721 1307 22460 9525 1467 952 8058 577 7481 837 512 565 6644 12935 11289
internal_count=504221 1586 1369 1070 696 431 502635 113150 1512 111638 109828 1274 740 87368 2227 1721 1307 22460 9525 1467 952 8058 577 7481 837 512 565 6644 12935 11289
is_linear=0
shrinkage=0.05


Tree=182
num_leaves=31
num_cat=0
split_feature=1 1 0 0 0 0 0 0 0 0 0 1 0 0 1 0 0 0 1 0 0 0 1 0 0 0 0 1 1 0
split_gain=0.0351094 0.148474 0.330868 0.39809 0.253784 0.38986 0.22062 0.309652 0.649864 0.19761 0.182741 0.145417 0.305252 0.144069 0.165556 0.14798 0.389226 0.176771 0.619605 0.295401 0.197407 0.19723 0.252516 0.168138 0.243308 0.234365 0.238501 0.423682 0.129853 0.381194
threshold=-17.499999999999996 -16.499999999999996 74.350000000000009 80.15000000000002 103.75000000000001 101.45000000000002 98.65000000000002 89.450000000000017 91.250000000000014 64.65000000000002 84.65000000000002 -15.499999999999998 105.05000000000001 107.25000000000001 -20.499999999999996 106.25000000000001 105.65000000000002 104.15000000000002 -22.499999999999996 102.05000000000001 103.55000000000001 101.25000000000001 -21.499999999999996 99.850000000000009 99.15000000000002 98.750000000000014 97.750000000000014 -27.499999999999996 -29.499999999999996 29.850000000000005
decision_type=2 2 2 2 2 2 2 2 2 2 2 2 2 2 2 2 2 2 2 2 2 2 2 2 2 2 2 2 2 2
left_child=13 2 9 -4 5 6 7 10 -9 -2 -5 12 -3 15 -15 16 17 19 -19 21 -21 23 -23 24 25 26 28 -28 -1 -30
right_child=1 11 3 4 -6 -7 -8 8 -10 -11 -12 -13 -14 14 -16 -17 -18 18 -20 20 -22 22 -24 -25 -26 -27 27 -29 29 -31
leaf_value=3.5260048906782857e-05 0.00055801263242437132 -0.00042120494918576308 0.0021917249702594495 0.0006681311645291069 -0.0010458931712241009 0.002593825181613222 -0.0010034712588917599 0.0035835043696934368 0.0004697269139190515 -0.001232751370652726 -0.00099950876068689073 5.1895537669681998e-06 0.0014782501392894322 -0.0001874229110651571 -0.0017052484559396978 0.0010194148293500131 -0.0020887756402966236 -0.00063088168804558168 0.0022990131206069775 -0.0010976747832266368 0.00024876120986173981 8.8395193179554123e-05 0.0022002586889765864 -0.00061160735723821201 0.00098986882953141435 -0.0013565491044484988 0.0026193880208252324 0.00017493085158981294 0.0020232801852018939 -0.00013104440901921219
leaf_weight=33864 228 3529 330 275 290 207 274 203 960 475 408 429998 225 533 271 337 229 382 342 1046 368 376 227 1199 598 328 233 741 207 25538
leaf_count=33864 228 3529 330 275 290 207 274 203 960 475 408 429998 225 533 271 337 229 382 342 1046 368 376 227 1199 598 328 233 741 207 25538
internal_value=1.33955e-12 5.15681e-06 0.00032272 0.000555228 0.000348868 0.000522689 0.00032046 0.00051697 0.00101323 -0.000651963 -0.000328058 2.48453e-06 -0.000307359 -3.37568e-05 -0.000699028 -2.56545e-05 -3.10168e-05 -2.38169e-05 0.000753129 -3.25077e-05 -0.000747259 -1.65443e-05 0.000883408 -2.51982e-05 -1.37673e-05 -2.36206e-05 -1.6404e-05 0.000759693 -2.90853e-05 -0.000113723
internal_weight=504221 437402 3650 2947 2617 2327 2120 1846 1163 703 683 433752 3754 66819 804 66015 65678 65449 724 64725 1414 63311 603 62708 61509 60911 60583 974 59609 25745
internal_count=504221 437402 3650 2947 2617 2327 2120 1846 1163 703 683 433752 3754 66819 804 66015 65678 65449 724 64725 1414 63311 603 62708 61509 60911 60583 974 59609 25745
is_linear=0
shrinkage=0.05


Tree=183
num_leaves=31
num_cat=0
split_feature=1 0 0 1 0 1 0 1 1 0 0 0 0 1 1 0 0 1 0 1 0 0 0 1 0 0 1 0 1 0
split_gain=0.0351081 0.6165 0.593198 0.956227 0.762775 0.58953 1.05843 0.670814 1.47513 1.24067 0.818688 0.748953 0.697489 0.608198 0.562447 0.553502 0.504812 1.11962 0.945001 0.986696 0.921952 0.805986 0.773395 0.779653 0.574984 0.91084 0.644526 0.487051 0.453516 0.447231
threshold=16.500000000000004 77.15000000000002 78.950000000000017 12.500000000000002 69.050000000000011 26.500000000000004 71.250000000000014 36.500000000000007 45.500000000000007 70.050000000000011 76.850000000000009 61.550000000000004 64.65000000000002 18.500000000000004 14.500000000000002 75.65000000000002 97.850000000000009 12.500000000000002 96.350000000000009 -2.4999999999999996 91.65000000000002 96.450000000000017 81.350000000000009 14.500000000000002 96.850000000000009 97.050000000000011 -11.499999999999998 66.550000000000011 -31.499999999999996 64.050000000000011
decision_type=2 2 2 2 2 2 2 2 2 2 2 2 2 2 2 2 2 2 2 2 2 2 2 2 2 2 2 2 2 2
left_child=2 5 3 28 14 6 13 9 11 12 -11 -9 -7 -2 27 -6 17 18 -4 24 22 -21 23 -19 -20 26 -26 -5 -1 -13
right_child=1 -3 16 4 15 7 -8 8 -10 10 -12 29 -14 -15 -16 -17 -18 20 19 21 -22 -23 -24 -25 25 -27 -28 -29 -30 -31
leaf_value=0.00010940613661979567 -0.001211352900815468 -5.1350755904835404e-05 1.7627459154291478e-05 0.00023344036615718673 -0.0020014464235145776 -0.00030739454480335695 0.0011320966577692989 -0.0002917070548582044 -3.3092542199446081e-05 -0.0010947048048640252 0.0020265093765448076 0.0030456768217110874 0.0010842277863087253 0.00028961660134246213 -0.00094198825928939176 -0.00052155006240540568 -3.1618448187810691e-05 -0.0017896905588875912 0.00076707227699170815 0.0034072517947508745 9.4430269816518495e-05 0.00083831198264287192 0.0011961917076720079 0.0010620480002530043 -0.00049998051138215149 8.8991717953232444e-05 -0.0033799386521180469 0.0031442860701107627 -0.0001652169649715281 0.0010407087538875078
leaf_weight=23215 833 190820 89373 492 1490 1935 3961 1082 16873 3917 222 297 1684 3556 676 1097 92402 471 1864 325 5367 5043 5699 488 422 3018 360 203 42657 4379
leaf_count=23215 833 190820 89373 492 1490 1935 3961 1082 16873 3917 222 297 1684 3556 676 1097 92402 471 1864 325 5367 5043 5699 488 422 3018 360 203 42657 4379
internal_value=7.22556e-12 -1.44316e-05 1.20618e-05 -0.000113787 -0.000868605 0.000167424 0.000539527 6.51811e-05 0.000202723 -0.000336046 -0.000927295 0.000893748 0.000340158 4.7436e-06 8.48714e-05 -0.00137391 5.49653e-05 0.000126125 7.15205e-05 0.000508121 0.000582057 0.000993846 0.000975132 -0.000338545 4.77807e-05 -0.000305051 -0.00182579 0.00108366 -6.84327e-05 0.00116806
internal_weight=504221 229559 274662 69830 3958 38739 8350 30389 22631 7758 4139 5758 3619 4389 1371 2587 204832 112430 100405 11032 12025 5368 6658 959 5664 3800 782 695 65872 4676
internal_count=504221 229559 274662 69830 3958 38739 8350 30389 22631 7758 4139 5758 3619 4389 1371 2587 204832 112430 100405 11032 12025 5368 6658 959 5664 3800 782 695 65872 4676
is_linear=0
shrinkage=0.05


Tree=184
num_leaves=31
num_cat=0
split_feature=0 0 1 1 1 0 1 1 0 0 1 1 1 0 1 1 0 0 1 0 1 0 0 0 0 0 0 0 0 1
split_gain=0.0377247 0.494549 0.366995 0.356226 0.390217 0.539567 0.40865 0.535818 0.710014 0.455114 1.10064 1.46224 0.856056 0.787986 0.783066 0.478108 0.437461 0.471351 0.399748 0.631636 0.549921 1.36045 0.860891 0.696733 0.722057 1.31884 0.618483 0.562185 0.691006 0.583251
threshold=102.85000000000001 102.95000000000002 27.500000000000004 47.500000000000007 24.500000000000004 103.15000000000002 12.500000000000002 10.500000000000002 111.15000000000002 103.95000000000002 1.5000000000000002 3.5000000000000004 -4.4999999999999991 103.75000000000001 2.5000000000000004 8.5000000000000018 106.85000000000001 107.85000000000001 17.500000000000004 103.25000000000001 15.500000000000002 111.15000000000002 104.35000000000001 104.95000000000002 106.65000000000002 107.25000000000001 103.75000000000001 104.45000000000002 106.85000000000001 14.500000000000002
decision_type=2 2 2 2 2 2 2 2 2 2 2 2 2 2 2 2 2 2 2 2 2 2 2 2 2 2 2 2 2 2
left_child=-1 2 -2 4 5 -3 7 9 16 10 12 14 -7 15 -12 -13 -9 -18 20 -20 26 22 -22 -24 -25 -26 -8 -28 -29 -30
right_child=1 3 -4 -5 -6 6 18 8 -10 -11 11 13 -14 -15 -16 -17 17 -19 19 -21 21 -23 23 24 25 -27 27 28 29 -31
leaf_value=-5.8158033311622981e-06 0.00056122820650658667 -0.00080067083029427026 0.0025842463798195561 -0.0013930116565762634 0.00025620569169320333 0.00051182287993988256 0.0014481376386847906 0.00040223814357720066 -0.0015630455442925207 -4.8139000442621709e-05 0.0016253275021411587 0.00062614539452872354 -0.0012501373024848242 0.0024591428936516818 0.0058196446913130143 -0.0015077337792441662 0.0028106289755638917 0.0008899554857890765 0.0026410687234666615 -3.371321292467442e-05 -0.0026721568795518777 0.0021771698457284283 0.0012533016713722697 -0.0021296639346342155 0.0027032106160351363 -0.0011193753361612875 -0.0016666565001202385 0.00062904266345281614 -9.0036858052200625e-05 -0.001667027044382919
leaf_weight=427005 1233 2205 274 447 14452 1763 574 2179 333 28090 209 955 1132 452 238 362 477 967 225 11587 751 332 371 966 282 1129 642 1943 1769 877
leaf_count=427005 1233 2205 274 447 14452 1763 574 2179 333 28090 209 955 1132 452 238 362 477 967 225 11587 751 332 371 966 282 1129 642 1943 1769 877
internal_value=3.37809e-15 3.21614e-05 0.00092905 1.43087e-05 2.26672e-05 -3.28352e-05 -3.94557e-06 9.63661e-05 0.000646421 3.08254e-05 0.000464813 0.00130346 -0.000177137 0.00065783 0.00385854 3.96122e-05 0.000849499 0.00152442 -0.000177728 1.72372e-05 -0.00041672 -0.000881681 -0.00117192 -0.000761918 -0.00107645 -0.0003554 -0.000109869 -0.00028083 -8.69532e-05 -0.00061272
internal_weight=504221 77216 1507 75709 75262 60810 58605 37157 3956 33201 5111 2216 2895 1769 447 1317 3623 1444 21448 11812 9636 3831 3499 2748 2377 1411 5805 5231 4589 2646
internal_count=504221 77216 1507 75709 75262 60810 58605 37157 3956 33201 5111 2216 2895 1769 447 1317 3623 1444 21448 11812 9636 3831 3499 2748 2377 1411 5805 5231 4589 2646
is_linear=0
shrinkage=0.05


Tree=185
num_leaves=31
num_cat=0
split_feature=0 1 1 1 1 1 1 0 1 1 1 1 0 0 1 0 1 0 0 0 1 0 1 1 1 1 0 1 0 0
split_gain=0.0368457 0.334327 0.253174 0.112785 0.213105 0.323739 0.181014 0.19547 0.0919425 0.95286 0.315558 0.292796 0.363017 0.293519 0.441835 0.282685 0.257124 0.264238 0.307263 0.257389 0.240025 0.382851 0.234839 0.203143 0.266337 0.448715 0.189125 0.311297 0.187176 0.175242
threshold=109.05000000000001 35.500000000000007 30.500000000000004 -18.499999999999996 -11.499999999999998 -6.4999999999999991 -3.4999999999999996 110.45000000000002 21.500000000000004 20.500000000000004 22.500000000000004 16.500000000000004 112.55000000000001 111.15000000000002 17.500000000000004 110.05000000000001 11.500000000000002 109.45000000000002 109.85000000000001 113.55000000000001 -1.0000000180025095e-35 112.55000000000001 7.5000000000000009 12.500000000000002 14.500000000000002 15.500000000000002 109.65000000000002 10.500000000000002 111.15000000000002 110.65000000000002
decision_type=2 2 2 2 2 2 2 2 2 2 2 2 2 2 2 2 2 2 2 2 2 2 2 2 2 2 2 2 2 2
left_child=-1 2 3 -2 -5 -6 7 -7 9 11 -10 16 13 14 -13 -16 19 -18 -19 20 -8 22 -22 -20 28 -26 -24 -28 -25 -12
right_child=1 -3 -4 4 5 6 8 -9 10 -11 29 12 -14 -15 15 -17 17 18 23 -21 21 -23 26 24 25 -27 27 -29 -30 -31
leaf_value=-2.1653270683457773e-06 -0.00092365792376941517 0.0020299919395952181 -0.0011607893026401501 0.0014637076067966182 -0.0012738484766264008 0.00227820890311578 -0.00074207468200594132 9.6866672947293244e-05 0.001842647734385148 -0.0024528049383192294 0.00059451187470686276 -0.0011074479046233353 0.0024540332919162403 -0.00090022734721146875 0.00063209439906469897 0.0027474563941359519 0.0009052238171445388 -0.0022002552399834527 -0.0015122670802733542 -0.0009991707619991404 -3.9630275744112953e-05 0.0020102680564798351 0.0018610535520186041 -0.00034936217983302324 -0.0021900367027926216 0.00048128736525541175 -4.7056747549404836e-05 0.0020158534251214543 0.0014271530427678086 -0.00041439067942436523
leaf_weight=491604 267 217 417 286 424 201 469 210 318 372 933 210 265 315 371 275 306 282 328 403 2060 359 326 266 309 320 730 244 335 799
leaf_count=491604 267 217 417 286 424 201 469 210 318 372 933 210 265 315 371 275 306 282 328 403 2060 359 326 266 309 320 730 244 335 799
internal_value=-1.98338e-12 8.43689e-05 5.03205e-05 9.24663e-05 0.000115623 8.18915e-05 0.000134121 0.00116365 9.4183e-05 2.20393e-05 0.000394899 0.000134684 0.000782897 0.000404716 0.000884922 0.0015326 -3.48393e-06 -0.000455285 -0.000681543 0.000207704 0.000323838 0.00045826 0.000292435 -0.000406654 -0.000111824 -0.000831017 0.000818631 0.00046973 0.000640875 0.000129089
internal_weight=504221 12617 12400 11983 11716 11430 11006 411 10595 8545 2050 8173 1436 1171 856 646 6737 2146 1840 4591 4188 3719 3360 1558 1230 629 1300 974 601 1732
internal_count=504221 12617 12400 11983 11716 11430 11006 411 10595 8545 2050 8173 1436 1171 856 646 6737 2146 1840 4591 4188 3719 3360 1558 1230 629 1300 974 601 1732
is_linear=0
shrinkage=0.05


Tree=186
num_leaves=31
num_cat=0
split_feature=0 1 1 0 1 0 0 1 0 1 1 1 1 0 0 0 1 1 1 1 1 1 0 0 0 1 0 1 0 0
split_gain=0.034053 0.144398 0.220272 0.152985 0.144287 0.148469 0.159972 0.225044 0.0614825 0.0511373 0.172216 0.139937 0.100839 0.0860089 0.0472786 0.60472 0.497016 0.438837 0.551116 0.389767 0.550636 0.347397 0.917141 0.879389 1.37712 1.55033 0.846681 1.31233 1.08722 0.974211
threshold=110.45000000000002 -2.4999999999999996 1.5000000000000002 111.75000000000001 3.5000000000000004 115.45000000000002 114.35000000000001 6.5000000000000009 111.45000000000002 13.500000000000002 11.500000000000002 9.5000000000000018 12.500000000000002 111.75000000000001 100.45000000000002 100.55000000000001 31.500000000000004 42.500000000000007 24.500000000000004 12.500000000000002 1.0000000180025095e-35 34.500000000000007 101.05000000000001 105.05000000000001 106.25000000000001 37.500000000000007 104.15000000000002 41.500000000000007 104.45000000000002 101.55000000000001
decision_type=2 2 2 2 2 2 2 2 2 2 2 2 2 2 2 2 2 2 2 2 2 2 2 2 2 2 2 2 2 2
left_child=14 3 -3 -2 -4 6 7 8 -6 10 11 13 -12 -9 -1 16 19 18 -17 20 -16 -20 -23 26 -25 -26 27 29 -28 -24
right_child=1 2 4 -5 5 -7 -8 9 -10 -11 12 -13 -14 -15 15 17 -18 -19 21 -21 -22 22 23 24 25 -27 28 -29 -30 -31
leaf_value=6.6326273934021505e-06 -0.0014260578277617395 0.0012509415175632709 -0.00093573011317343077 0.00024812669749278948 0.0017697961936736931 0.0012668045935341082 -0.00098956664671610221 0.00024536161524785677 0.00065704904747812933 0.00017709609729196576 -0.0017477887195416026 0.00090418848525827301 -0.00023315042921914742 -0.00098052388127401195 -0.0020036776252778982 -5.9320973286879369e-05 0.001073719625666487 -0.00068497412798355841 0.0003413741037563834 -0.0024449841663492528 0.00072495408802502204 -0.0021473805471433432 0.0018901215678378315 -0.0029929400120735396 -0.001639809586808213 0.0026846112878692731 0.0050003773383130992 0.0039473929038306458 0.00050598391599798417 -0.00062033753414087898
leaf_weight=389485 299 448 318 251 232 287 317 311 267 2713 227 394 213 265 379 83088 238 2401 16019 534 361 508 476 523 468 372 224 212 337 2054
leaf_count=389485 299 448 318 251 232 287 317 311 267 2713 227 394 213 265 379 83088 238 2401 16019 534 361 508 476 523 468 372 224 212 337 2054
internal_value=7.44814e-13 0.000113333 0.000184502 -0.000662021 9.83251e-05 0.000161247 9.70042e-05 0.000171527 0.0011744 5.01507e-05 -0.000194107 0.000178061 -0.00101457 -0.000318631 -1.48976e-06 -3.07294e-05 -0.00102365 -1.66567e-05 -1.26915e-06 -0.00141547 -0.000672548 0.000226325 -0.000129872 8.97792e-05 -0.00097877 0.000275291 0.000530721 0.000168626 0.00230054 -0.000148014
internal_weight=504221 6542 5992 550 5544 5226 4939 4622 499 4123 1410 970 440 576 497679 108194 1512 106682 104281 1274 740 21193 5174 4666 1363 840 3303 2742 561 2530
internal_count=504221 6542 5992 550 5544 5226 4939 4622 499 4123 1410 970 440 576 497679 108194 1512 106682 104281 1274 740 21193 5174 4666 1363 840 3303 2742 561 2530
is_linear=0
shrinkage=0.05


Tree=187
num_leaves=31
num_cat=0
split_feature=1 0 0 1 0 1 0 1 1 0 0 0 0 1 0 0 1 0 1 0 0 0 0 0 1 0 1 0 0 1
split_gain=0.0360855 0.562777 0.54167 0.862995 0.688404 0.53205 0.965339 0.60541 1.33131 1.11971 0.738866 0.675931 0.629484 0.507608 0.499535 0.442986 1.01046 0.852863 0.890493 0.832062 0.727403 0.703569 0.518923 0.822033 0.581685 0.439564 0.424545 0.424237 0.403626 0.376675
threshold=16.500000000000004 77.15000000000002 78.950000000000017 12.500000000000002 69.050000000000011 26.500000000000004 69.050000000000011 36.500000000000007 45.500000000000007 70.050000000000011 76.850000000000009 61.550000000000004 64.65000000000002 14.500000000000002 75.65000000000002 97.850000000000009 12.500000000000002 96.350000000000009 -2.4999999999999996 91.65000000000002 96.450000000000017 80.750000000000014 96.850000000000009 97.050000000000011 -11.499999999999998 66.550000000000011 14.500000000000002 78.65000000000002 64.050000000000011 -30.499999999999996
decision_type=2 2 2 2 2 2 2 2 2 2 2 2 2 2 2 2 2 2 2 2 2 2 2 2 2 2 2 2 2 2
left_child=2 5 3 27 13 6 -2 9 11 12 -11 -9 -7 25 -6 16 17 -4 22 21 -20 -18 -19 24 -24 -5 -21 29 -13 -1
right_child=1 -3 15 4 14 7 -8 8 -10 10 -12 28 -14 -15 -16 -17 19 18 20 26 -22 -23 23 -25 -26 -27 -28 -29 -30 -31
leaf_value=0.00010982406240459221 -0.00013413322977022928 -4.9905009635494135e-05 1.68135071906047e-05 0.00022183575599295336 -0.0019013066094793732 -0.00029195733878578634 0.00095950329372077113 -0.0002770543849016514 -3.1370488929586751e-05 -0.0010399021518925282 0.0019252512289362181 0.0028934604516535098 0.001030083811944771 -0.00089482144072387359 -0.00049540518478251858 -2.7882186758291833e-05 -0.00055655917199719858 0.00072878602004805863 0.0032369567178762875 0.00054853439081209497 0.00079646376873440975 0.0011045831446063927 -0.00047491405079785681 8.4609589172247003e-05 -0.003210874408897427 0.0029871394481564978 -0.00034129410338902598 -0.0010547716730217418 0.0009887407271378212 -0.00014035255468983801
leaf_weight=23748 3412 190820 89373 492 1490 1935 4938 1082 16873 3917 222 297 1684 676 1097 92402 714 1864 325 2600 5043 5944 422 3018 360 203 2767 1065 4379 41059
leaf_count=23748 3412 190820 89373 492 1490 1935 4938 1082 16873 3917 222 297 1684 676 1097 92402 714 1864 325 2600 5043 5944 422 3018 360 203 2767 1065 4379 41059
internal_value=1.06667e-12 -1.46311e-05 1.22285e-05 -0.00010803 -0.000825107 0.00015912 0.000512619 6.19895e-05 0.000192655 -0.000319176 -0.000880863 0.000849128 0.000323217 8.06953e-05 -0.00130514 5.32263e-05 0.000119886 6.80119e-05 0.000482783 0.000553022 0.000944221 0.000926443 4.54591e-05 -0.000289731 -0.00173444 0.00102954 8.97762e-05 -6.49436e-05 0.00110972 -4.86774e-05
internal_weight=504221 229559 274662 69830 3958 38739 8350 30389 22631 7758 4139 5758 3619 1371 2587 204832 112430 100405 11032 12025 5368 6658 5664 3800 782 695 5367 65872 4676 64807
internal_count=504221 229559 274662 69830 3958 38739 8350 30389 22631 7758 4139 5758 3619 1371 2587 204832 112430 100405 11032 12025 5368 6658 5664 3800 782 695 5367 65872 4676 64807
is_linear=0
shrinkage=0.05


Tree=188
num_leaves=31
num_cat=0
split_feature=0 0 1 1 1 0 1 1 0 0 1 1 1 0 1 1 0 0 1 0 1 0 0 0 0 0 0 0 0 1
split_gain=0.0370139 0.448947 0.33192 0.305663 0.324915 0.484844 0.369045 0.487603 0.624873 0.413971 0.993332 1.31967 0.772591 0.711158 0.706717 0.431492 0.391842 0.428193 0.349046 0.572607 0.501235 1.19828 0.780083 0.626418 0.657166 1.18443 0.555378 0.51056 0.615032 0.495285
threshold=102.85000000000001 102.95000000000002 27.500000000000004 47.500000000000007 24.500000000000004 103.15000000000002 12.500000000000002 10.500000000000002 111.15000000000002 103.95000000000002 1.5000000000000002 3.5000000000000004 -4.4999999999999991 103.75000000000001 2.5000000000000004 8.5000000000000018 106.85000000000001 107.85000000000001 17.500000000000004 103.25000000000001 15.500000000000002 111.15000000000002 104.35000000000001 104.95000000000002 106.65000000000002 107.25000000000001 103.75000000000001 104.45000000000002 106.85000000000001 14.500000000000002
decision_type=2 2 2 2 2 2 2 2 2 2 2 2 2 2 2 2 2 2 2 2 2 2 2 2 2 2 2 2 2 2
left_child=-1 2 -2 4 5 -3 7 9 16 10 12 14 -7 15 -12 -13 -9 -18 20 -20 26 22 -22 -24 -25 -26 -8 -28 -29 -30
right_child=1 3 -4 -5 -6 6 18 8 -10 -11 11 13 -14 -15 -16 -17 17 -19 19 -21 21 -23 23 24 25 -27 27 28 29 -31
leaf_value=-5.7607467403469179e-06 0.00053659109255209847 -0.00075591366516766486 0.0024605075215213819 -0.0012887758097764506 0.00023569333583257202 0.00049070023968012856 0.0013801992979575637 0.00038659464873069197 -0.0014533839591949419 -4.3176670876872387e-05 0.001548528977843563 0.00059930651326766185 -0.00118316224391174 0.0023406540325933457 0.005533130908337962 -0.0014278786385545086 0.0026745660017699442 0.00084393371630403675 0.002514584831065602 -3.2146397250690161e-05 -0.0025335250638137646 0.0020377184065894774 0.0011956803505672922 -0.0020181606413784978 0.002573065474920028 -0.0010494982988711371 -0.0015788553981835784 0.0006020589383645918 -8.7794985352615778e-05 -0.0015410059740174321
leaf_weight=427005 1233 2205 274 447 14452 1763 574 2179 333 28090 209 955 1132 452 238 362 477 967 225 11587 751 332 371 966 282 1129 642 1943 1769 877
leaf_count=427005 1233 2205 274 447 14452 1763 574 2179 333 28090 209 955 1132 452 238 362 477 967 225 11587 751 332 371 966 282 1129 642 1943 1769 877
internal_value=3.14519e-12 3.1857e-05 0.000886394 1.48473e-05 2.25898e-05 -2.8056e-05 -6.70494e-07 9.46563e-05 0.000619379 3.2134e-05 0.000446041 0.00124276 -0.000163812 0.000629407 0.00367008 4.21e-05 0.000809893 0.00144865 -0.000165817 1.63648e-05 -0.000389139 -0.000833041 -0.00110543 -0.000715147 -0.00101339 -0.000325499 -9.61864e-05 -0.000258191 -7.34302e-05 -0.000569453
internal_weight=504221 77216 1507 75709 75262 60810 58605 37157 3956 33201 5111 2216 2895 1769 447 1317 3623 1444 21448 11812 9636 3831 3499 2748 2377 1411 5805 5231 4589 2646
internal_count=504221 77216 1507 75709 75262 60810 58605 37157 3956 33201 5111 2216 2895 1769 447 1317 3623 1444 21448 11812 9636 3831 3499 2748 2377 1411 5805 5231 4589 2646
is_linear=0
shrinkage=0.05


Tree=189
num_leaves=31
num_cat=0
split_feature=0 0 1 1 1 0 0 1 1 1 1 1 1 1 0 1 0 1 0 0 0 0 0 1 1 1 1 0 1 0
split_gain=0.0353384 0.174754 1.78214 0.720833 0.568523 0.387067 0.281317 0.281138 0.464247 0.29674 0.127332 0.101844 0.36906 0.342198 0.360304 0.334143 0.543821 0.398945 0.532291 0.257777 0.603526 0.271631 0.238553 0.66267 0.234129 0.284131 0.293546 0.260017 0.2537 0.513667
threshold=108.05000000000001 107.65000000000002 6.5000000000000009 1.5000000000000002 25.500000000000004 107.85000000000001 107.85000000000001 15.500000000000002 12.500000000000002 20.500000000000004 36.500000000000007 20.500000000000004 17.500000000000004 21.500000000000004 109.45000000000002 14.500000000000002 108.45000000000002 15.500000000000002 111.15000000000002 111.15000000000002 112.55000000000001 110.05000000000001 108.25000000000001 6.5000000000000009 13.500000000000002 11.500000000000002 8.5000000000000018 109.65000000000002 6.5000000000000009 109.05000000000001
decision_type=2 2 2 2 2 2 2 2 2 2 2 2 2 2 2 2 2 2 2 2 2 2 2 2 2 2 2 2 2 2
left_child=1 -1 3 6 7 -6 -3 8 -4 -9 11 12 15 14 -13 22 -17 -18 -19 21 -21 -14 23 -2 25 26 28 -26 -24 -30
right_child=10 2 4 -5 5 -7 -8 9 -10 -11 -12 13 19 -15 -16 16 17 18 -20 20 -22 -23 24 -25 27 -27 -28 -29 29 -31
leaf_value=-2.7002514846934436e-07 -0.00015712140157120302 -0.002044010640886741 0.0012323577401045826 -0.0039034326913689622 0.0003668905921438907 -0.002568838600675727 9.7515320700734947e-07 0.00265399410569306 -0.0013862187042832375 0.000606602273802174 0.0010995369075106926 0.00026986717027338114 0.00080063658652521877 1.5062038901917869e-06 -0.0024290508338529024 -0.0029682099301781921 -0.0014109710376094846 -0.00052624031912857369 0.0019358324617742145 -0.0019121601091737443 0.001800058671250576 0.0026105753494934606 8.9991472427208369e-05 0.0027720098383724693 0.0024995753163527148 -0.00071692587147435534 0.00071089038099705079 0.0001912061392644106 -0.0027362258285284044 -0.00011206524911633507
leaf_weight=482406 512 369 485 351 235 215 309 383 260 329 294 204 842 3907 314 216 515 648 332 235 205 275 5756 310 202 1190 1630 308 250 734
leaf_count=482406 512 369 485 351 235 215 309 383 260 329 294 204 842 3907 314 216 515 648 332 235 205 275 5756 310 202 1190 1630 308 250 734
internal_value=7.29122e-13 -2.61065e-06 -0.000387192 -0.00206418 0.000517697 -0.00103574 -0.001112 0.00099748 0.000318492 0.00170794 6.71147e-05 5.07826e-05 0.000116213 -0.000158595 -0.00136616 2.64921e-05 -0.000623081 -0.000284252 0.00030785 0.000842453 -0.000182604 0.00124623 0.000128532 0.000947539 6.16776e-05 5.99248e-06 0.000108773 0.0011055 -3.68429e-05 -0.000778773
internal_weight=504221 485342 2936 1029 1907 450 678 1457 745 712 18879 18585 14160 4425 518 12603 1711 1495 980 1557 440 1117 10892 822 10070 9560 8370 510 6740 984
internal_count=504221 485342 2936 1029 1907 450 678 1457 745 712 18879 18585 14160 4425 518 12603 1711 1495 980 1557 440 1117 10892 822 10070 9560 8370 510 6740 984
is_linear=0
shrinkage=0.05


Tree=190
num_leaves=31
num_cat=0
split_feature=1 0 0 1 0 1 0 1 1 1 0 0 0 0 1 0 1 0 0 1 0 1 0 0 0 1 0 1 1 0
split_gain=0.0347203 0.512554 0.489511 0.778853 0.621285 0.480175 0.880911 0.549246 0.546383 1.2015 1.01054 0.666826 0.610027 0.568109 0.458117 0.450831 0.407616 0.672065 0.676159 0.6091 0.517437 0.485926 0.396707 0.382873 0.364272 0.355339 0.615206 0.339949 0.557707 0.452653
threshold=16.500000000000004 77.15000000000002 78.950000000000017 12.500000000000002 69.050000000000011 26.500000000000004 71.250000000000014 18.500000000000004 36.500000000000007 45.500000000000007 70.050000000000011 76.850000000000009 61.550000000000004 64.65000000000002 14.500000000000002 75.65000000000002 11.500000000000002 96.750000000000014 80.750000000000014 12.500000000000002 109.85000000000001 14.500000000000002 66.550000000000011 78.65000000000002 64.050000000000011 28.500000000000004 73.250000000000014 -30.499999999999996 3.5000000000000004 64.050000000000011
decision_type=2 2 2 2 2 2 2 2 2 2 2 2 2 2 2 2 2 2 2 2 2 2 2 2 2 2 2 2 2 2
left_child=2 5 3 23 14 6 7 -2 10 12 13 25 -10 -7 22 -6 -4 18 21 20 -19 -18 -5 27 -14 26 -12 -1 -29 -30
right_child=1 -3 16 4 15 8 -8 -9 9 -11 11 -13 24 -15 -16 -17 17 19 -20 -21 -22 -23 -24 -25 -26 -27 -28 28 29 -31
leaf_value=0.00010463436814494079 -0.0011562478146096523 -4.8014880916105203e-05 2.0228584805661711e-05 0.00021104547460147036 -0.0018059396753775194 -0.00027705795302486545 0.0010278856365006732 0.00027012473211390114 -0.00026290005472335491 -2.9500426154964248e-05 0.0016502008005045356 0.0018292900384613523 0.0027490889835437944 0.00097888113929162296 -0.00084977883007928464 -0.0004703332436565605 -0.001866325962355386 0.00075712455773889898 0.00057458431109296318 -0.00012048985191846006 -0.0013185629921769384 0.0005168171534063043 0.0028380843549232768 -0.0010017314896057468 0.00093960526304831624 -0.0012309516750543554 -0.0011673708691009438 -0.00023099695289342193 -0.00053634558207969914 0.00038039209536323192
leaf_weight=23748 833 190820 172136 492 1490 1935 3961 3556 1082 16873 320 222 297 1684 676 1097 507 3548 12698 15245 328 370 203 1065 4379 3106 491 32012 1646 7401
leaf_count=23748 833 190820 172136 492 1490 1935 3961 3556 1082 16873 320 222 297 1684 676 1097 507 3548 12698 15245 328 370 203 1065 4379 3106 491 32012 1646 7401
internal_value=-4.14406e-12 -1.43517e-05 1.1995e-05 -0.000102327 -0.00078355 0.000151466 0.000487289 -5.90313e-07 5.91916e-05 0.000183323 -0.000302916 -0.000836518 0.000806973 0.000307358 7.69621e-05 -0.00123958 5.09689e-05 0.000212809 0.000481847 2.18044e-05 0.000581473 -0.000860895 0.000978368 -6.13949e-05 0.00105454 -0.000987605 -5.56287e-05 -4.5942e-05 -0.000133033 0.000213602
internal_weight=504221 229559 274662 69830 3958 38739 8350 4389 30389 22631 7758 4139 5758 3619 1371 2587 204832 32696 13575 19121 3876 877 695 65872 4676 3917 811 64807 41059 9047
internal_count=504221 229559 274662 69830 3958 38739 8350 4389 30389 22631 7758 4139 5758 3619 1371 2587 204832 32696 13575 19121 3876 877 695 65872 4676 3917 811 64807 41059 9047
is_linear=0
shrinkage=0.05


Tree=191
num_leaves=31
num_cat=0
split_feature=0 0 1 1 1 0 1 1 0 0 1 1 1 0 1 1 0 0 0 1 1 0 1 0 0 1 1 1 0 0
split_gain=0.034299 0.405169 0.300366 0.275768 0.30029 0.438108 0.323311 0.41383 0.53346 0.37114 0.896482 1.191 0.697263 0.64182 0.637812 0.389422 0.351979 0.382072 0.324411 1.6807 1.64564 0.641933 0.505712 0.377019 0.307806 0.823387 1.63227 0.405443 0.641906 0.692335
threshold=102.85000000000001 102.95000000000002 27.500000000000004 47.500000000000007 24.500000000000004 103.15000000000002 12.500000000000002 10.500000000000002 111.15000000000002 103.95000000000002 1.5000000000000002 3.5000000000000004 -4.4999999999999991 103.75000000000001 2.5000000000000004 8.5000000000000018 106.85000000000001 107.85000000000001 103.75000000000001 19.500000000000004 15.500000000000002 104.75000000000001 22.500000000000004 103.55000000000001 105.25000000000001 20.500000000000004 22.500000000000004 20.500000000000004 105.55000000000001 105.85000000000001
decision_type=2 2 2 2 2 2 2 2 2 2 2 2 2 2 2 2 2 2 2 2 2 2 2 2 2 2 2 2 2 2
left_child=-1 2 -2 4 5 -3 7 9 16 10 12 14 -7 15 -12 -13 -9 -18 19 20 -8 -20 23 -21 25 -23 -27 -26 -29 -30
right_child=1 3 -4 -5 -6 6 18 8 -10 -11 11 13 -14 -15 -16 -17 17 -19 21 22 -22 24 -24 -25 27 26 -28 28 29 -31
leaf_value=-5.5454563255128924e-06 0.00050971053961048089 -0.00071871619166852805 0.0023398958530657702 -0.0012237264083737409 0.00022673028615873776 0.00046516729902288008 0.0013172272225283736 0.0003466694364465257 -0.0013433281737260869 -4.0477227014129743e-05 0.0014701050862170864 0.00056834308966916274 -0.0011250017599166494 0.002222623431486432 0.0052554761176975837 -0.0013574826718920339 0.0025112669862244492 0.00078203254595579251 -0.00083157285467268466 0.0042052065593849086 -0.0022609277671738846 -0.00022495494601876216 0.00057194684786315007 0.0014395203310996294 1.2806335576840154e-05 0.0049157773544666952 -0.00053284109969224257 -0.0027907723130615237 0.0020028564264904041 -0.00058767762986427249
leaf_weight=427005 1233 2205 274 447 14452 1763 574 2179 333 28090 209 955 1132 452 238 362 477 967 3510 321 730 1107 302 200 10003 270 280 303 278 3570
leaf_count=427005 1233 2205 274 447 14452 1763 574 2179 333 28090 209 955 1132 452 238 362 477 967 3510 321 730 1107 302 200 10003 270 280 303 278 3570
internal_value=1.53975e-12 3.06664e-05 0.000842472 1.45073e-05 2.18615e-05 -2.68273e-05 -7.9511e-07 8.84298e-05 0.000571831 3.08311e-05 0.000422741 0.00117962 -0.000156619 0.000596939 0.00348558 3.89969e-05 0.000747859 0.00135325 -0.00015537 0.000430707 -0.000685881 -0.00021989 0.00219988 0.00314352 -8.40983e-05 0.000560675 0.00214194 -0.000159582 -0.000574999 -0.000400524
internal_weight=504221 77216 1507 75709 75262 60810 58605 37157 3956 33201 5111 2216 2895 1769 447 1317 3623 1444 21448 2127 1304 19321 823 521 15811 1657 550 14154 4151 3848
internal_count=504221 77216 1507 75709 75262 60810 58605 37157 3956 33201 5111 2216 2895 1769 447 1317 3623 1444 21448 2127 1304 19321 823 521 15811 1657 550 14154 4151 3848
is_linear=0
shrinkage=0.05


Tree=192
num_leaves=31
num_cat=0
split_feature=0 1 1 0 1 0 0 1 0 0 0 1 1 1 1 1 1 1 0 0 0 1 0 0 0 0 1 0 0 0
split_gain=0.0360228 0.135852 0.0893451 0.300377 0.132997 0.135464 0.145193 0.198472 0.055488 0.0431295 0.542338 0.449809 0.374815 0.449911 0.34902 0.495737 0.329427 0.315469 0.83065 1.71746 1.47277 1.28734 0.887431 1.25634 0.680717 1.33895 1.0732 1.4612 0.981216 0.7997
threshold=110.45000000000002 -5.4999999999999991 1.5000000000000002 112.15000000000002 3.5000000000000004 115.45000000000002 114.35000000000001 6.5000000000000009 111.45000000000002 100.45000000000002 100.55000000000001 31.500000000000004 42.500000000000007 24.500000000000004 12.500000000000002 1.0000000180025095e-35 22.500000000000004 34.500000000000007 101.25000000000001 101.55000000000001 101.75000000000001 37.500000000000007 105.05000000000001 106.85000000000001 104.15000000000002 103.75000000000001 37.500000000000007 102.95000000000002 104.45000000000002 102.35000000000001
decision_type=2 2 2 2 2 2 2 2 2 2 2 2 2 2 2 2 2 2 2 2 2 2 2 2 2 2 2 2 2 2
left_child=9 -2 3 -3 -4 6 7 8 -6 -1 11 14 13 -12 15 -11 -16 -15 21 -20 -21 -19 24 -24 25 26 27 -22 -26 -28
right_child=1 2 4 -5 5 -7 -8 -9 -10 10 12 -13 -14 17 16 -17 -18 18 19 20 22 -23 23 -25 28 -27 29 -29 -30 -31
leaf_value=6.2255562901455997e-06 -0.00086420365011514132 -9.6730166003464519e-05 -0.00088887788214773501 0.0021081711412692557 0.0016813721836962062 0.0012203357652971971 -0.00093222060490528872 5.9954243873730064e-05 0.00062426240200853529 -0.0019025324059940266 -5.4362960991058504e-05 0.0010255084271315769 -0.00063377796007999671 0.00031336132383634019 -0.0034177107560482613 0.00068650394781309481 -0.00091592063849910772 0.00034503183633008302 0.003677680757310656 -0.0040138848541632233 -0.0022094409848224224 -0.003890945319417213 -0.0023340479144514006 0.00071524020923379947 0.0047321470670535102 -0.0030921201874960715 0.004194766277536695 0.0020578519512389412 0.00046247315181292131 0.00092139674944551248
leaf_weight=389485 335 418 318 245 232 287 317 4123 267 379 83088 238 2401 16019 299 361 235 369 315 233 519 349 745 618 224 268 271 327 337 599
leaf_count=389485 335 418 318 245 232 287 317 4123 267 379 83088 238 2401 16019 299 361 235 369 315 233 519 349 745 618 224 268 271 327 337 599
internal_value=2.2272e-12 0.000116565 0.000169498 0.000718052 0.000103897 0.000164307 0.000102943 0.000173939 0.00111574 -1.53225e-06 -2.94594e-05 -0.000969774 -1.61323e-05 -1.91146e-06 -0.00134252 -0.000639503 -0.00231674 0.000203727 -0.000135708 0.000118597 -0.000152137 -0.00171396 7.81052e-05 -0.000951465 0.000629502 0.000194671 0.000707993 -0.000560026 0.0021673 0.00194103
internal_weight=504221 6542 6207 663 5544 5226 4939 4622 499 497679 108194 1512 106682 104281 1274 740 534 21193 5174 4456 4141 718 3908 1363 2545 1984 1716 846 561 870
internal_count=504221 6542 6207 663 5544 5226 4939 4622 499 497679 108194 1512 106682 104281 1274 740 534 21193 5174 4456 4141 718 3908 1363 2545 1984 1716 846 561 870
is_linear=0
shrinkage=0.05


Tree=193
num_leaves=31
num_cat=0
split_feature=1 1 0 0 0 0 0 0 0 0 0 1 0 0 0 0 1 1 0 1 0 0 0 0 0 0 0 0 1 1
split_gain=0.0334007 0.139988 0.285619 0.371152 0.228682 0.258223 0.210966 0.427135 0.441934 0.178343 0.164924 0.12608 0.275367 0.121 0.296809 0.256678 0.424747 0.298165 0.212883 0.324391 0.168548 0.453327 0.14124 0.221531 0.210095 0.221152 0.147853 0.138619 0.138616 0.116673
threshold=-17.499999999999996 -16.499999999999996 74.350000000000009 80.15000000000002 104.95000000000002 101.65000000000002 96.050000000000011 89.450000000000017 91.250000000000014 64.65000000000002 84.65000000000002 -15.499999999999998 105.05000000000001 101.95000000000002 103.55000000000001 105.55000000000001 -27.499999999999996 -19.499999999999996 101.25000000000001 -21.499999999999996 106.25000000000001 107.25000000000001 99.850000000000009 99.15000000000002 98.750000000000014 97.950000000000017 98.450000000000017 108.65000000000002 -27.499999999999996 -22.499999999999996
decision_type=2 2 2 2 2 2 2 2 2 2 2 2 2 2 2 2 2 2 2 2 2 2 2 2 2 2 2 2 2 2
left_child=13 2 9 -4 5 6 7 10 -9 -2 -5 12 -3 18 28 17 -17 -16 22 -20 -18 -22 23 24 25 -1 -27 -23 -15 -25
right_child=1 11 3 4 -6 -7 -8 8 -10 -11 -12 -13 -14 14 15 16 20 -19 19 -21 21 27 -24 29 -26 26 -28 -29 -30 -31
leaf_value=-2.8373192982895093e-05 0.00055727527983355941 -0.00039420243168973357 0.0021095667457716031 0.00063232611187479719 -0.0012164787138433761 0.0019657091519167257 -0.00047819722023317277 0.0034019307403141646 0.00071673569619655616 -0.0011439505419448804 -0.00095193196115467477 4.9537185459939461e-06 0.0014098781595627467 -0.0021768700294747144 0.0001228392836637795 0.0015783019942235731 -0.0020265090760999715 0.0021322308667004112 -3.1204288264355028e-06 0.0025077572163371815 0.0011580433301601309 -0.0019228915198134416 -0.00056293069216437498 0.00022533000782900249 -0.0012864230564091266 0.0013464943587385468 -0.0001015831164338372 -0.00050339526838221512 -0.00073103503678488525 0.0016226319335279713
leaf_weight=59817 228 3529 330 275 219 258 629 203 625 475 408 429998 225 203 800 219 232 240 332 210 283 347 1199 291 328 491 275 341 904 307
leaf_count=59817 228 3529 330 275 219 258 629 203 625 475 408 429998 225 203 800 219 232 240 332 210 283 347 1199 291 328 491 275 341 904 307
internal_value=-5.93597e-12 5.02975e-06 0.000313384 0.000529409 0.000330153 0.000471401 0.000291246 0.000611551 0.00137506 -0.000592202 -0.000314054 2.43497e-06 -0.000286073 -3.29251e-05 -0.000316175 -1.04265e-05 -0.00044703 0.000586545 -1.69422e-05 0.000969729 -0.000815731 -0.000526442 -2.54702e-05 -1.49935e-05 -2.43955e-05 -1.75628e-05 0.000826623 -0.00121933 -0.00099617 0.000942674
internal_weight=504221 437402 3650 2947 2617 2398 2140 1511 828 703 683 433752 3754 66819 3569 2462 1422 1040 63250 542 1203 971 62708 61509 60911 60583 766 688 1107 598
internal_count=504221 437402 3650 2947 2617 2398 2140 1511 828 703 683 433752 3754 66819 3569 2462 1422 1040 63250 542 1203 971 62708 61509 60911 60583 766 688 1107 598
is_linear=0
shrinkage=0.05


Tree=194
num_leaves=31
num_cat=0
split_feature=1 0 1 0 0 1 1 1 0 0 0 0 0 0 0 0 0 0 1 0 0 1 0 0 0 0 1 0 1 0
split_gain=0.0344233 0.48057 0.880043 0.885201 0.45077 0.676154 0.650741 1.04686 0.64751 1.04848 0.477718 0.442906 0.801148 1.22764 1.01405 0.885985 0.64872 0.440324 0.70511 0.560709 0.437062 0.41345 0.406875 0.399109 0.689856 0.376624 0.832324 0.770326 0.795301 0.749451
threshold=16.500000000000004 83.850000000000009 19.500000000000004 55.45000000000001 90.850000000000009 17.500000000000004 35.500000000000007 22.500000000000004 93.850000000000009 94.850000000000009 84.250000000000014 108.85000000000001 101.95000000000002 98.350000000000009 97.350000000000009 102.65000000000002 106.25000000000001 78.950000000000017 12.500000000000002 69.050000000000011 92.65000000000002 14.500000000000002 75.65000000000002 104.35000000000001 103.15000000000002 97.850000000000009 12.500000000000002 96.350000000000009 -2.4999999999999996 91.65000000000002
decision_type=2 2 2 2 2 2 2 2 2 2 2 2 2 2 2 2 2 2 2 2 2 2 2 2 2 2 2 2 2 2
left_child=17 2 3 -2 6 8 7 10 20 -10 -3 12 13 14 -11 -14 23 18 -1 21 -6 -20 -21 24 -17 26 27 -19 -29 -28
right_child=1 4 -4 -5 5 -7 -8 -9 9 11 -12 -13 15 -15 -16 16 -18 25 19 22 -22 -23 -24 -25 -26 -27 29 28 -30 -31
leaf_value=-5.7536636345338632e-05 -0.0022403818059277226 0.0023092182577274648 4.9276981251473691e-05 0.00093775513908124486 -0.00014293946989692085 1.5586476490676488e-05 -2.9895825498307583e-05 -0.00066823472285311046 -0.0041822673561417055 -0.00032789018768993467 3.7223924770861151e-05 0.0010380615999185476 -0.0044888172742970495 0.0010311876948345716 -0.0039497400520088002 0.0010108133554458619 -0.0025359431150367619 1.463379359310375e-05 0.0009291674443286101 -0.00171592434630698 0.0027811422977781948 -0.0008075715367786984 -0.00044709842672457776 0.00049067301418760721 -0.0026187452268946459 -2.5879299428409375e-05 0.00085787795683989827 4.4193473778728206e-05 0.00089355956829130804 6.3830461727048079e-05
leaf_weight=65872 231 241 63873 4252 303 111934 25070 13091 214 634 5787 378 218 1136 278 200 539 89373 695 1490 221 676 1097 580 379 92402 6658 5664 5368 5367
leaf_count=65872 231 241 63873 4252 303 111934 25070 13091 214 634 5787 378 218 1136 278 200 539 89373 695 1490 221 676 1097 580 379 92402 6658 5664 5368 5367
internal_value=-6.11731e-12 -1.42902e-05 9.68061e-05 0.000773992 -6.13991e-05 -1.00185e-05 -0.000197457 -0.000417173 -0.000574206 -0.000765647 0.000128058 -0.000597255 -0.000753196 -6.56645e-05 -0.00143192 -0.00148809 -0.00110284 1.19436e-05 -9.64828e-05 -0.000744654 0.00109031 7.28323e-05 -0.00117789 -0.000436369 -0.00136501 4.89076e-05 0.000110372 6.32917e-05 0.000457482 0.000503479
internal_weight=504221 229559 68356 4483 161203 117014 44189 19119 5080 4556 6028 4342 3964 2048 912 1916 1698 274662 69830 3958 524 1371 2587 1159 579 204832 112430 100405 11032 12025
internal_count=504221 229559 68356 4483 161203 117014 44189 19119 5080 4556 6028 4342 3964 2048 912 1916 1698 274662 69830 3958 524 1371 2587 1159 579 204832 112430 100405 11032 12025
is_linear=0
shrinkage=0.05


Tree=195
num_leaves=31
num_cat=0
split_feature=0 1 0 1 1 1 1 1 0 1 0 1 0 0 1 1 1 1 1 0 1 0 1 1 1 1 0 1 0 1
split_gain=0.0350473 0.175299 0.156333 0.13887 0.0930756 0.49542 0.408887 0.352869 0.225801 0.161683 0.163288 0.15599 0.0999186 0.0831545 0.284923 0.133152 0.213143 0.172885 0.100683 0.307302 0.155141 0.0965236 0.765091 0.408158 0.215296 0.0997541 0.0537399 0.210953 0.316574 0.19417
threshold=45.850000000000001 -66.499999999999986 35.850000000000001 -63.499999999999993 -42.499999999999993 -39.499999999999993 -35.499999999999993 -48.499999999999993 35.850000000000001 -29.499999999999996 35.850000000000001 -51.499999999999993 41.550000000000004 35.850000000000001 36.500000000000007 15.500000000000002 -1.0000000180025095e-35 -20.499999999999996 25.500000000000004 29.850000000000005 44.500000000000007 29.850000000000005 1.5000000000000002 -3.4999999999999996 -19.499999999999996 -16.499999999999996 66.550000000000011 -59.499999999999993 80.750000000000014 -27.499999999999996
decision_type=2 2 2 2 2 2 2 2 2 2 2 2 2 2 2 2 2 2 2 2 2 2 2 2 2 2 2 2 2 2
left_child=1 2 -1 -3 7 -6 -7 11 -9 10 -8 12 -5 18 15 16 17 -15 21 20 -20 23 24 25 -23 -11 29 28 -28 -2
right_child=26 3 -4 4 5 6 9 8 -10 13 -12 -13 -14 14 -16 -17 -18 -19 19 -21 -22 22 -24 -25 -26 -27 27 -29 -30 -31
leaf_value=-0.0015811272109337296 9.5730537470777946e-05 0.0014801562382963491 -0.00013876902647534312 0.0003957917017920207 0.0026180023528600523 -0.0015179286634220796 0.00019962890890606666 -0.00018078261740909991 -0.0022492939537322081 0.0020072810902543692 0.002066253454915221 0.0014773940818106875 -0.00076201843673532666 0.00034001913327391789 0.0011615309369844499 -0.0012701061215347753 0.0011363276676369101 -0.0012325466328613984 -0.0001630939207491445 -0.001214262797236872 0.0016595691438509614 -0.0011994929112699054 0.0035996420218527901 -0.00087997929427013574 0.00087408920129140226 0.00054558944664423979 0.00029283609116108225 9.1295915732215061e-07 0.0023734243028724249 -0.00015460680695440361
leaf_weight=259 12221 203 684 578 213 340 228 258 270 230 241 235 275 303 356 349 247 413 233 347 234 218 206 422 294 237 1161 461596 217 21153
leaf_count=259 12221 203 684 578 213 340 228 258 270 230 241 235 275 303 356 349 247 413 233 347 234 218 206 422 294 237 1161 461596 217 21153
internal_value=4.35272e-12 0.000104667 -0.00053492 0.000191699 0.000152817 0.000257396 0.00015474 -0.00017794 -0.00123854 0.000279512 0.00115881 0.000336765 2.25235e-05 0.000178658 -9.29886e-05 -0.000433392 -0.000130159 -0.000567061 0.000365814 -8.7237e-05 0.000750189 0.0005953 0.00102649 0.000247051 -8.80318e-06 0.00126548 -1.66021e-06 2.75703e-06 0.000620476 -6.29375e-05
internal_weight=504221 7873 943 6930 6727 5111 4898 1616 528 4558 469 1088 853 4089 1668 1312 963 716 2421 814 467 1607 718 889 512 467 496348 462974 1378 33374
internal_count=504221 7873 943 6930 6727 5111 4898 1616 528 4558 469 1088 853 4089 1668 1312 963 716 2421 814 467 1607 718 889 512 467 496348 462974 1378 33374
is_linear=0
shrinkage=0.05


Tree=196
num_leaves=31
num_cat=0
split_feature=0 0 1 1 0 1 1 1 1 1 1 1 0 1 1 0 0 1 1 1 0 0 1 0 1 1 0 0 0 0
split_gain=0.033736 0.259695 1.67826 1.22536 1.38304 0.98516 1.60098 0.517228 1.18379 0.449785 0.422631 0.398596 0.389815 0.290585 0.272962 1.11366 2.54188 1.46895 1.02712 0.18705 0.558211 2.15775 1.90632 1.05163 1.02488 0.71787 2.23108 2.12536 0.534261 0.524399
threshold=103.45000000000002 103.95000000000002 31.500000000000004 34.500000000000007 103.75000000000001 20.500000000000004 15.500000000000002 1.5000000000000002 3.5000000000000004 -3.4999999999999996 -10.499999999999998 27.500000000000004 103.75000000000001 8.5000000000000018 40.500000000000007 105.65000000000002 106.85000000000001 44.500000000000007 39.500000000000007 24.500000000000004 104.45000000000002 104.55000000000001 33.500000000000007 104.75000000000001 29.500000000000004 34.500000000000007 107.05000000000001 105.85000000000001 104.25000000000001 108.25000000000001
decision_type=2 2 2 2 2 2 2 2 2 2 2 2 2 2 2 2 2 2 2 2 2 2 2 2 2 2 2 2 2 2
left_child=-1 2 5 -4 -5 6 7 9 -9 10 -2 12 -7 -10 18 17 -17 -16 19 -3 22 -22 24 -23 28 -25 27 -27 -21 -28
right_child=1 14 3 4 -6 11 -8 8 13 -11 -12 -13 -14 -15 15 16 -18 -19 -20 20 21 23 -24 25 -26 26 29 -29 -30 -31
leaf_value=-5.133058785509525e-06 -0.00034120604149972649 -3.8615628764081378e-05 -0.0046247102132513269 0.0015903340122984868 -0.0036008228463305265 0.003177457869594392 -0.0019167072069244226 0.0041025182677539513 0.0014152672078649878 -0.0011027425502486503 0.0015461395073060121 0.00049237965594932257 0.0011204129892613719 0.00016991418507466587 -0.0050157594703449495 0.0051890819482905502 -0.0025579554107454088 0.00017461013199034222 0.0035125450155381386 5.4557277773514855e-05 -0.0046201589426103353 0.002528535790068594 0.004354746611572282 0.00025198864730095071 -0.0021827080109514448 -0.00036352544439485274 0.0034346707910299298 -0.0056956011243164545 0.0031638429908385497 0.00017243789883186704
leaf_weight=435604 606 50184 263 325 212 571 714 297 826 594 581 415 386 1082 263 200 225 283 209 353 240 454 344 7159 341 415 210 340 227 298
leaf_count=435604 606 50184 263 325 212 571 714 297 826 594 581 415 386 1082 263 200 225 283 209 353 240 454 344 7159 341 415 210 340 227 298
internal_value=-9.32117e-13 3.25864e-05 0.000324158 -0.00182852 -0.000459061 0.000607778 0.000263677 0.000654243 0.00116613 2.04981e-05 0.000582592 0.00178655 0.00234776 0.000709045 1.35489e-07 -0.000831569 0.00108771 -0.00232551 1.34238e-05 1.34892e-06 0.000194546 5.79644e-05 0.0011788 0.000184457 -7.44012e-06 5.80963e-05 -0.00104093 -0.00276473 0.00127147 0.001521
internal_weight=504221 68617 6872 800 537 6072 4700 3986 2205 1781 1187 1372 957 1908 61745 971 425 546 60774 60565 10381 9116 1265 8876 921 8422 1263 755 580 508
internal_count=504221 68617 6872 800 537 6072 4700 3986 2205 1781 1187 1372 957 1908 61745 971 425 546 60774 60565 10381 9116 1265 8876 921 8422 1263 755 580 508
is_linear=0
shrinkage=0.05


Tree=197
num_leaves=31
num_cat=0
split_feature=0 0 1 1 1 0 1 1 1 1 1 1 1 0 1 1 1 1 1 1 0 0 1 1 1 0 1 1 1 0
split_gain=0.0337073 0.157119 1.5762 0.684998 0.544798 0.346047 0.270442 0.405592 0.270784 0.215334 0.115008 0.107483 0.0941358 0.200747 0.379746 0.740283 0.213601 0.970457 0.229035 0.324788 0.155564 0.151129 0.144322 0.100816 0.193915 0.092921 0.251178 1.0084 0.530177 0.514422
threshold=108.05000000000001 107.65000000000002 6.5000000000000009 -4.4999999999999991 25.500000000000004 107.85000000000001 15.500000000000002 12.500000000000002 20.500000000000004 2.5000000000000004 36.500000000000007 33.500000000000007 -9.4999999999999982 108.45000000000002 23.500000000000004 20.500000000000004 17.500000000000004 14.500000000000002 2.5000000000000004 -2.4999999999999996 108.25000000000001 108.45000000000002 31.500000000000004 -13.499999999999998 -18.499999999999996 109.85000000000001 5.5000000000000009 7.5000000000000009 3.5000000000000004 109.45000000000002
decision_type=2 2 2 2 2 2 2 2 2 2 2 2 2 2 2 2 2 2 2 2 2 2 2 2 2 2 2 2 2 2
left_child=1 -1 3 -3 6 -6 7 -4 -8 -5 11 12 21 14 15 16 17 18 19 -14 -20 -2 25 24 -23 26 28 -28 29 -15
right_child=10 2 4 9 5 -7 8 -9 -10 -11 -12 -13 13 22 -16 -17 -18 -19 20 -21 -22 23 -24 -25 -26 -27 27 -29 -30 -31
leaf_value=-3.3030665045280997e-07 -0.0014745388965099312 -0.00025841167784835167 0.0011416976634873865 -0.0021179888180748578 0.00028934137697549578 -0.002486472511014273 0.0025540020588766263 -0.0013058740330430178 0.00059820394028872704 -0.0039511441615306666 0.0010467338660845951 -0.00088712895842906446 0.001462195531546491 -0.00059973586882863729 0.0018367543230565749 -0.0026324303729423123 0.001979685144392273 -0.0027732175912846021 0.0019724223549757573 -0.0011634903739799153 0.00063398908911796892 -0.0004319082467521363 -0.0011577196106804248 -0.00080834590240356032 0.0012725596821733885 0.0001583232577816357 -0.0027749204849626158 -6.9316877670644317e-05 0.0020624217959611039 0.0016768181041475465
leaf_weight=482406 242 380 485 361 235 215 383 260 329 288 294 301 206 1029 445 204 227 216 446 275 423 413 253 327 280 8119 376 4096 380 327
leaf_count=482406 242 380 485 361 235 215 383 260 329 288 294 301 206 1029 445 204 227 216 446 275 423 413 253 327 280 8119 376 4096 380 327
internal_value=2.86705e-12 -2.54969e-06 -0.00036721 -0.00194433 0.000483792 -0.00103688 0.000953458 0.000287512 0.00165027 -0.00293147 6.55475e-05 5.00259e-05 6.54538e-05 9.63451e-05 0.000515906 0.000221576 0.000546293 0.000338515 0.000836393 -3.89762e-05 0.00132092 -0.000351212 2.60729e-05 -8.46966e-05 0.000256766 4.69775e-05 -9.86438e-05 -0.000296801 0.000411815 -5.07439e-05
internal_weight=504221 485342 2936 1029 1907 450 1457 745 712 649 18879 18585 18284 17022 2442 1997 1793 1566 1350 481 869 1262 14580 1020 693 14327 6208 4472 1736 1356
internal_count=504221 485342 2936 1029 1907 450 1457 745 712 649 18879 18585 18284 17022 2442 1997 1793 1566 1350 481 869 1262 14580 1020 693 14327 6208 4472 1736 1356
is_linear=0
shrinkage=0.05


Tree=198
num_leaves=31
num_cat=0
split_feature=0 1 0 1 1 1 1 1 0 1 0 1 0 1 1 1 1 1 1 1 0 1 1 0 0 1 0 1 0 0
split_gain=0.0318042 0.158207 0.14109 0.12533 0.0840007 0.447117 0.369021 0.318464 0.203785 0.145919 0.147367 0.140781 0.0901765 0.0778216 0.154381 0.164664 0.386858 0.409673 0.170532 0.233398 0.2034 0.120663 0.106655 0.0946688 0.24288 0.0740723 0.0522051 0.0481854 0.425974 0.912951
threshold=45.850000000000001 -66.499999999999986 35.850000000000001 -63.499999999999993 -42.499999999999993 -39.499999999999993 -35.499999999999993 -48.499999999999993 35.850000000000001 -29.499999999999996 35.850000000000001 -51.499999999999993 41.550000000000004 -26.499999999999996 -21.499999999999996 -12.499999999999998 -7.4999999999999991 -1.0000000180025095e-35 16.500000000000004 34.500000000000007 29.850000000000005 68.500000000000014 25.500000000000004 35.850000000000001 29.850000000000005 -16.499999999999996 35.850000000000001 -66.499999999999986 70.850000000000009 65.350000000000009
decision_type=2 2 2 2 2 2 2 2 2 2 2 2 2 2 2 2 2 2 2 2 2 2 2 2 2 2 2 2 2 2
left_child=1 2 -1 -3 7 -6 -7 11 -9 10 -8 12 26 -11 -15 25 -17 -18 20 22 -19 23 -20 24 -21 -16 -5 28 29 -2
right_child=27 3 -4 4 5 6 9 8 -10 13 -12 -13 -14 14 15 16 17 18 19 21 -22 -23 -24 -25 -26 -27 -28 -29 -30 -31
leaf_value=-0.0015017975236803409 6.1220243266666536e-05 0.0014064215637486558 -0.00013155731269054945 -7.4854123062993347e-05 0.002487375338872274 -0.0014417592304594377 0.0001899207108899167 -0.00017147022046784099 -0.0021365560204894456 -0.00075591910543829901 0.0019632140259525093 0.0014037975161633595 -0.00072364438121969054 0.0012229325664894922 -0.00021218155476425594 0.0021373367861030608 -0.0015236477512330954 -0.0001273867059574436 -1.5237206916609211e-05 0.0013493172790662482 0.0016831740567223919 -0.00048366387754745555 -0.0012678134551196429 0.001542710367337627 -0.00088653990633464892 -0.0013894227008486902 0.00087679814628876043 -2.7413848417499067e-06 -0.0015869653477507122 0.0029979820751788603
leaf_weight=259 2139 203 684 304 213 340 228 258 270 215 241 235 275 350 353 254 341 247 334 290 417 223 346 295 209 215 274 493612 295 302
leaf_count=259 2139 203 684 304 213 340 228 258 270 215 241 235 275 350 353 254 341 247 334 290 417 223 346 295 209 215 274 493612 295 302
internal_value=-6.07029e-12 9.97068e-05 -0.000507901 0.000182387 0.000145449 0.0002448 0.000147276 -0.00016877 -0.00117634 0.000265809 0.00110114 0.0003202 2.16704e-05 0.000169998 0.000221385 0.000121912 0.000271733 9.63583e-05 0.000330336 6.45286e-05 0.00100967 0.00054401 -0.000652577 0.000832638 0.000412856 -0.000657792 0.000376275 -1.58154e-06 0.00020767 0.000424556
internal_weight=504221 7873 943 6930 6727 5111 4898 1616 528 4558 469 1088 853 4089 3874 3524 2956 2702 2361 1697 664 1017 680 794 499 568 578 496348 2736 2441
internal_count=504221 7873 943 6930 6727 5111 4898 1616 528 4558 469 1088 853 4089 3874 3524 2956 2702 2361 1697 664 1017 680 794 499 568 578 496348 2736 2441
is_linear=0
shrinkage=0.05


Tree=199
num_leaves=31
num_cat=0
split_feature=1 0 1 1 1 1 1 1 0 0 1 0 0 0 0 1 0 1 1 0 1 1 0 0 0 0 0 0 0 0
split_gain=0.0315587 0.0487044 0.193429 0.301573 0.24543 0.613148 0.138299 0.0767051 0.0406878 0.0451279 0.0395239 0.255474 0.858835 0.490068 0.144612 0.0815051 0.0626884 0.248885 0.0557876 0.200692 0.048222 0.115244 0.30088 0.279749 0.325159 0.341486 0.196231 0.254002 0.527366 0.148844
threshold=-77.499999999999986 29.850000000000005 33.500000000000007 -3.4999999999999996 -28.499999999999996 -41.499999999999993 -16.499999999999996 13.500000000000002 56.95000000000001 45.850000000000001 -66.499999999999986 70.850000000000009 65.350000000000009 61.550000000000004 49.250000000000007 -69.499999999999986 53.750000000000007 -73.499999999999986 -73.499999999999986 41.550000000000004 -17.499999999999996 -16.499999999999996 73.65000000000002 103.45000000000002 100.95000000000002 98.65000000000002 80.15000000000002 89.450000000000017 91.250000000000014 84.65000000000002
decision_type=2 2 2 2 2 2 2 2 2 2 2 2 2 2 2 2 2 2 2 2 2 2 2 2 2 2 2 2 2 2
left_child=8 2 3 4 5 -2 -6 -5 9 -1 11 12 13 14 18 16 -16 -18 -3 -20 -12 22 -22 24 25 26 -24 29 -29 -28
right_child=1 10 -4 7 6 -7 -8 -9 -10 -11 20 -13 -14 -15 15 -17 17 -19 19 -21 21 -23 23 -25 -26 -27 27 28 -30 -31
leaf_value=-0.00057385211680517645 0.0011202447544569258 -0.00079376141737847426 0.0012605289291844673 -0.0016260246109021338 0.0022799203517260376 -0.0022335534549451303 0.00053076791235163242 -0.00039676066445208148 -0.0007750471928031059 0.00028529756069183351 -4.2549358543360023e-05 -0.0012705544639918884 0.003253067307399981 -0.0022737432813760149 0.00094343380317655221 0.0012713240082960963 0.0013348677980841376 -0.00097184099637678953 -0.00098412299156188971 0.0009105193478639947 -0.00071489953317860344 2.0761679469554105e-06 0.0017049205761393222 -0.00092482363017132654 0.002476341327031454 -0.0013264247415284826 0.00060034268755804416 0.0032314671763205177 0.00042647185929430031 -0.00090470242670134598
leaf_weight=258 348 274 381 247 216 224 237 261 296 375 62443 269 231 206 291 366 204 274 250 317 623 432626 387 312 225 234 275 203 960 408
leaf_count=258 348 274 381 247 216 224 237 261 296 375 62443 269 231 206 291 366 204 274 250 317 623 432626 387 312 225 234 275 203 960 408
internal_value=-5.88817e-12 5.37418e-07 0.000252279 1.69692e-06 0.000495399 -0.000193131 0.0013648 -0.000994454 -0.000291153 -6.48772e-05 -4.23602e-07 0.000191004 0.000353938 4.70186e-05 0.00028896 0.000657156 0.000364848 1.26121e-05 -0.000207951 7.51391e-05 -1.45311e-06 4.4292e-06 0.000285097 0.000492486 0.000656751 0.000490797 0.000681227 0.000466618 0.00091608 -0.000298718
internal_weight=504221 503292 1914 1533 1025 572 453 508 929 633 501378 2682 2413 2182 1976 1135 769 478 841 567 498696 436253 3627 3004 2692 2467 2233 1846 1163 683
internal_count=504221 503292 1914 1533 1025 572 453 508 929 633 501378 2682 2413 2182 1976 1135 769 478 841 567 498696 436253 3627 3004 2692 2467 2233 1846 1163 683
is_linear=0
shrinkage=0.05


Tree=200
num_leaves=31
num_cat=0
split_feature=0 1 1 0 1 0 0 0 1 1 1 1 1 1 1 1 1 1 1 0 1 1 1 1 1 0 1 0 0 1
split_gain=0.0316031 0.544215 1.33437 2.07092 0.781135 2.82718 0.296045 0.884108 2.31067 0.944002 0.470757 0.42863 0.685538 0.441549 0.506664 0.939926 0.349478 0.801544 0.327908 0.31983 4.19638 0.325018 0.282972 0.223385 0.207885 0.184639 0.139258 1.13545 0.743667 0.849987
threshold=104.95000000000002 45.500000000000007 39.500000000000007 106.85000000000001 36.500000000000007 107.05000000000001 104.45000000000002 104.55000000000001 18.500000000000004 7.5000000000000009 26.500000000000004 -6.4999999999999991 -12.499999999999998 8.5000000000000018 32.500000000000007 27.500000000000004 17.500000000000004 20.500000000000004 5.5000000000000009 104.35000000000001 23.500000000000004 -2.4999999999999996 13.500000000000002 -2.4999999999999996 11.500000000000002 104.75000000000001 30.500000000000004 106.45000000000002 108.25000000000001 33.500000000000007
decision_type=2 2 2 2 2 2 2 2 2 2 2 2 2 2 2 2 2 2 2 2 2 2 2 2 2 2 2 2 2 2
left_child=6 2 4 -4 26 -6 19 8 9 23 -10 12 -9 18 15 16 22 -18 25 -1 21 -21 24 -8 -15 -13 -2 -28 29 -29
right_child=1 -3 3 -5 5 -7 7 11 10 -11 -12 13 -14 14 -16 -17 17 -19 -20 20 -22 -23 -24 -25 -26 -27 27 28 -30 -31
leaf_value=-1.6232771374391747e-06 6.4327307008734511e-05 -0.0023570733679600568 0.0052239614480831592 -0.0011406160992654887 -0.0046628880276626287 0.0025747921301035193 -0.0024904372714525834 -0.00057817643049032721 -0.0028561486355396168 0.0021069869994005163 -0.0060744222984540951 0.00012205468976769056 0.0027502759521130737 0.0006494267635086242 -0.0015197726112898319 0.002747287381287307 -0.0026629854825192265 0.00030522268564461483 -0.0022327212960595272 0.00079482776959160064 0.0059012899435508777 -0.0013175684351149023 0.0015734758285000335 -0.0003506977293851241 -0.0012411852112501605 -0.0011849266235475187 -0.001694359226108427 0.00034813948953704027 -0.00065678134674629525 0.0037326745508451369
leaf_weight=447742 45179 236 305 220 344 222 226 292 241 335 215 571 329 384 397 365 336 704 363 241 306 745 458 265 234 513 934 518 712 289
leaf_count=447742 45179 236 305 220 344 222 226 292 241 335 215 571 329 384 397 365 336 704 363 241 306 745 458 265 234 513 934 518 712 289
internal_value=1.59557e-12 3.81715e-05 4.97733e-05 0.0025569 2.24643e-05 -0.00182408 -4.10497e-06 -0.000346465 -0.00151659 6.06137e-05 -0.00437354 -4.31703e-05 0.00118521 -0.000219545 0.000138679 0.000404058 -1.37942e-07 -0.000653737 -0.000932033 6.43493e-07 0.000786192 -0.000801253 0.000631593 -0.00133559 -6.6436e-05 -0.000496471 4.44063e-05 -0.000322495 0.000521034 0.0015602
internal_weight=504221 48959 48723 525 48198 566 455262 6228 1282 826 456 4946 621 4325 2878 2481 2116 1040 1447 449034 1292 986 1076 491 618 1084 47632 2453 1519 807
internal_count=504221 48959 48723 525 48198 566 455262 6228 1282 826 456 4946 621 4325 2878 2481 2116 1040 1447 449034 1292 986 1076 491 618 1084 47632 2453 1519 807
is_linear=0
shrinkage=0.05


Tree=201
num_leaves=31
num_cat=0
split_feature=1 0 1 0 1 1 0 0 0 0 0 1 0 1 1 0 0 1 1 1 0 0 1 0 0 0 0 0 1 0
split_gain=0.0305727 0.444693 0.41882 0.772478 0.478314 1.08279 0.934376 0.601811 0.562268 0.495029 0.40047 0.765769 0.6958 0.419477 0.369039 0.361925 0.36 0.33424 0.334111 0.43747 0.498707 0.471444 0.333302 2.04566 0.573668 0.32384 0.526815 0.321472 0.756802 0.707802
threshold=16.500000000000004 77.15000000000002 26.500000000000004 69.050000000000011 36.500000000000007 45.500000000000007 70.050000000000011 76.850000000000009 61.550000000000004 64.65000000000002 77.750000000000014 12.500000000000002 69.050000000000011 15.500000000000002 14.500000000000002 76.550000000000011 66.550000000000011 24.500000000000004 -30.499999999999996 3.5000000000000004 77.450000000000017 58.350000000000001 30.500000000000004 75.950000000000017 75.65000000000002 64.050000000000011 61.550000000000004 97.850000000000009 12.500000000000002 96.350000000000009
decision_type=2 2 2 2 2 2 2 2 2 2 2 2 2 2 2 2 2 2 2 2 2 2 2 2 2 2 2 2 2 2
left_child=10 2 3 17 6 8 9 22 -6 -4 11 18 14 -14 16 -10 -13 -2 -1 21 25 -20 23 -8 -24 26 -21 28 29 -12
right_child=1 -3 4 -5 5 -7 7 -9 15 -11 27 12 13 -15 -16 -17 -18 -19 19 20 -22 -23 24 -25 -26 -27 -28 -29 -30 -31
leaf_value=9.4029402825679826e-05 -0.00036696337997539342 -4.4822843269165202e-05 -0.00024270297771738483 0.00085437830998798508 -0.00026415247210196448 -3.1087553913994752e-05 0.00039997146647024855 0.0017354221309761745 0.0011218756672328795 0.00092967605918442347 1.1483850449250361e-05 0.00014723085275873907 -0.0017817650693599308 -0.00019450547087447077 -0.00076262088183908774 -0.0005956965423485434 0.0026497818639712972 0.00088375596551513969 0.00024245825502820862 -2.4262560561062797e-05 0.0023520313816912039 -0.0003169498327315028 -0.0017456328415352365 -0.0043587771426487681 0.00017402324932336928 0.00026707093740883638 -0.0021354907486645668 -2.4822046256625213e-05 0.00046852712704496618 0.00043490726215916157
leaf_weight=23163 2749 190820 1935 4938 1082 16873 1355 222 4346 1684 93674 492 1605 562 676 330 203 663 4413 1260 255 25700 1794 271 497 6394 386 92402 12445 11032
leaf_count=23163 2749 190820 1935 4938 1082 16873 1355 222 4346 1684 93674 492 1605 562 676 330 203 663 4413 1260 255 25700 1794 271 497 6394 386 92402 12445 11032
internal_value=2.90854e-12 -1.34672e-05 0.000140984 0.000454619 5.48061e-05 0.000170949 -0.000283995 -0.000797096 0.000762987 0.000302831 1.12557e-05 -9.70576e-05 -0.000812389 -0.00137012 6.91551e-05 0.00100066 0.000878192 -0.000123931 -5.59531e-05 -0.000146404 0.000175111 -0.00023497 -0.000940629 -0.000393153 -0.00132919 0.000106067 -0.000519362 4.49092e-05 9.99091e-05 5.60965e-05
internal_weight=504221 229559 38739 8350 30389 22631 7758 4139 5758 3619 274662 65109 3538 2167 1371 4676 695 3412 61571 38408 8295 30113 3917 1626 2291 8040 1646 209553 117151 104706
internal_count=504221 229559 38739 8350 30389 22631 7758 4139 5758 3619 274662 65109 3538 2167 1371 4676 695 3412 61571 38408 8295 30113 3917 1626 2291 8040 1646 209553 117151 104706
is_linear=0
shrinkage=0.05


Tree=202
num_leaves=31
num_cat=0
split_feature=0 0 1 1 1 0 1 1 0 0 0 0 1 1 0 1 0 0 1 1 1 1 0 1 0 1 0 0 1 1
split_gain=0.0333345 0.368899 0.273532 0.224311 0.22817 0.393565 0.283308 0.363521 0.486079 0.306933 0.347531 0.295433 1.41034 1.41417 0.546106 0.475937 0.352942 0.294873 0.741377 0.996563 0.599269 0.579848 0.563601 0.339327 0.284897 0.318879 0.424912 0.279994 0.736213 1.4738
threshold=102.85000000000001 102.95000000000002 27.500000000000004 47.500000000000007 24.500000000000004 103.15000000000002 12.500000000000002 10.500000000000002 111.15000000000002 106.85000000000001 107.85000000000001 103.75000000000001 19.500000000000004 15.500000000000002 104.75000000000001 22.500000000000004 103.55000000000001 103.95000000000002 1.5000000000000002 3.5000000000000004 -4.4999999999999991 2.5000000000000004 103.75000000000001 8.5000000000000018 103.55000000000001 -7.4999999999999991 103.75000000000001 105.25000000000001 20.500000000000004 22.500000000000004
decision_type=2 2 2 2 2 2 2 2 2 2 2 2 2 2 2 2 2 2 2 2 2 2 2 2 2 2 2 2 2 2
left_child=-1 2 -2 4 5 -3 7 17 9 -9 -11 12 13 -8 -13 16 -14 18 20 21 24 -20 23 -21 -7 26 -26 28 -16 -30
right_child=1 3 -4 -5 -6 6 11 8 -10 10 -12 14 15 -15 27 -17 -18 -19 19 22 -22 -23 -24 -25 25 -27 -28 -29 29 -31
leaf_value=-5.4669279710908011e-06 0.00048730017202668389 -0.00067676823935207495 0.0022338204398533726 -0.0011019352473810413 0.0002000267734633369 -0.00020673540988968881 0.0012523220394874311 0.00033365715288237842 -0.0012878641836703009 0.0023780552744553027 0.0007288366613412158 -0.00076677240992593942 0.0039815767067615119 -0.0020646507119479246 -0.00020526759057240974 0.00045962881432562479 0.0013056575120426715 -3.0344122049825426e-05 0.0012584744814480321 0.00050913142947314304 -0.0010420750523835105 0.004867743954312902 0.0020612488001115225 -0.0012885646601284737 0.0017313633166716599 0.0027663746618089222 -0.00077857534800257 -0.00014933494303414374 0.004668579270235367 -0.00050879618419068197
leaf_weight=427005 1233 2205 274 447 14452 877 574 2179 333 477 967 3510 321 730 1107 302 200 28090 209 955 1132 238 452 362 354 210 322 14154 270 280
leaf_count=427005 1233 2205 274 447 14452 877 574 2179 333 477 967 3510 321 730 1107 302 200 28090 209 955 1132 238 452 362 354 210 322 14154 270 280
internal_value=3.9827e-12 3.02322e-05 0.000804849 1.48133e-05 2.14459e-05 -2.09953e-05 3.67804e-06 8.72009e-05 0.000540267 0.000708296 0.00127363 -0.000141019 0.000418271 -0.000604572 -0.00020259 0.00203891 0.00295435 3.32167e-05 0.000382546 0.00107084 -0.000144316 0.00318019 0.000537843 1.50039e-05 0.000432123 0.00106449 0.000535801 -7.73426e-05 0.000537611 0.00203282
internal_weight=504221 77216 1507 75709 75262 60810 58605 37157 3956 3623 1444 21448 2127 1304 19321 823 521 33201 5111 2216 2895 447 1769 1317 1763 886 676 15811 1657 550
internal_count=504221 77216 1507 75709 75262 60810 58605 37157 3956 3623 1444 21448 2127 1304 19321 823 521 33201 5111 2216 2895 447 1769 1317 1763 886 676 15811 1657 550
is_linear=0
shrinkage=0.05


Tree=203
num_leaves=31
num_cat=0
split_feature=0 1 0 1 1 1 1 1 0 1 1 0 0 0 0 0 1 1 0 0 0 1 1 1 1 1 1 1 0 1
split_gain=0.0314689 0.469321 0.170875 0.570507 0.148649 0.199113 0.109192 0.549039 0.55081 0.376459 0.282921 0.25145 0.243421 0.34605 0.160257 0.229605 0.632514 0.156407 0.141706 0.129479 0.102095 0.317854 0.574638 0.312282 0.195246 0.870364 0.204477 0.293121 0.149693 0.537319
threshold=108.65000000000002 36.500000000000007 108.45000000000002 23.500000000000004 5.5000000000000009 13.500000000000002 20.500000000000004 21.500000000000004 110.25000000000001 16.500000000000004 14.500000000000002 110.65000000000002 112.55000000000001 109.25000000000001 111.15000000000002 110.25000000000001 18.500000000000004 22.500000000000004 112.55000000000001 112.55000000000001 108.05000000000001 23.500000000000004 20.500000000000004 -9.4999999999999982 17.500000000000004 14.500000000000002 2.5000000000000004 -2.4999999999999996 107.25000000000001 6.5000000000000009
decision_type=2 2 2 2 2 2 2 2 2 2 2 2 2 2 2 2 2 2 2 2 2 2 2 2 2 2 2 2 2 2
left_child=2 6 20 4 -4 -6 9 8 -8 10 -2 -12 13 -11 15 16 -15 -9 -19 -13 28 22 23 -22 25 26 27 -25 -1 -30
right_child=1 -3 3 -5 5 -7 7 17 -10 12 11 19 -14 14 -16 -17 -18 18 -20 -21 21 -23 -24 24 -26 -27 -28 -29 29 -31
leaf_value=7.0417225970798881e-07 8.5092078997445363e-05 0.0024712990839683003 0.00068859899612633811 -0.0029185695685274592 -0.0015201330977688613 0.00030278151082264266 -0.0035553463895774172 0.00099964275479073102 8.0512271452586633e-06 0.0019010325232309035 -0.0016157110641542517 0.00068451122625182712 0.002198794531758945 -0.0022700935047064801 -0.00085426198386971566 0.0015411118137054758 0.0016041872720978304 4.4912967650202661e-05 -0.0010136428473730462 -0.00097872479632496847 -0.0013966923779692533 0.001374242201474433 -0.0024942841636491756 0.0013886610642798898 0.0018872257761066444 -0.0026287405268737565 0.0012474711967248499 -0.0011057405715638941 -0.00088323885561995851 9.4517341756611837e-05
leaf_weight=479159 8609 201 380 217 289 311 229 367 206 352 488 282 265 203 315 305 219 2282 367 200 242 553 204 206 227 216 869 275 2159 4024
leaf_count=479159 8609 201 380 217 289 311 229 367 206 352 488 282 265 203 315 305 219 2282 367 200 242 553 204 206 227 216 869 275 2159 4024
internal_value=-3.75645e-12 7.16068e-05 -2.17895e-06 -0.000598843 -8.51896e-05 -0.000575256 3.87701e-05 -0.000207233 -0.00186785 0.000114314 -6.11985e-06 -0.000815649 0.000809692 0.000545623 8.77491e-05 0.000495911 -0.000259507 3.2279e-05 -0.000101742 -5.6282e-06 -7.15811e-07 0.000300771 3.56395e-05 0.000289253 0.000516804 0.000318155 0.000789658 -3.74521e-05 -2.45016e-06 -0.000246899
internal_weight=504221 14890 489331 1197 980 600 14689 3451 435 11238 9579 970 1659 1394 1042 727 422 3016 2649 482 488134 2792 2239 2035 1793 1566 1350 481 485342 6183
internal_count=504221 14890 489331 1197 980 600 14689 3451 435 11238 9579 970 1659 1394 1042 727 422 3016 2649 482 488134 2792 2239 2035 1793 1566 1350 481 485342 6183
is_linear=0
shrinkage=0.05


Tree=204
num_leaves=31
num_cat=0
split_feature=0 0 1 1 0 1 1 1 1 1 1 1 0 1 0 0 1 1 1 0 1 1 1 0 0 1 0 0 0 1
split_gain=0.0310429 0.213026 1.4959 1.11234 1.24806 0.892341 1.34641 0.42811 0.989455 0.36466 0.369608 0.357053 0.330636 0.261706 0.984468 2.21727 1.42181 0.879572 0.24377 0.163588 0.619616 0.868728 0.854809 0.835732 1.04484 0.705735 1.72915 0.679394 0.814138 0.674076
threshold=103.45000000000002 103.95000000000002 31.500000000000004 34.500000000000007 103.75000000000001 20.500000000000004 15.500000000000002 1.5000000000000002 3.5000000000000004 -3.4999999999999996 -10.499999999999998 27.500000000000004 103.75000000000001 40.500000000000007 105.65000000000002 106.85000000000001 44.500000000000007 39.500000000000007 8.5000000000000018 100.45000000000002 42.500000000000007 27.500000000000004 26.500000000000004 102.15000000000002 101.95000000000002 29.500000000000004 101.55000000000001 102.35000000000001 102.55000000000001 35.500000000000007
decision_type=2 2 2 2 2 2 2 2 2 2 2 2 2 2 2 2 2 2 2 2 2 2 2 2 2 2 2 2 2 2
left_child=19 2 5 -4 -5 6 7 9 -9 10 -2 12 -7 17 16 -16 -15 -3 -10 -1 21 22 -21 24 25 26 -23 -25 -29 -30
right_child=1 13 3 4 -6 11 -8 8 18 -11 -12 -13 -14 14 15 -17 -18 -19 -20 20 -22 23 -24 27 -26 -27 -28 28 29 -31
leaf_value=5.6198068247851108e-06 -0.00034057480212387081 3.7053753173437466e-06 -0.0044011391529781545 0.0015145701487333729 -0.0034167776622299876 0.002980258624720177 -0.0017639220188729234 0.0037440544903679729 0.001288439842171011 -0.00099416457442723545 0.0014244117855820517 0.00046009619080697201 0.0010857819410648988 -0.0048638616083012788 0.0048225681206968156 -0.0024129181992676527 0.00024255296449016947 0.00325293602983347 0.00014780860688182735 -0.00012394760823223019 -0.0010481026838901591 0.00021104936264321799 -0.001810771832181896 0.0028215432587547365 -0.0021274946090051403 -5.4132652025615726e-05 0.0056296701049432163 -0.0010743082594877531 0.00059992037128729278 0.0025549182415008547
leaf_weight=389485 606 60565 263 325 212 571 714 297 826 594 581 415 386 263 200 225 283 209 1082 36118 1641 558 767 466 514 3237 200 496 1497 625
leaf_count=389485 606 60565 263 325 212 571 714 297 826 594 581 415 386 263 200 225 283 209 1082 36118 1641 558 767 466 514 3237 200 496 1497 625
internal_value=-7.42959e-12 3.12587e-05 0.000295335 -0.00173703 -0.000432256 0.000563104 0.000235614 0.000593785 0.00105948 1.72157e-05 0.000523332 0.00168497 0.00221613 1.8679e-06 -0.000812509 0.000992017 -0.00221713 1.48794e-05 0.000641604 -4.92392e-06 -9.3968e-05 -5.87656e-05 -0.000159024 0.000428266 -5.55779e-06 0.000267452 0.00164076 0.00106254 0.000749445 0.00117573
internal_weight=504221 68617 6872 800 537 6072 4700 3986 2205 1781 1187 1372 957 61745 971 425 546 60774 1908 435604 46119 44478 36885 7593 4509 3995 758 3084 2618 2122
internal_count=504221 68617 6872 800 537 6072 4700 3986 2205 1781 1187 1372 957 61745 971 425 546 60774 1908 435604 46119 44478 36885 7593 4509 3995 758 3084 2618 2122
is_linear=0
shrinkage=0.05


Tree=205
num_leaves=31
num_cat=0
split_feature=1 0 0 0 0 0 1 1 1 1 1 1 0 0 0 0 1 0 1 1 0 0 0 0 0 0 0 0 0 1
split_gain=0.0296733 0.100149 0.229933 0.093233 0.132887 0.0618149 0.197946 0.498002 0.309863 0.322095 0.193413 0.0498168 0.328143 0.587032 0.543368 0.274134 0.228216 0.344884 0.0427197 0.106796 0.26861 0.312062 0.192146 0.362555 0.239505 0.22799 0.477309 0.134332 0.113297 0.0996065
threshold=-73.499999999999986 58.350000000000001 63.250000000000007 51.750000000000007 45.850000000000001 29.850000000000005 -41.499999999999993 -28.499999999999996 -16.499999999999996 24.500000000000004 -3.4999999999999996 -66.499999999999986 70.850000000000009 64.050000000000011 59.550000000000004 41.550000000000004 -69.499999999999986 53.750000000000007 -17.499999999999996 -16.499999999999996 74.350000000000009 80.15000000000002 103.45000000000002 100.95000000000002 98.65000000000002 89.450000000000017 91.250000000000014 84.65000000000002 64.65000000000002 -15.499999999999998
decision_type=2 2 2 2 2 2 2 2 2 2 2 2 2 2 2 2 2 2 2 2 2 2 2 2 2 2 2 2 2 2
left_child=1 3 -3 4 -1 6 -2 -8 -9 10 -10 12 13 14 15 -7 17 -17 -13 20 28 -22 23 24 25 27 -27 -23 -20 -21
right_child=5 2 -4 -5 -6 11 7 8 9 -11 -12 18 -14 -15 -16 16 -18 -19 19 29 21 22 -24 -25 -26 26 -28 -29 -30 -31
leaf_value=-0.00068285504029583688 0.0014195890887640419 0.0015658761976303254 -0.00064540487771131555 -0.0010571463590990889 0.00057916099134364422 -0.00093957969248294844 -0.0021275660555277551 0.0021538397193782859 0.00049214488531969768 0.0010656532451022503 -0.0013037829468136326 -4.0019842195007443e-05 -0.0015614046969197014 0.0028814475465515806 -0.0021268671510361993 0.00127850628090561 0.0017722128379729488 -0.0012615377099904339 0.0003610324378057224 -0.00025519288280189642 0.0019299946855189224 0.00056978962841359049 -0.00086614199412556796 0.0023626025782691111 -0.0012572182517530573 0.0030693580235900552 0.00040080486641575896 -0.00086000318976813092 -0.0010453683459445051 4.1707735565232251e-06
leaf_weight=485 320 226 245 411 366 250 224 216 237 481 408 62443 220 223 226 327 434 226 205 3734 330 275 312 225 234 203 960 408 475 428892
leaf_count=485 320 226 245 411 366 250 224 216 237 481 408 62443 220 223 226 327 434 226 205 3734 330 275 312 225 234 203 960 408 475 428892
internal_value=-2.20394e-12 -0.000206541 0.000415634 -0.000438747 -0.000140084 7.12323e-07 0.000286425 5.48714e-05 0.000419153 8.63891e-05 -0.000643884 -3.64088e-07 0.00025477 0.000491756 0.000127503 0.000539377 0.000913986 0.000240441 -1.3392e-06 4.19735e-06 0.000274382 0.000481073 0.000298366 0.000455991 0.000249747 0.000440771 0.000866597 -0.000284318 -0.00062138 1.9322e-06
internal_weight=504221 1733 471 1262 851 502488 1886 1566 1342 1126 645 500602 1906 1686 1463 1237 987 553 498696 436253 3627 2947 2617 2305 2080 1846 1163 683 680 432626
internal_count=504221 1733 471 1262 851 502488 1886 1566 1342 1126 645 500602 1906 1686 1463 1237 987 553 498696 436253 3627 2947 2617 2305 2080 1846 1163 683 680 432626
is_linear=0
shrinkage=0.05


Tree=206
num_leaves=31
num_cat=0
split_feature=1 0 1 0 0 1 1 1 0 0 0 0 0 0 0 0 0 0 0 0 0 0 1 0 0 0 1 1 0 0
split_gain=0.0303547 0.41304 0.781915 0.769959 0.399953 0.587294 0.951323 0.579542 0.575438 0.954166 0.394448 0.389261 0.720368 0.42848 1.16772 0.915182 0.533797 0.494804 0.400945 0.592368 0.576647 0.362689 0.575006 0.460949 0.351634 0.347082 0.332274 0.32182 0.510805 0.616936
threshold=16.500000000000004 83.850000000000009 19.500000000000004 55.45000000000001 90.850000000000009 35.500000000000007 21.500000000000004 17.500000000000004 93.850000000000009 94.850000000000009 92.65000000000002 108.85000000000001 106.25000000000001 98.350000000000009 100.75000000000001 97.350000000000009 104.35000000000001 99.350000000000009 101.95000000000002 102.65000000000002 103.15000000000002 78.950000000000017 12.500000000000002 69.050000000000011 78.65000000000002 75.65000000000002 15.500000000000002 11.500000000000002 103.75000000000001 104.45000000000002
decision_type=2 2 2 2 2 2 2 2 2 2 2 2 2 2 2 2 2 2 2 2 2 2 2 2 2 2 2 2 2 2
left_child=21 2 3 -2 5 6 -3 8 10 -10 -6 12 13 15 17 -11 18 -15 -16 -20 -21 22 24 26 -1 -25 -24 -23 -29 -30
right_child=1 4 -4 -5 7 -7 -8 -9 9 11 -12 -13 -14 14 16 -17 -18 -19 19 20 -22 27 23 25 -26 -27 -28 28 29 -31
leaf_value=-3.7209989675192501e-05 -0.0020834258834133935 0.0001940754680099248 4.4775154197757262e-05 0.0008806236117256535 -0.00013346055079952325 -2.606932799349304e-05 -0.00060551754629263089 1.501018413419729e-05 -0.0039708227615490137 -0.00030916389841762631 0.0026444166730162245 0.00098223046306643888 -0.0023961381366431494 8.7362527847290042e-05 -0.00010520528809737223 -0.0037499214408637811 0.00046437984525129713 0.0027200839931158711 -0.0042555664178975132 0.00097451586276292807 -0.0023438924938283057 1.7448813345685815e-05 0.0005113205473337855 -0.001562254865397543 -0.00095317738454246757 -0.0003903621620920537 -0.0013001634914483597 0.00030900857599553799 -0.0012330475658631091 2.3014338914610881e-05
leaf_weight=64807 231 5058 63873 4252 303 25070 14061 111934 214 634 221 378 539 312 407 278 580 417 218 200 379 172136 1036 1490 1065 1097 335 23841 1119 7736
leaf_count=64807 231 5058 63873 4252 303 25070 14061 111934 214 634 221 378 539 312 407 278 580 417 218 200 379 172136 1036 1490 1065 1097 335 23841 1119 7736
internal_value=-1.82882e-12 -1.34191e-05 8.95761e-05 0.000727892 -5.70929e-05 -0.000185252 -0.000393982 -8.69506e-06 -0.000531022 -0.000711495 0.00103813 -0.000550856 -0.000697048 -0.000429658 -9.27543e-05 -0.00135799 -0.00078174 0.00159332 -0.00138203 -0.00203406 -0.00119764 1.12156e-05 -8.71891e-05 -0.000672515 -5.20191e-05 -0.00106532 6.86895e-05 4.4763e-05 0.000188565 -0.000135713
internal_weight=504221 229559 68356 4483 161203 44189 19119 117014 5080 4556 524 4342 3964 3425 2513 912 1784 729 1204 797 579 274662 69830 3958 65872 2587 1371 204832 32696 8855
internal_count=504221 229559 68356 4483 161203 44189 19119 117014 5080 4556 524 4342 3964 3425 2513 912 1784 729 1204 797 579 274662 69830 3958 65872 2587 1371 204832 32696 8855
is_linear=0
shrinkage=0.05


Tree=207
num_leaves=31
num_cat=0
split_feature=0 0 1 1 0 1 1 1 1 1 1 1 0 1 1 1 1 1 0 0 0 0 0 1 1 1 0 1 0 0
split_gain=0.0302807 0.196236 1.35666 1.00389 1.12638 0.797286 1.18921 0.389171 0.889504 0.334538 0.439105 0.322241 0.298399 0.254112 0.215906 0.182496 0.297899 0.654154 0.454985 0.363628 0.288298 2.66165 1.97618 1.36378 1.51318 0.912165 0.259095 0.462573 2.11444 4.28205
threshold=103.45000000000002 103.95000000000002 31.500000000000004 34.500000000000007 103.75000000000001 20.500000000000004 15.500000000000002 1.5000000000000002 3.5000000000000004 -4.4999999999999991 -10.499999999999998 27.500000000000004 103.75000000000001 47.500000000000007 8.5000000000000018 24.500000000000004 19.500000000000004 18.500000000000004 109.85000000000001 105.25000000000001 104.45000000000002 104.35000000000001 104.55000000000001 31.500000000000004 37.500000000000007 28.500000000000004 104.75000000000001 39.500000000000007 105.65000000000002 107.05000000000001
decision_type=2 2 2 2 2 2 2 2 2 2 2 2 2 2 2 2 2 2 2 2 2 2 2 2 2 2 2 2 2 2
left_child=-1 2 5 -4 -5 6 7 9 -9 10 -2 12 -7 15 -10 16 17 -3 19 -19 21 23 -22 25 -25 -17 -24 -28 -29 -30
right_child=1 13 3 4 -6 11 -8 8 14 -11 -12 -13 -14 -15 -16 20 -18 18 -20 -21 22 -23 26 24 -26 -27 27 28 29 -31
leaf_value=-4.8631008063938845e-06 -0.00032054254840506186 -1.9979922044737717e-05 -0.0041820417736841099 0.0014378824576896689 -0.0032468976465302064 0.0028302867216712124 -0.0016494089387962465 0.0035557710173655839 0.0012229367337453453 -0.00083191606135320879 0.0017134831650024752 0.00043613235163221878 0.0010305340842155673 -0.0015166278160718884 0.00014947297965226328 -0.00012453618549490577 -0.0003324742472624466 9.4651122528471445e-05 -0.00089527287782964558 0.0019300628976174157 -0.0041396356855194199 0.0053453822729678186 0.0013066718244986867 0.0039044993373151789 -0.0016136414281011206 -0.0039656984239593426 5.1604580015332885e-05 -0.0025429957767639459 0.0084110660598092132 -0.001454392333959674
leaf_weight=435604 606 41553 263 325 212 571 714 297 826 703 472 415 386 274 1082 367 7061 380 259 931 268 268 513 313 206 267 8422 223 218 222
leaf_count=435604 606 41553 263 325 212 571 714 297 826 703 472 415 386 274 1082 367 7061 380 259 931 268 268 513 313 206 267 8422 223 218 222
internal_value=-6.90748e-12 3.08726e-05 0.000284329 -0.00165113 -0.000411602 0.00053933 0.000229774 0.000566387 0.0010104 1.66638e-05 0.000570051 0.00159976 0.00210437 2.66379e-06 0.000614191 9.43586e-06 -3.14213e-05 1.78734e-05 0.00101973 0.00139806 0.000191094 0.000856942 9.51919e-05 -0.000186338 0.00171425 -0.00174219 0.000213439 0.000151708 0.0014233 0.00343349
internal_weight=504221 68617 6872 800 537 6072 4700 3986 2205 1781 1078 1372 957 61745 1908 61471 50184 43123 1570 1311 11287 1421 9866 1153 519 634 9598 9085 663 440
internal_count=504221 68617 6872 800 537 6072 4700 3986 2205 1781 1078 1372 957 61745 1908 61471 50184 43123 1570 1311 11287 1421 9866 1153 519 634 9598 9085 663 440
is_linear=0
shrinkage=0.05


Tree=208
num_leaves=31
num_cat=0
split_feature=0 0 1 1 1 0 1 1 1 1 1 1 1 1 0 1 1 1 1 1 1 1 0 1 1 0 1 1 0 0
split_gain=0.029606 0.134949 1.35228 0.621505 0.50421 0.307653 0.256793 0.355204 0.244569 0.194339 0.0976679 0.0971316 0.0807152 0.122913 0.0979336 0.366096 0.540167 0.207735 0.203904 0.682732 0.342667 0.346217 0.140613 0.128977 0.333069 0.547767 0.180003 0.29101 0.224939 0.456457
threshold=108.05000000000001 107.65000000000002 6.5000000000000009 -4.4999999999999991 25.500000000000004 107.85000000000001 15.500000000000002 12.500000000000002 20.500000000000004 2.5000000000000004 36.500000000000007 33.500000000000007 -18.499999999999996 -22.499999999999996 108.45000000000002 23.500000000000004 20.500000000000004 -14.499999999999998 17.500000000000004 14.500000000000002 2.5000000000000004 -5.4999999999999991 108.25000000000001 -6.4999999999999991 -8.4999999999999982 109.65000000000002 1.5000000000000002 2.5000000000000004 108.85000000000001 109.25000000000001
decision_type=2 2 2 2 2 2 2 2 2 2 2 2 2 2 2 2 2 2 2 2 2 2 2 2 2 2 2 2 2 2
left_child=1 -1 3 -3 6 -6 7 -4 -8 -5 11 12 13 -2 15 16 18 -16 19 20 21 -14 -22 24 25 -19 28 -28 -25 -30
right_child=10 2 4 9 5 -7 8 -9 -10 -11 -12 -13 14 -15 17 -17 -18 23 -20 -21 22 -23 -24 26 -26 -27 27 -29 29 -31
leaf_value=-3.326952703926876e-07 0.00017331543946739569 -0.00019526381437715731 0.0010501703898393615 -0.0019686195741399834 0.00023545030108157623 -0.0023818494604770529 0.0024375999071598832 -0.0012403268667940911 0.00057888391277665068 -0.0037101166141736835 0.00096562937231493655 -0.00084375770951302547 0.0012053829351706166 -0.0013607595432625127 0.0015360888753053361 0.0016693184269445669 -0.0023540903695439008 0.0018354493373331903 0.0017591195693854981 -0.0024625695120819189 0.0018041574245844989 -0.0012633849242606114 0.00053166706625803713 0.001770140484076779 -0.0022195462706828223 -0.0014218407848202591 -0.0014756600673722232 1.4096150851076475e-05 -0.0016371421091003564 0.00064658159747742661
leaf_weight=482406 277 380 485 361 235 215 383 260 329 288 294 301 224 247 226 445 204 238 227 216 446 388 423 294 229 282 337 12016 263 1302
leaf_count=482406 277 380 485 361 235 215 383 260 329 288 294 301 224 247 226 445 204 238 227 216 446 388 423 294 229 282 337 12016 263 1302
internal_value=1.10109e-12 -2.38954e-06 -0.000340344 -0.00180115 0.000447894 -0.00101504 0.000899726 0.000250802 0.00157873 -0.00274143 6.14305e-05 4.71268e-05 6.17929e-05 -0.000549808 7.98379e-05 0.000365091 9.23555e-05 3.151e-05 0.00035175 0.000163493 0.000546497 -0.000359784 0.00118475 8.78189e-06 -0.000630705 6.89958e-05 4.24841e-05 -2.65456e-05 0.000501185 0.000262799
internal_weight=504221 485342 2936 1029 1907 450 1457 745 712 649 18879 18585 18284 524 17760 2573 2128 15187 1924 1697 1481 612 869 14961 749 520 14212 12353 1859 1565
internal_count=504221 485342 2936 1029 1907 450 1457 745 712 649 18879 18585 18284 524 17760 2573 2128 15187 1924 1697 1481 612 869 14961 749 520 14212 12353 1859 1565
is_linear=0
shrinkage=0.05


Tree=209
num_leaves=31
num_cat=0
split_feature=0 1 1 1 1 1 1 0 1 1 0 1 0 0 1 1 0 0 1 0 1 1 0 0 0 0 1 1 1 0
split_gain=0.0294763 0.260852 0.215926 0.0872694 0.188343 0.246551 0.159844 0.17553 0.0965055 0.160256 0.275707 0.237578 0.189103 0.276753 0.278561 0.530043 0.555715 0.263701 0.189288 0.101325 0.175459 0.153207 0.360764 0.123882 0.153994 0.202498 0.0895301 0.278924 0.082191 0.167117
threshold=109.05000000000001 35.500000000000007 30.500000000000004 -18.499999999999996 -11.499999999999998 -6.4999999999999991 -3.4999999999999996 110.45000000000002 -1.0000000180025095e-35 1.5000000000000002 110.65000000000002 2.5000000000000004 109.45000000000002 109.85000000000001 21.500000000000004 12.500000000000002 109.65000000000002 109.65000000000002 23.500000000000004 110.05000000000001 14.500000000000002 5.5000000000000009 110.85000000000001 115.45000000000002 110.65000000000002 110.45000000000002 17.500000000000004 11.500000000000002 6.5000000000000009 109.25000000000001
decision_type=2 2 2 2 2 2 2 2 2 2 2 2 2 2 2 2 2 2 2 2 2 2 2 2 2 2 2 2 2 2
left_child=-1 2 3 -2 -5 -6 7 -7 -8 10 -10 -11 18 14 15 17 -17 -14 28 20 -15 22 -21 24 25 26 27 -23 -13 -30
right_child=1 -3 -4 4 5 6 8 -9 9 11 -12 12 13 19 -16 16 -18 -19 -20 21 -22 23 -24 -25 -26 -27 -28 -29 29 -31
leaf_value=-1.9367160527889665e-06 -0.00080951628055465354 0.0017940410580228551 -0.0010730878674501678 0.0013720227613836736 -0.0011101621413990013 0.0021421826375064563 -0.00058187086606162721 7.5093770310992287e-05 -0.00014866569803820718 -0.0013834261959725684 0.0022321408321248726 6.8855974092787399e-06 0.0012230676661425901 0.0016608853894694332 0.00071232104444430341 -0.0038737873727455736 -0.00050183366750324119 -0.0011325264665564257 -0.00061832742167659751 -0.0023617681070874281 -9.6700140752240557e-05 0.00078645294895871498 0.00018662057499184992 0.0012244135575523055 -3.7718318044087357e-05 0.0015386139426579459 0.00073038973551317686 -0.001610129219298294 0.0004632276907170669 0.0017912426507823041
leaf_weight=491604 267 217 417 286 424 201 522 210 252 273 235 204 253 285 284 250 239 224 243 207 283 274 422 266 3918 393 402 218 484 464
leaf_count=491604 267 217 417 286 424 201 522 210 252 273 235 204 253 285 284 250 239 224 243 207 283 274 422 266 3918 393 402 218 484 464
internal_value=7.9353e-13 7.54615e-05 4.53864e-05 8.43085e-05 0.000104678 7.29668e-05 0.000118546 0.00108601 8.10166e-05 0.000115369 0.00100018 7.04171e-05 0.000113035 1.84647e-05 -0.000664269 -0.00106898 -0.00222574 0.000116877 0.000649814 0.000146452 0.000785187 8.6976e-05 -0.000652038 0.00017194 0.000118154 0.000592674 0.000176842 -0.000275447 0.000917312 0.00111323
internal_weight=504221 12617 12400 11983 11716 11430 11006 411 10595 10073 487 9586 9313 7918 1250 966 489 477 1395 6668 568 6100 629 5471 5205 1287 894 492 1152 948
internal_count=504221 12617 12400 11983 11716 11430 11006 411 10595 10073 487 9586 9313 7918 1250 966 489 477 1395 6668 568 6100 629 5471 5205 1287 894 492 1152 948
is_linear=0
shrinkage=0.05


Tree=210
num_leaves=31
num_cat=0
split_feature=1 1 0 0 1 0 1 1 0 0 0 0 0 1 0 0 1 1 0 1 0 0 0 1 0 0 0 0 0 1
split_gain=0.0282906 0.0400399 0.176528 0.186863 0.130435 0.253355 0.20824 0.155684 0.110685 0.109173 0.394657 0.0725193 0.046532 0.543351 0.735851 0.872235 0.507062 0.365595 0.627257 0.536294 0.723328 1.14306 0.846872 0.544913 0.865582 1.23799 0.615294 2.22765 1.29698 0.865042
threshold=68.500000000000014 56.500000000000007 99.750000000000014 79.850000000000009 60.500000000000007 82.250000000000014 58.500000000000007 59.500000000000007 49.250000000000007 91.65000000000002 89.050000000000011 83.250000000000014 83.850000000000009 38.500000000000007 68.15000000000002 79.550000000000011 45.500000000000007 16.500000000000004 90.850000000000009 21.500000000000004 94.65000000000002 94.450000000000017 95.250000000000014 17.500000000000004 98.350000000000009 100.75000000000001 101.85000000000001 99.850000000000009 102.05000000000001 19.500000000000004
decision_type=2 2 2 2 2 2 2 2 2 2 2 2 2 2 2 2 2 2 2 2 2 2 2 2 2 2 2 2 2 2
left_child=1 12 3 8 5 6 -5 -7 -3 10 -9 -6 13 -1 16 -16 -15 -14 -19 20 21 -20 -22 24 -24 -26 27 -25 -28 -29
right_child=-2 2 -4 4 11 7 -8 9 -10 -11 -12 -13 17 14 15 -17 -18 18 19 -21 22 -23 23 26 25 -27 28 29 -30 -31
leaf_value=-1.4229677569849986e-05 -6.8419467625361526e-05 0.0009160411062262945 -0.00087541444309218114 0.0024979170528711819 -0.0002400825002080284 0.00012109860892204487 0.00051919643560217486 0.00040352134792537422 -0.00014862785129173993 0.00012607645584314825 0.0030113355953984219 0.00015101599274931462 3.567938339999677e-05 0.00036483339222398057 0.00076956876153025031 -4.6938223440240597e-05 -0.00079518747490111945 -0.00025651355293236021 -0.00063104364189202561 4.6744089754122468e-05 0.0016726323320315436 -0.0042062616684945559 -0.0021182747916741805 0.00026190805944575592 0.0015140130196088627 -0.00080792359098529509 0.003735695974184917 -0.00062430574727340019 0.0001503834852103335 -0.0024580318174815966
leaf_weight=122578 14669 253 482 247 1455 3494 288 485 6953 377 207 6394 183440 1587 8456 5334 2318 34544 3462 85835 650 239 825 4932 729 2701 260 1270 8454 1303
leaf_count=122578 14669 253 482 247 1455 3494 288 485 6953 377 207 6394 183440 1587 8456 5334 2318 34544 3462 85835 650 239 825 4932 729 2701 260 1270 8454 1303
internal_value=5.41627e-12 2.05014e-06 7.02153e-05 9.2832e-05 0.000206418 0.000403338 0.00143274 0.000282644 -0.000111248 0.00081065 0.0011836 7.85165e-05 -9.49518e-07 2.31592e-05 0.000282162 0.000453742 -0.000323753 -1.12397e-05 -7.05137e-05 -1.24514e-05 -0.000217126 -0.000861921 -0.000104156 -0.000160564 -0.000664175 -0.000314427 -2.84438e-05 -0.000360287 0.000257359 -0.00155293
internal_weight=504221 489552 20635 20153 12947 5098 535 4563 7206 1069 692 7849 468917 140273 17695 13790 3905 328644 145204 110660 24825 3701 21124 20474 4255 3430 16219 7505 8714 2573
internal_count=504221 489552 20635 20153 12947 5098 535 4563 7206 1069 692 7849 468917 140273 17695 13790 3905 328644 145204 110660 24825 3701 21124 20474 4255 3430 16219 7505 8714 2573
is_linear=0
shrinkage=0.05


Tree=211
num_leaves=31
num_cat=0
split_feature=0 1 0 1 1 1 1 1 0 1 1 0 0 1 1 1 1 1 1 1 0 1 1 0 0 1 0 0 1 1
split_gain=0.0284112 0.128624 0.125881 0.111438 0.0824837 0.413371 0.313397 0.288098 0.175699 0.15114 0.128424 0.117067 0.0767524 0.0743033 0.127012 0.167652 0.337864 0.371073 0.176414 0.185405 0.154725 0.109955 0.107931 0.0972892 0.196557 0.0621213 0.0532839 0.0458632 0.400872 0.436733
threshold=45.850000000000001 -66.499999999999986 35.850000000000001 -63.499999999999993 -42.499999999999993 -39.499999999999993 -35.499999999999993 -48.499999999999993 35.850000000000001 -29.499999999999996 -51.499999999999993 35.850000000000001 41.550000000000004 -26.499999999999996 -21.499999999999996 -12.499999999999998 -7.4999999999999991 -1.0000000180025095e-35 16.500000000000004 34.500000000000007 29.850000000000005 25.500000000000004 68.500000000000014 35.850000000000001 29.850000000000005 -16.499999999999996 35.850000000000001 53.750000000000007 2.5000000000000004 -45.499999999999993
decision_type=2 2 2 2 2 2 2 2 2 2 2 2 2 2 2 2 2 2 2 2 2 2 2 2 2 2 2 2 2 2
left_child=1 2 -1 -3 7 -6 -7 10 -9 11 12 -8 26 -11 -15 25 -17 -18 20 21 -19 -20 23 24 -21 -16 -5 28 29 -2
right_child=27 3 -4 4 5 6 9 8 -10 13 -12 -13 -14 14 15 16 17 18 19 22 -22 -23 -24 -25 -26 -27 -28 -29 -30 -31
leaf_value=-0.0013924228609989049 -0.00031700015881253897 0.0013229928947434636 -9.8144129049359714e-05 -0.00012608227123947521 0.0023886946935049247 -0.0013257502589155647 0.00028586083402236303 -0.0002026849390231362 -0.0020273342259504181 -0.00075438357889652259 0.0013226106762886049 0.0018663695027966718 -0.00068506825512105768 0.0011090142162782806 -0.00026831702136621935 0.0020049911124382434 -0.0014441714226063396 1.9546899838968812e-05 5.7940328951010451e-05 0.0011671695512205621 0.0015986746395949267 -0.0012138622096938894 -0.00049463348638583728 0.0014701158667014818 -0.0008442013332860892 -0.0013464140822721082 0.00083535222785316259 1.8376436294777332e-07 -0.00074699148403778622 0.0007215606322735922
leaf_weight=259 2318 203 684 304 213 340 228 258 270 215 235 241 275 350 353 254 341 247 334 290 417 346 223 295 209 215 274 490367 1866 1797
leaf_count=259 2318 203 684 304 213 340 228 258 270 215 235 241 275 350 353 254 341 247 334 290 417 346 223 295 209 215 274 490367 1866 1797
internal_value=3.79243e-12 9.42383e-05 -0.000453625 0.000168789 0.000133958 0.000232407 0.000138637 -0.000177411 -0.00113574 0.000247871 0.000287663 0.00109802 2.53661e-06 0.000150361 0.000200573 0.000110347 0.000261522 9.76279e-05 0.000320311 4.99574e-05 0.00101126 -0.000589183 0.000477308 0.000750284 0.000324732 -0.0006764 0.000329684 -1.49479e-06 -0.000139115 0.000136534
internal_weight=504221 7873 943 6930 6727 5111 4898 1616 528 4558 1088 469 853 4089 3874 3524 2956 2702 2361 1697 664 680 1017 794 499 568 578 496348 5981 4115
internal_count=504221 7873 943 6930 6727 5111 4898 1616 528 4558 1088 469 853 4089 3874 3524 2956 2702 2361 1697 664 680 1017 794 499 568 578 496348 5981 4115
is_linear=0
shrinkage=0.05


Tree=212
num_leaves=31
num_cat=0
split_feature=0 1 1 1 1 0 0 0 1 1 1 1 1 1 1 0 1 0 1 0 1 0 0 1 0 1 1 1 1 1
split_gain=0.0257124 0.121504 0.197323 0.178421 0.106018 0.310856 0.0290856 0.48452 0.410388 0.318639 0.443213 0.299649 0.298257 0.288287 0.726218 0.439343 0.81452 0.465735 0.40019 0.384221 0.821208 0.836487 1.41353 1.17409 0.721815 0.822865 0.432837 1.05307 0.405783 0.380237
threshold=113.05000000000001 1.5000000000000002 8.5000000000000018 20.500000000000004 15.500000000000002 114.35000000000001 100.45000000000002 100.55000000000001 31.500000000000004 12.500000000000002 1.0000000180025095e-35 22.500000000000004 53.500000000000007 10.500000000000002 12.500000000000002 103.15000000000002 7.5000000000000009 102.45000000000002 6.5000000000000009 101.55000000000001 -8.4999999999999982 102.15000000000002 102.35000000000001 1.0000000180025095e-35 100.85000000000001 4.5000000000000009 -19.499999999999996 -9.4999999999999982 -19.499999999999996 -15.499999999999998
decision_type=2 2 2 2 2 2 2 2 2 2 2 2 2 2 2 2 2 2 2 2 2 2 2 2 2 2 2 2 2 2
left_child=6 -2 -3 4 5 -4 -1 8 9 10 -8 -11 13 15 -15 16 17 19 -19 24 29 -22 -23 -24 25 26 -9 -28 -26 -21
right_child=1 2 3 -5 -6 -7 7 12 -10 11 -12 -13 -14 14 -16 -17 -18 18 -20 20 21 22 23 -25 28 -27 27 -29 -30 -31
leaf_value=5.8485915703552286e-06 0.0013002248334994515 -0.0011088001850157677 0.0016123964504052399 -0.00053669671490844497 0.0016043776213982197 -0.0010763966069534058 -0.0017905679656718529 -0.0019561290259709199 0.00099384053962446053 -0.0032489273595128418 0.00065747437046691161 -0.00086288959659794546 -0.0011557707334119932 0.00061781532460045889 1.4140340693312559e-05 1.8722845126976767e-05 -0.0011103853407471553 -0.00049390254747098982 -0.0027089276147443195 0.00016449868361034044 0.0012436842805668537 -0.0014251073380465518 0.0047312603323232567 -0.0005311776196288172 0.00085165540125512861 0.0033273836503089488 0.002543375386128293 -0.00041854691499399268 -0.0007566511336356234 -0.001334880405070446
leaf_weight=389485 217 299 226 374 265 205 379 209 238 299 361 235 566 5485 54322 32590 2579 3955 215 820 2538 902 210 214 434 236 431 988 4071 873
leaf_count=389485 217 299 226 374 265 205 379 209 238 299 361 235 566 5485 54322 32590 2579 3955 215 820 2538 902 210 214 434 236 431 988 4071 873
internal_value=2.78305e-12 0.000201005 2.67674e-05 0.00034409 0.000817386 0.000333504 -6.34241e-07 -2.29495e-05 -0.000912005 -0.00126804 -0.00059632 -0.00219889 -1.09083e-05 -5.0743e-06 6.95044e-05 -9.20796e-05 -0.000285443 -0.000153265 -0.000608106 5.77298e-06 0.000309601 0.000711935 -0.000305848 0.00207522 -0.00025932 0.000568188 0.000168206 0.000481093 -0.000601711 -0.00060866
internal_weight=504221 1586 1369 1070 696 431 502635 113150 1512 1274 740 534 111638 111072 59807 51265 18675 16096 4170 11926 5557 3864 1326 424 6369 1864 1628 1419 4505 1693
internal_count=504221 1586 1369 1070 696 431 502635 113150 1512 1274 740 534 111638 111072 59807 51265 18675 16096 4170 11926 5557 3864 1326 424 6369 1864 1628 1419 4505 1693
is_linear=0
shrinkage=0.05


Tree=213
num_leaves=31
num_cat=0
split_feature=0 1 0 1 1 1 1 1 0 1 0 1 0 0 1 1 0 1 1 1 1 1 0 1 1 0 0 0 1 1
split_gain=0.0254739 0.116083 0.113607 0.100573 0.0744415 0.373067 0.282841 0.260008 0.158568 0.136404 0.127187 0.365133 0.105653 0.0794887 0.232005 0.0999206 0.213062 0.126145 0.0991067 0.1549 0.1569 0.0989086 0.531381 0.18159 0.175306 0.0908204 0.0538044 0.0415799 0.361787 0.397686
threshold=45.850000000000001 -66.499999999999986 35.850000000000001 -63.499999999999993 -42.499999999999993 -39.499999999999993 -35.499999999999993 -48.499999999999993 35.850000000000001 -29.499999999999996 35.850000000000001 -53.499999999999993 35.850000000000001 35.850000000000001 36.500000000000007 25.500000000000004 29.850000000000005 44.500000000000007 -9.4999999999999982 3.5000000000000004 16.500000000000004 -1.0000000180025095e-35 29.850000000000005 -7.4999999999999991 -14.499999999999998 29.850000000000005 41.550000000000004 53.750000000000007 2.5000000000000004 -53.499999999999993
decision_type=2 2 2 2 2 2 2 2 2 2 2 2 2 2 2 2 2 2 2 2 2 2 2 2 2 2 2 2 2 2
left_child=1 2 -1 -3 7 -6 -7 10 -9 12 -5 26 -8 15 18 21 17 -17 -15 -20 -21 23 -23 24 25 -11 -12 28 29 -2
right_child=27 3 -4 4 5 6 9 8 -10 13 11 -13 -14 14 -16 16 -18 -19 19 20 -22 22 -24 -25 -26 -27 -28 -29 -30 -31
leaf_value=-0.0013230941657509125 -0.00040599924139084653 0.0012565506135888875 -9.3529453468427324e-05 -0.00043321064677997616 0.0022689675221420793 -0.0012597549268428018 0.00027127539771690706 -0.0001928431927695755 -0.0019262599586336701 0.00082875055063612855 0.00047850356628206483 0.0024786920875162627 0.0017727584945215723 8.5319299763495778e-05 0.0010090019737024991 -0.00025202393723659761 -0.0010642326364470834 0.0013915040588969542 -0.0019028282524751767 0.00076850507760522384 -0.00099172934138199733 -0.00012040252554906559 0.0029480625105940779 -0.0010028480186260172 0.0018397443453377149 -0.00042967504855087602 -0.00057487203398855723 1.8283592622035793e-07 -0.0007099343480420397 0.00058066886468992546
leaf_weight=259 1882 203 684 402 213 340 228 258 270 269 239 201 241 545 356 233 347 234 224 201 342 365 230 224 212 307 246 490367 1866 2233
leaf_count=259 1882 203 684 402 213 340 228 258 270 269 239 201 241 545 356 233 347 234 224 201 342 365 230 224 212 307 246 490367 1866 2233
internal_value=1.70932e-12 8.92339e-05 -0.000431236 0.000160057 0.000126968 0.000220495 0.000131412 -0.000168833 -0.00107925 0.000235185 0.000272987 0.000686824 0.00104283 0.00014255 -0.000123041 0.000325535 -0.000125797 0.0005715 -0.000430211 -0.000796526 -0.000340151 0.00055415 0.00106573 0.000253371 0.000610469 0.000158027 -5.57859e-05 -1.41541e-06 -0.000132452 0.000129415
internal_weight=504221 7873 943 6930 6727 5111 4898 1616 528 4558 1088 686 469 4089 1668 2421 814 467 1312 767 543 1607 595 1012 788 576 485 496348 5981 4115
internal_count=504221 7873 943 6930 6727 5111 4898 1616 528 4558 1088 686 469 4089 1668 2421 814 467 1312 767 543 1607 595 1012 788 576 485 496348 5981 4115
is_linear=0
shrinkage=0.05


Tree=214
num_leaves=31
num_cat=0
split_feature=1 1 0 0 1 0 1 0 1 0 0 1 0 0 0 0 0 1 1 1 0 0 0 0 0 0 0 0 1 0
split_gain=0.025045 0.037264 0.306954 0.255588 0.344245 0.341358 0.14507 0.42894 0.284612 0.211312 0.143881 0.13054 0.441913 0.571394 0.202846 0.204949 0.19139 0.0978885 0.0959728 0.0854479 0.238668 0.505477 0.144372 0.142161 0.166682 0.143873 0.420352 0.143737 0.248616 0.0974653
threshold=68.500000000000014 50.500000000000007 100.05000000000001 68.65000000000002 56.500000000000007 53.750000000000007 60.500000000000007 86.450000000000017 59.500000000000007 91.65000000000002 83.250000000000014 54.500000000000007 74.350000000000009 72.850000000000009 76.850000000000009 80.450000000000017 72.450000000000017 53.500000000000007 52.500000000000007 45.500000000000007 67.15000000000002 69.050000000000011 82.250000000000014 81.050000000000011 80.15000000000002 72.050000000000011 73.250000000000014 77.750000000000014 48.500000000000007 76.250000000000014
decision_type=2 2 2 2 2 2 2 2 2 2 2 2 2 2 2 2 2 2 2 2 2 2 2 2 2 2 2 2 2 2
left_child=1 19 3 4 5 -3 7 11 -9 -10 -8 12 13 18 -14 -16 -13 -4 -5 -1 -21 -22 23 24 25 -23 -27 28 29 -28
right_child=-2 2 17 6 -6 -7 10 8 9 -11 -12 16 14 -15 15 -17 -18 -19 -20 20 21 22 -24 -25 -26 26 27 -29 -30 -31
leaf_value=1.961022682105339e-06 -6.4375257852741037e-05 0.00082827000438840846 -0.00011142784580969071 0.0016155701723668072 3.79625728366272e-05 -0.0013485500070145942 -0.00022624175449705957 -9.1226817426343096e-05 0.0017454446486017 8.6669241309822228e-05 0.00013857737989902435 -0.00054653635005588112 -0.00064623053836566154 0.0041048064420175796 0.0012872845429457783 0.00029874621164153407 0.00042316002382558046 -0.0011841579471150217 0.00013854453159916786 -0.00086843260782203276 0.0021920579282467259 -0.00063495216350959241 -0.00020689045333581327 0.0010341132947698582 -0.0011535801347200723 0.0024576740348061852 0.00094637825023030349 0.00064159697488140024 -0.0012864491789552727 -0.00041613278278548806
leaf_weight=442072 14669 217 318 223 2401 1059 4667 8954 382 386 6421 575 372 201 762 1681 4423 642 217 1001 243 431 9373 430 258 215 317 707 380 224
leaf_count=442072 14669 217 318 223 2401 1059 4667 8954 382 386 6421 575 372 201 762 1681 4423 642 217 1001 243 431 9373 430 258 215 317 707 380 224
internal_value=-2.2502e-13 1.92895e-06 5.25027e-05 7.8187e-05 -0.000314722 -0.000978354 0.000127556 0.000214506 -1.19966e-05 0.000911737 -1.4977e-05 0.000474981 0.000711258 0.0018961 0.000441458 0.000607083 0.0003116 -0.000828816 0.000887128 -1.8338e-06 -0.000125377 -6.62416e-05 -0.00011073 0.000193561 5.0813e-05 0.000187459 0.000379786 0.000105373 -0.000306257 0.000382233
internal_weight=504221 489552 33901 32941 3677 1276 29264 18176 9722 768 11088 8454 3456 641 2815 2443 4998 960 440 455651 13579 12578 12335 2962 2532 2274 1843 1628 921 541
internal_count=504221 489552 33901 32941 3677 1276 29264 18176 9722 768 11088 8454 3456 641 2815 2443 4998 960 440 455651 13579 12578 12335 2962 2532 2274 1843 1628 921 541
is_linear=0
shrinkage=0.05


Tree=215
num_leaves=31
num_cat=0
split_feature=1 0 0 0 0 1 0 1 1 1 1 0 0 1 1 1 1 1 1 1 0 1 1 0 1 1 0 0 0 1
split_gain=0.0234574 0.177186 0.305075 0.244065 0.298009 0.15224 0.116649 0.188383 0.137816 0.131136 0.161311 0.192546 0.115447 0.209769 0.263657 0.153356 0.348694 0.131347 0.126336 0.114301 0.102527 0.219701 0.213447 0.197611 0.399335 0.206802 0.189115 0.205176 0.182972 0.144533
threshold=-19.499999999999996 102.05000000000001 102.85000000000001 100.85000000000001 100.35000000000001 -24.499999999999996 35.850000000000001 -5.4999999999999991 -11.499999999999998 2.5000000000000004 25.500000000000004 29.850000000000005 55.45000000000001 43.500000000000007 15.500000000000002 -12.499999999999998 -8.4999999999999982 -15.499999999999998 20.500000000000004 44.500000000000007 69.050000000000011 -61.499999999999993 -66.499999999999986 67.15000000000002 -39.499999999999993 -48.499999999999993 87.450000000000017 87.250000000000014 87.850000000000009 -57.499999999999993
decision_type=2 2 2 2 2 2 2 2 2 2 2 2 2 2 2 2 2 2 2 2 2 2 2 2 2 2 2 2 2 2
left_child=1 3 -3 4 20 -5 7 8 -2 -9 -11 19 13 14 15 17 -17 -8 -16 -12 23 22 -22 29 25 -25 27 -23 -28 -1
right_child=6 2 -4 5 -6 -7 12 9 -10 10 11 -13 -14 -15 18 16 -18 -19 -20 -21 21 26 -24 24 -26 -27 28 -29 -30 -31
leaf_value=-0.00018300000659622747 0.00049041669408325108 -0.0016414177743825573 -0.00019287462708253954 0.00013722181969950365 -0.0014706503093327072 0.0015873001937154699 -0.00012772505922215198 -0.00094763900732061992 0.0022231308277696374 0.0010204509330198732 -0.00023952070223926989 -0.0010105941020574969 4.9126788459504978e-06 0.00034402818254136887 -0.0018407214936372396 0.0018876812846095586 -0.00013878630784876255 -0.0018185579167002469 -0.00069642070086182583 0.0013249535359338754 -0.00013841166109397106 -0.00016293654202747271 0.0014712932385388606 0.00067203910972075487 -8.6010748974415445e-05 0.0021622402004048795 0.00098523079509163177 -0.0016487524745629192 2.6380212528319696e-05 0.00011174280186296298
leaf_weight=5991 256 433 2264 344 353 382 268 243 208 503 233 347 437620 1168 296 251 1376 201 1303 234 379 20578 451 567 1190 395 519 235 12029 13604
leaf_count=5991 256 433 2264 344 353 382 268 243 208 503 233 347 437620 1168 296 251 1376 201 1303 234 379 20578 451 567 1190 395 519 235 12029 13604
internal_value=1.24271e-12 -2.94239e-05 -0.000425436 -1.06919e-05 -2.244e-05 0.000900211 3.95274e-06 0.00038267 0.00126715 0.000119593 0.000316508 -0.000118483 2.22042e-06 -0.000240055 -0.000424685 -5.57836e-05 0.00017384 -0.000852368 -0.000908249 0.000544391 -1.3301e-05 -6.72869e-05 0.000736259 7.15765e-05 0.000526384 0.00128392 -8.72786e-05 -0.000179713 6.60394e-05 2.16278e-05
internal_weight=504221 59714 2697 57017 56291 726 444507 2024 464 1560 1317 814 442483 4863 3695 2096 1627 469 1599 467 55938 34191 830 21747 2152 962 33361 20813 12548 19595
internal_count=504221 59714 2697 57017 56291 726 444507 2024 464 1560 1317 814 442483 4863 3695 2096 1627 469 1599 467 55938 34191 830 21747 2152 962 33361 20813 12548 19595
is_linear=0
shrinkage=0.05


Tree=216
num_leaves=31
num_cat=0
split_feature=1 1 0 0 1 0 1 1 0 0 0 0 0 0 0 1 0 0 1 0 1 1 1 0 1 1 1 0 1 0
split_gain=0.0231731 0.0340789 0.127788 0.159007 0.111542 0.224275 0.187937 0.12515 0.0918251 0.0883472 0.34413 0.05918 0.0409415 0.0626301 0.0396061 0.474368 0.60468 0.775894 0.437491 0.364744 0.440511 0.38026 0.348031 0.990762 0.79185 0.536362 0.65121 0.540197 0.53867 0.505923
threshold=68.500000000000014 56.500000000000007 99.750000000000014 79.850000000000009 60.500000000000007 82.250000000000014 58.500000000000007 59.500000000000007 49.250000000000007 91.65000000000002 89.050000000000011 83.250000000000014 95.450000000000017 96.850000000000009 83.850000000000009 38.500000000000007 68.15000000000002 79.550000000000011 45.500000000000007 80.750000000000014 -48.499999999999993 -21.499999999999996 29.500000000000004 69.550000000000011 32.500000000000007 16.500000000000004 11.500000000000002 67.65000000000002 15.500000000000002 75.050000000000011
decision_type=2 2 2 2 2 2 2 2 2 2 2 2 2 2 2 2 2 2 2 2 2 2 2 2 2 2 2 2 2 2
left_child=1 14 3 8 5 6 -5 -7 -3 10 -9 -6 -13 -14 15 19 18 -18 -17 22 -21 -22 25 -24 -25 26 -1 -28 -29 -26
right_child=-2 2 -4 4 11 7 -8 9 -10 -11 -12 12 13 -15 -16 16 17 -19 -20 20 21 -23 23 24 29 -27 27 28 -30 -31
leaf_value=-3.4969662761954804e-05 -6.1922818775803364e-05 0.00083141496491626738 -0.00073981958642385572 0.0023513068101908034 -0.00021732268350909361 0.00011246789279583102 0.00047152216688522866 0.00033777523709019438 -0.00013831651447625967 0.00011488277939412575 0.0027729402440217674 9.1939354798779903e-05 0.0010105170653349608 5.6079904787947198e-05 -1.0405434535180041e-05 0.0003536774744599513 0.0007167459508778493 -5.3349096248751177e-05 -0.00072382843992916952 0.0019036824648209511 -0.00037841262613854759 0.0002350934761179118 0.00038777264353639647 -0.0014798129852205185 -0.00098643001329935635 0.00025008404662796551 0.00025991565657181384 -0.0011520491762581318 0.00020005708929699369 0.00014735034983125736
leaf_weight=71550 14669 253 482 247 1455 3494 288 485 6953 377 207 5703 321 370 328644 1587 8456 5334 2318 363 2952 17490 3107 2158 1620 15040 1423 3431 938 2506
leaf_count=71550 14669 253 482 247 1455 3494 288 485 6953 377 207 5703 321 370 328644 1587 8456 5334 2318 363 2952 17490 3107 2158 1620 15040 1423 3431 938 2506
internal_value=-1.07789e-12 1.85546e-06 6.47422e-05 8.3985e-05 0.000188763 0.000370864 0.00133939 0.000257307 -0.00010427 0.000730711 0.00106621 7.04868e-05 0.00013598 0.000499458 -9.11911e-07 2.13304e-05 0.000263334 0.000418872 -0.000285928 -1.36045e-05 0.000177157 0.000146498 -5.2601e-05 -0.000342603 -0.000703723 -2.31212e-05 -7.6249e-05 -0.000586182 -0.000861759 -0.000297808
internal_weight=504221 489552 20635 20153 12947 5098 535 4563 7206 1069 692 7849 6394 691 468917 140273 17695 13790 3905 122578 20805 20442 101773 9391 6284 92382 77342 5792 4369 4126
internal_count=504221 489552 20635 20153 12947 5098 535 4563 7206 1069 692 7849 6394 691 468917 140273 17695 13790 3905 122578 20805 20442 101773 9391 6284 92382 77342 5792 4369 4126
is_linear=0
shrinkage=0.05


Tree=217
num_leaves=31
num_cat=0
split_feature=1 0 1 0 1 1 1 0 0 0 0 0 0 0 0 1 0 1 0 1 1 0 0 1 0 0 0 0 0 0
split_gain=0.0272066 0.367246 0.353747 0.675156 0.49993 0.379728 0.865019 0.809702 0.607272 0.483509 0.364182 0.439034 0.335244 0.322463 0.318871 0.588434 0.53375 0.34631 0.31558 0.307358 0.402098 0.451971 0.401355 0.340029 0.306247 0.468388 0.303586 0.290032 0.287323 0.302538
threshold=16.500000000000004 77.15000000000002 26.500000000000004 71.250000000000014 18.500000000000004 36.500000000000007 45.500000000000007 72.050000000000011 76.850000000000009 61.550000000000004 64.65000000000002 68.65000000000002 64.050000000000011 51.750000000000007 77.750000000000014 12.500000000000002 69.050000000000011 15.500000000000002 65.950000000000017 -30.499999999999996 3.5000000000000004 77.450000000000017 64.65000000000002 2.5000000000000004 64.050000000000011 61.550000000000004 65.950000000000017 72.050000000000011 76.550000000000011 68.65000000000002
decision_type=2 2 2 2 2 2 2 2 2 2 2 2 2 2 2 2 2 2 2 2 2 2 2 2 2 2 2 2 2 2
left_child=14 2 3 4 10 7 9 13 -9 -7 -2 -12 -11 -4 15 19 18 -18 -17 -1 22 24 -21 -24 25 -22 -26 -5 29 -14
right_child=1 -3 5 27 -6 6 -8 8 -10 12 11 -13 28 -15 -16 16 17 -19 -20 20 21 -23 23 -25 26 -27 -28 -29 -30 -31
leaf_value=9.3851958771448905e-05 3.1466071510682686e-06 -4.1198910967996981e-05 -0.00088817623088030323 0.0022200834538569207 0.00024705372837317651 -0.00027138664776221771 -2.8642878809165929e-05 -0.0010475596358191469 0.0016627392236579646 0.0025271359943982328 -0.0036646143709485597 -0.0005200719813237319 0.0001125972013215761 0.0003431279986797018 4.0647788409692884e-05 -0.00043218040194817456 -0.0015756007625410955 -0.00013339835951548879 0.0012305720426418164 7.2909344100844243e-05 -3.560687134426738e-05 0.0022438960683112052 -0.00029922313058035105 -0.0014335836679879523 0.0016031784823898115 -0.0020263200896005556 0.00017380326149085237 0.00075162627686413061 -0.00062743319949897175 0.0011420522598259869
leaf_weight=23163 389 190820 615 371 3556 1082 16873 2994 222 297 222 222 925 3927 209553 966 1605 562 405 8355 1260 255 21076 682 396 386 5998 3590 330 3124
leaf_count=23163 389 190820 615 371 3556 1082 16873 2994 222 297 222 222 925 3927 209553 966 1605 562 405 8355 1260 255 21076 682 396 386 5998 3590 330 3124
internal_value=1.48909e-13 -1.27042e-05 0.000127654 0.000415897 -1.1222e-05 4.8454e-05 0.000151938 -0.00025342 -0.000860468 0.000681103 -0.00111378 -0.00209234 0.000901503 0.000176406 1.0618e-05 -8.60326e-05 -0.00071309 -0.00120157 5.90047e-05 -5.00005e-05 -0.000136755 0.000171489 -0.000221664 -0.000334779 0.00010576 -0.000502445 0.000262329 0.000889167 0.000791247 0.000906872
internal_weight=504221 229559 38739 8350 4389 30389 22631 7758 3216 5758 833 444 4676 4542 274662 65109 3538 2167 1371 61571 38408 8295 30113 21758 8040 1646 6394 3961 4379 4049
internal_count=504221 229559 38739 8350 4389 30389 22631 7758 3216 5758 833 444 4676 4542 274662 65109 3538 2167 1371 61571 38408 8295 30113 21758 8040 1646 6394 3961 4379 4049
is_linear=0
shrinkage=0.05


Tree=218
num_leaves=31
num_cat=0
split_feature=1 0 1 0 1 0 1 0 0 0 0 0 1 0 0 1 0 0 1 0 1 0 0 1 1 1 0 0 0 0
split_gain=0.0245539 0.33144 0.321789 0.523972 0.407317 0.795282 0.78068 0.729779 0.52367 0.436367 0.376475 0.57647 0.310351 0.302558 0.287781 0.531062 0.483694 0.280919 0.653324 0.766037 0.658621 0.636692 0.735888 0.654322 0.551912 0.387294 0.34029 1.09018 0.585462 0.438024
threshold=16.500000000000004 77.15000000000002 27.500000000000004 69.050000000000011 36.500000000000007 69.050000000000011 45.500000000000007 76.850000000000009 64.65000000000002 61.550000000000004 61.550000000000004 55.45000000000001 17.500000000000004 64.050000000000011 77.750000000000014 12.500000000000002 72.050000000000011 97.850000000000009 13.500000000000002 89.250000000000014 14.500000000000002 96.350000000000009 96.450000000000017 -1.0000000180025095e-35 -2.4999999999999996 1.0000000180025095e-35 93.65000000000002 92.850000000000009 92.250000000000014 95.550000000000011
decision_type=2 2 2 2 2 2 2 2 2 2 2 2 2 2 2 2 2 2 2 2 2 2 2 2 2 2 2 2 2 2
left_child=14 2 3 12 5 8 9 -7 10 -6 11 -4 -2 -11 15 -1 -17 18 21 -20 -21 -16 23 -23 -24 -26 27 28 -22 -28
right_child=1 -3 4 -5 6 7 -8 -9 -10 13 -12 -13 -14 -15 17 16 -18 -19 19 20 26 22 24 -25 25 -27 29 -29 -30 -31
leaf_value=-4.750047281041532e-05 -0.0014915922816310611 -3.913895982581007e-05 -0.00069200754762519141 0.00069652920957495893 -0.00025781728189555641 -0.00089860772042762776 -2.721072869255136e-05 0.0021556864103790627 0.0011528076916033415 0.0024007791471401048 -0.0014219908669907996 0.0014575159802597806 7.2399257138992346e-05 0.00075168466240339469 1.3362807147432592e-05 -0.00014714261364347233 -0.0013219562411056361 -2.6569396170119889e-05 0.0010048940432723953 0.00090086528179450509 5.2602844204296728e-05 0.00065820350463517978 -5.8340888517584703e-05 0.0037148937421133282 0.0015567476238090979 0.00046014602225571619 -0.0016298710359329768 0.0026930733439578139 -0.0027596020173015342 -0.00010862575525362663
leaf_weight=61571 350 190820 724 5386 1082 3864 16873 206 1176 297 470 548 3384 4379 96357 1941 1597 92402 4083 1713 1065 411 5291 305 985 4410 806 355 224 1146
leaf_count=61571 350 190820 724 5386 1082 3864 16873 206 1176 297 470 548 3384 4379 96357 1941 1597 92402 4083 1713 1065 411 5291 305 985 4410 806 355 224 1146
internal_value=3.46108e-12 -1.2069e-05 0.000121272 0.00038097 4.13078e-05 -0.000292369 0.000144341 -0.000744017 0.000337584 0.000647048 -0.000212761 0.000234045 -7.41988e-05 0.000856428 1.00871e-05 -8.17309e-05 -0.000677436 3.86154e-05 9.00294e-05 0.000489983 9.39788e-05 5.51705e-05 0.000408483 0.00196029 0.000304507 0.00066036 -0.000290392 0.000239606 -0.000436097 -0.000736763
internal_weight=504221 229559 38739 9120 29619 6988 22631 4070 2918 5758 1742 1272 3734 4676 274662 65109 3538 209553 117151 9392 5309 107759 11402 716 10686 5395 3596 1644 1289 1952
internal_count=504221 229559 38739 9120 29619 6988 22631 4070 2918 5758 1742 1272 3734 4676 274662 65109 3538 209553 117151 9392 5309 107759 11402 716 10686 5395 3596 1644 1289 1952
is_linear=0
shrinkage=0.05


Tree=219
num_leaves=31
num_cat=0
split_feature=0 0 1 1 1 1 1 0 0 1 1 0 1 1 1 0 1 1 1 1 1 1 1 1 1 1 0 1 1 0
split_gain=0.0240857 0.191361 0.337502 0.358121 0.202903 0.579063 0.180687 0.162044 0.212603 0.154516 0.158918 0.20086 0.242009 0.2377 0.19506 0.150566 0.417178 0.480375 0.209717 0.663846 0.689398 0.559382 0.309364 0.192583 0.733872 0.434317 0.15704 0.13663 0.369847 0.134416
threshold=89.65000000000002 89.050000000000011 1.5000000000000002 4.5000000000000009 29.500000000000004 21.500000000000004 -33.499999999999993 100.05000000000001 96.850000000000009 -1.4999999999999998 -27.499999999999996 89.450000000000017 -9.4999999999999982 -7.4999999999999991 -12.499999999999998 88.65000000000002 -23.499999999999996 -18.499999999999996 -7.4999999999999991 1.0000000180025095e-35 6.5000000000000009 11.500000000000002 -12.499999999999998 25.500000000000004 21.500000000000004 37.500000000000007 88.850000000000009 8.5000000000000018 12.500000000000002 91.050000000000011
decision_type=2 2 2 2 2 2 2 2 2 2 2 2 2 2 2 2 2 2 2 2 2 2 2 2 2 2 2 2 2 2
left_child=1 15 9 -4 5 27 7 8 -2 10 -3 13 -13 14 -12 -1 -17 -18 22 -20 -21 -22 -19 24 26 -25 -23 -5 -29 -8
right_child=6 2 3 4 -6 -7 29 -9 -10 -11 11 12 -14 -15 -16 16 17 18 19 20 21 23 -24 25 -26 -27 -28 28 -30 -31
leaf_value=-9.8740368911682012e-06 -0.00054568748476099122 0.001082603545284305 -0.0021755480457996499 0.00066760210688950831 -8.2564973538428168e-05 -0.0018127592392817083 0.00014422317848186676 -0.0017019551771716411 0.0010716713723340793 0.001479260064661503 0.00022497336124821057 -0.0016718225828979327 0.00046540530961613325 -0.00092955924788095659 0.0019517437096868385 -0.0014031681200039798 0.0026775080225851441 0.0005436544421200569 0.002440300762407051 -0.0021105541424317796 0.0024630406573414804 0.0012630094032458686 -0.0019073948439429788 0.0014206435181666787 -0.0026893640142374151 -7.5466284599753417e-05 -0.0003461103412535107 -0.001712186419431932 0.00016356713380147797 3.8559373798042679e-06
leaf_weight=213301 1356 353 290 379 2818 794 18262 238 239 236 496 345 215 274 244 348 219 260 363 297 300 324 255 751 254 1370 285 381 847 258127
leaf_count=213301 1356 353 290 379 2818 794 18262 238 239 236 496 345 215 274 244 348 219 260 363 297 300 324 255 751 254 1370 285 381 847 258127
internal_value=5.54538e-13 -1.2125e-05 -0.000257564 -0.000465364 -0.000370335 -0.000708085 9.8491e-06 -0.000484936 -0.000303337 0.000271688 0.000123796 -9.12348e-05 -0.00085128 0.000328514 0.000794341 -3.5003e-06 0.000266998 0.000391243 0.000278955 0.000402864 0.000196333 0.000404964 -0.000669972 0.000198053 -0.000431663 0.000454274 0.000509973 -0.000162278 -0.000418405 1.31305e-05
internal_weight=504221 225999 7672 5509 5219 2401 278222 1833 1595 2163 1927 1574 560 1014 740 218327 5026 4678 4459 3944 3581 3284 515 2984 863 2121 609 1607 1228 276389
internal_count=504221 225999 7672 5509 5219 2401 278222 1833 1595 2163 1927 1574 560 1014 740 218327 5026 4678 4459 3944 3581 3284 515 2984 863 2121 609 1607 1228 276389
is_linear=0
shrinkage=0.05


Tree=220
num_leaves=31
num_cat=0
split_feature=0 1 0 1 1 1 1 1 0 0 1 1 1 1 0 0 0 1 0 0 0 0 1 1 1 1 1 1 0 0
split_gain=0.0239289 0.41116 0.159434 0.506307 0.126797 0.184529 0.0903373 0.4785 0.400882 0.349868 0.33705 0.253042 0.25061 0.244495 0.49468 0.21661 0.199137 0.138684 0.124275 0.122955 0.100731 0.318034 0.176116 0.0949698 0.0947063 0.243364 0.29584 0.326998 0.160254 0.276675
threshold=108.65000000000002 36.500000000000007 108.45000000000002 23.500000000000004 5.5000000000000009 13.500000000000002 19.500000000000004 16.500000000000004 109.25000000000001 110.25000000000001 18.500000000000004 14.500000000000002 21.500000000000004 20.500000000000004 110.25000000000001 110.65000000000002 111.45000000000002 22.500000000000004 112.55000000000001 112.55000000000001 113.55000000000001 113.05000000000001 8.5000000000000018 15.500000000000002 13.500000000000002 11.500000000000002 7.5000000000000009 6.5000000000000009 111.15000000000002 110.65000000000002
decision_type=2 2 2 2 2 2 2 2 2 2 2 2 2 2 2 2 2 2 2 2 2 2 2 2 2 2 2 2 2 2
left_child=2 6 -1 4 -4 -6 7 11 -9 -10 16 20 13 -8 -15 23 -11 -14 -17 -19 21 24 -22 -13 25 26 27 28 29 -2
right_child=1 -3 3 -5 5 -7 12 8 9 10 -12 15 17 14 -16 18 -18 19 -20 -21 22 -23 -24 -25 -26 -27 -28 -29 -30 -31
leaf_value=-4.8675186213995506e-07 3.9347375805725624e-05 0.0023085277231030205 0.00062029848169339332 -0.0027635536143719329 -0.0014565815617391602 0.00029830246073735871 -5.3793136677508319e-05 0.0027424758324601905 -0.00082290979465261436 0.0031318774431586742 -0.00038688724411518449 -0.002231862905124823 0.0009472412803294061 -0.0033623402695248808 1.4615444538807406e-05 0.00064769178242521722 0.0010246387054638302 4.6739575602473346e-05 -0.00098177713155746466 -0.0009392989508857461 -0.0012550348679114577 0.0018964592105953299 0.00046143517868282895 -0.00083664760459214451 0.00083074285526862327 -0.00075046122751532701 0.00071009463979082284 -0.0014788343103001359 -0.00056379217164757107 0.0014032900098914771
leaf_weight=488134 3182 201 380 217 289 311 403 267 313 206 224 240 367 229 206 282 246 2282 200 367 361 244 255 248 382 893 1641 378 852 421
leaf_count=488134 3182 201 380 217 289 311 403 267 313 206 224 240 367 229 206 282 246 2282 200 367 361 244 255 248 382 893 1641 378 852 421
internal_value=2.65983e-13 6.24418e-05 -1.90006e-06 -0.000578244 -9.43537e-05 -0.000546967 3.1707e-05 0.000105659 0.00102328 0.000559145 0.00119906 -1.46594e-05 -0.000176199 -0.000941102 -0.00176314 -0.00078025 0.00198502 3.63311e-05 -2.84364e-05 -8.9869e-05 7.16018e-05 0.000119082 -0.000544483 -0.00152282 6.31159e-05 2.33123e-05 0.000130044 -6.69071e-05 5.28928e-05 0.00019872
internal_weight=504221 14890 489331 1197 980 600 14689 10835 1256 989 676 9579 3854 838 435 970 452 3016 482 2649 8609 7993 616 488 7749 7367 6474 4833 4455 3603
internal_count=504221 14890 489331 1197 980 600 14689 10835 1256 989 676 9579 3854 838 435 970 452 3016 482 2649 8609 7993 616 488 7749 7367 6474 4833 4455 3603
is_linear=0
shrinkage=0.05


Tree=221
num_leaves=31
num_cat=0
split_feature=0 1 1 1 1 0 0 1 0 1 1 1 1 1 0 1 0 1 0 1 1 1 1 1 1 1 0 1 0 0
split_gain=0.0246699 0.111081 0.174369 0.149848 0.0998325 0.275307 0.0237083 0.101273 0.102531 0.0924197 0.0677536 0.334832 0.25744 0.236735 0.143108 0.121223 0.114998 0.327199 0.0953509 0.0678219 0.113835 0.155141 0.262473 0.308644 0.13819 0.149547 0.131527 0.10443 0.102578 0.130264
threshold=113.05000000000001 1.5000000000000002 8.5000000000000018 20.500000000000004 15.500000000000002 114.35000000000001 45.850000000000001 -66.499999999999986 35.850000000000001 -63.499999999999993 -42.499999999999993 -39.499999999999993 -35.499999999999993 -48.499999999999993 35.850000000000001 -29.499999999999996 35.850000000000001 -53.499999999999993 35.850000000000001 -26.499999999999996 -21.499999999999996 -12.499999999999998 -7.4999999999999991 -1.0000000180025095e-35 16.500000000000004 34.500000000000007 29.850000000000005 67.500000000000014 35.850000000000001 29.850000000000005
decision_type=2 2 2 2 2 2 2 2 2 2 2 2 2 2 2 2 2 2 2 2 2 2 2 2 2 2 2 2 2 2
left_child=6 -2 -3 4 5 -4 7 8 -1 -9 13 -12 -13 16 -15 18 -11 -18 -14 -17 -21 -22 -23 -24 26 -26 -25 28 29 -27
right_child=1 2 3 -5 -6 -7 -8 9 -10 10 11 12 15 14 -16 19 17 -19 -20 20 21 22 23 24 25 27 -28 -29 -30 -31
leaf_value=-0.0012479385943601493 0.0012479032617285506 -0.0010371873099170002 0.0014963228568440898 -0.00047859768216674999 0.0015260218549519779 -0.0010340575560382227 -1.991078982736344e-06 0.0012027238683747542 -7.9851966264129397e-05 -0.00041222739316041198 0.0021497828754740702 -0.0012025035786278108 0.0002521315524191187 -0.00018893715658391169 -0.0018356831040647296 -0.00072798185743564792 -5.0194564553880208e-05 0.002349021115261524 0.0016785365695527977 0.0010444026695830483 -0.00065786408352285202 0.0017810704978549576 -0.0013062090621141396 1.9290367601371487e-07 -0.00051027996712090342 0.00098394122511194049 0.0014561385389783687 -0.00045671116813649366 0.0014896173583007957 -0.00066749997891303982
leaf_weight=259 217 299 226 374 265 205 494762 203 684 402 213 340 228 258 270 215 485 201 241 350 568 254 341 247 680 286 417 243 283 205
leaf_count=259 217 299 226 374 265 205 494762 203 684 402 213 340 228 258 270 215 485 201 241 350 568 254 341 247 680 286 417 243 283 205
internal_value=1.35685e-12 0.000196887 3.0291e-05 0.000328586 0.000762332 0.000292778 -6.21251e-07 8.54627e-05 -0.000400673 0.000151614 0.000119894 0.000209121 0.000124727 -0.000162306 -0.00103102 0.00022373 0.000259277 0.000652783 0.000985103 0.000136403 0.000184374 9.89573e-05 0.000244382 9.99261e-05 0.000303015 6.37361e-05 0.000914544 0.000447542 0.000731436 0.000294439
internal_weight=504221 1586 1369 1070 696 431 502635 7873 943 6930 6727 5111 4898 1616 528 4558 1088 686 469 4089 3874 3524 2956 2702 2361 1697 664 1017 774 491
internal_count=504221 1586 1369 1070 696 431 502635 7873 943 6930 6727 5111 4898 1616 528 4558 1088 686 469 4089 3874 3524 2956 2702 2361 1697 664 1017 774 491
is_linear=0
shrinkage=0.05


Tree=222
num_leaves=31
num_cat=0
split_feature=0 0 1 1 1 0 1 1 1 0 0 1 1 1 1 1 1 1 1 0 1 1 1 1 1 0 1 1 1 1
split_gain=0.0225567 0.347988 0.240592 1.0011 0.362678 0.177395 0.822003 0.871441 1.31848 0.692872 1.1585 0.568008 0.485056 0.401444 0.271387 0.521174 0.242709 0.516972 0.360539 0.228473 0.470367 0.94959 1.28314 1.32031 0.588221 0.490753 0.414425 0.533339 0.249301 0.200823
threshold=102.85000000000001 102.95000000000002 15.500000000000002 22.500000000000004 8.5000000000000018 102.45000000000002 9.5000000000000018 23.500000000000004 21.500000000000004 102.55000000000001 102.75000000000001 18.500000000000004 -1.4999999999999998 30.500000000000004 1.5000000000000002 4.5000000000000009 14.500000000000002 12.500000000000002 16.500000000000004 102.25000000000001 35.500000000000007 19.500000000000004 24.500000000000004 28.500000000000004 12.500000000000002 102.35000000000001 -5.4999999999999991 2.5000000000000004 6.5000000000000009 -6.4999999999999991
decision_type=2 2 2 2 2 2 2 2 2 2 2 2 2 2 2 2 2 2 2 2 2 2 2 2 2 2 2 2 2 2
left_child=5 2 4 -4 -2 19 12 8 11 -9 -11 16 -7 -12 -14 -16 17 -8 -18 -1 21 24 -23 -24 25 28 -27 -28 29 -21
right_child=1 -3 3 -5 -6 6 7 9 -10 10 13 -13 14 -15 15 -17 18 -19 -20 20 -22 22 23 -25 -26 26 27 -29 -30 -31
leaf_value=-3.7899481513948675e-06 0.00080940719388736281 9.8935811400561416e-06 0.0040847001832072473 1.5164724807592408e-05 -0.001590695372075201 -0.00025409953906816492 0.0014924224419402598 -0.0025152951958653047 0.0045166146122079037 0.0011112293851776765 -0.0006453325413167477 -0.0011402404569089413 -0.0028664621916956873 -0.0037456298792927431 0.00035001300170975911 -0.0020097701433107852 0.0031541999685400315 -0.0014637356361453522 0.00048881490540698296 0.0003506957462020949 -0.001696600291033974 0.0045999388802032129 -0.0024026070405387774 0.0027198682883626795 -0.0015889831927400127 -0.00051835684096926198 0.0038029431581497195 0.00071000846191531138 0.0010949374669088194 -0.0015888238895124724
leaf_weight=417869 647 75709 238 414 208 1369 399 365 233 780 215 400 318 203 357 679 262 235 246 204 240 307 221 292 441 211 250 315 208 386
leaf_count=417869 647 75709 238 414 208 1369 399 365 233 780 215 400 318 203 357 679 262 235 246 204 240 307 221 292 441 211 250 315 208 386
internal_value=3.60165e-12 2.48691e-05 0.000777212 0.00150067 0.000225523 -4.49711e-06 -0.000273072 0.000252843 0.00101094 -0.000608083 -2.70037e-05 0.000481227 -0.000917766 -0.00215098 -0.00158878 -0.0011966 0.00104917 0.000396686 0.00186348 -6.30019e-07 0.00042878 0.000608707 0.00204318 0.00051311 2.49511e-05 0.00047714 0.00137244 0.00207856 -0.00039348 -0.00091821
internal_weight=504221 77216 1507 652 855 427005 6061 3338 1775 1563 1198 1542 2723 418 1354 1036 1142 634 508 420944 3075 2835 820 513 2015 1574 776 565 798 590
internal_count=504221 77216 1507 652 855 427005 6061 3338 1775 1563 1198 1542 2723 418 1354 1036 1142 634 508 420944 3075 2835 820 513 2015 1574 776 565 798 590
is_linear=0
shrinkage=0.05


Tree=223
num_leaves=31
num_cat=0
split_feature=1 0 0 1 1 1 1 1 0 1 0 1 1 1 0 0 1 0 1 1 0 0 0 0 1 1 0 0 1 0
split_gain=0.0230575 0.308465 0.333952 0.522801 1.12828 0.746402 0.470392 0.460169 0.291856 0.282804 0.422939 0.409279 0.401256 0.348669 0.282453 0.2587 0.481191 0.44438 0.312083 0.307266 0.317732 0.302075 0.300678 0.322238 0.278444 0.358976 0.408783 0.361561 0.306876 0.284575
threshold=16.500000000000004 74.65000000000002 68.65000000000002 28.500000000000004 35.500000000000007 55.500000000000007 31.500000000000004 17.500000000000004 71.250000000000014 37.500000000000007 55.45000000000001 36.500000000000007 38.500000000000007 35.500000000000007 41.550000000000004 77.750000000000014 12.500000000000002 69.050000000000011 15.500000000000002 14.500000000000002 66.550000000000011 60.550000000000004 70.850000000000009 72.450000000000017 -30.499999999999996 3.5000000000000004 77.450000000000017 64.65000000000002 2.5000000000000004 64.050000000000011
decision_type=2 2 2 2 2 2 2 2 2 2 2 2 2 2 2 2 2 2 2 2 2 2 2 2 2 2 2 2 2 2
left_child=15 2 7 -4 6 -6 -5 -2 -8 10 14 13 -11 -12 -9 16 24 19 22 20 21 -18 -19 -24 -1 27 29 -26 -29 -27
right_child=1 -3 3 4 5 -7 8 9 -10 12 11 -13 -14 -15 -16 -17 17 18 -20 -21 -22 -23 23 -25 25 26 -28 28 -30 -31
leaf_value=9.2222373898021714e-05 -0.0018549705485799419 -3.4321958954874342e-05 0.0008150589927133434 -4.4479695346194028e-05 0.00086028199430780478 -7.2562388405267829e-05 -0.00052869550322424876 0.00049558520369546511 -0.0021491579927111928 -0.0019789358251330797 0.00051696408457555356 0.0026255548135800796 -9.8568942569721596e-05 -0.0015337420576209324 -0.00087891055248875418 3.682338599351237e-05 0.0012122350294481625 -0.0031532231852546473 -7.6024241586384824e-05 -0.00069880360164321388 0.0024627405948239593 -0.0012830150086209522 0.00046183358757726607 -0.001527675174972625 7.2091701281669967e-05 -0.0004848222647717773 0.0021348830706932969 -0.00028107985258926096 -0.0013587223573470397 0.00025239457097516268
leaf_weight=23163 335 199201 3790 901 4215 4365 438 568 760 293 4213 220 8949 218 1093 209553 275 222 562 676 203 217 248 1135 8355 1646 255 21076 682 6394
leaf_count=23163 335 199201 3790 901 4215 4365 438 568 760 293 4213 220 8949 218 1093 209553 275 222 562 676 203 217 248 1135 8355 1646 255 21076 682 6394
internal_value=-2.01425e-12 -1.16955e-05 0.000136773 0.000310555 0.000131506 0.000385706 -0.000907577 -2.14776e-05 -0.0015567 1.80119e-05 0.000275995 0.000520584 -0.000158182 0.000416072 -0.000408884 9.77493e-06 -7.72804e-05 -0.000644325 -0.00109004 6.01718e-05 0.000798398 0.000111688 -0.0014451 -0.00117092 -4.46968e-05 -0.00012727 0.000163977 -0.000207497 -0.000314858 0.000101467
internal_weight=504221 229559 30358 14469 10679 8580 2099 15889 1198 15554 6312 4651 9242 4431 1661 274662 65109 3538 2167 1371 695 492 1605 1383 61571 38408 8295 30113 21758 8040
internal_count=504221 229559 30358 14469 10679 8580 2099 15889 1198 15554 6312 4651 9242 4431 1661 274662 65109 3538 2167 1371 695 492 1605 1383 61571 38408 8295 30113 21758 8040
is_linear=0
shrinkage=0.05


Tree=224
num_leaves=31
num_cat=0
split_feature=0 1 1 1 1 0 0 0 1 1 1 1 0 1 1 0 1 0 0 1 1 0 1 0 0 1 1 0 1 1
split_gain=0.0220136 0.0999936 0.157828 0.134652 0.090504 0.248464 0.023754 0.433082 0.373761 0.327511 0.236409 0.661933 0.381782 0.734558 0.434356 0.450678 0.694439 0.583365 0.541586 0.449529 0.469062 0.40274 0.35581 0.351793 0.340946 0.354365 0.380304 0.329495 0.318767 0.318628
threshold=113.05000000000001 1.5000000000000002 8.5000000000000018 20.500000000000004 15.500000000000002 114.35000000000001 100.45000000000002 100.55000000000001 31.500000000000004 -7.4999999999999991 10.500000000000002 12.500000000000002 103.15000000000002 7.5000000000000009 -30.499999999999996 100.85000000000001 4.5000000000000009 101.15000000000002 102.45000000000002 -8.4999999999999982 -15.499999999999998 101.05000000000001 6.5000000000000009 111.15000000000002 102.75000000000001 -1.4999999999999998 1.5000000000000002 100.95000000000002 -5.4999999999999991 -8.4999999999999982
decision_type=2 2 2 2 2 2 2 2 2 2 2 2 2 2 2 2 2 2 2 2 2 2 2 2 2 2 2 2 2 2
left_child=6 -2 -3 4 5 -4 -1 8 9 -8 12 23 13 14 -9 16 19 21 29 20 -16 -17 24 27 25 28 -27 -12 -20 -19
right_child=1 2 3 -5 -6 -7 7 10 -10 -11 11 -13 -14 -15 15 17 -18 18 22 -21 -22 -23 -24 -25 -26 26 -28 -29 -30 -31
leaf_value=5.2717479547257886e-06 0.0011831723891782321 -0.00098766374797326661 0.0014191709051889459 -0.00045344638893440523 0.0014500160498614864 -0.00098469062367590463 0.00060860344329091362 -0.0023050995925888748 0.00095751894004016873 -0.0015562078594711082 -0.001217949358253602 5.3420820870149527e-06 1.4960107127225684e-05 -0.0010519851237454586 -0.00025859388776800846 -0.00051932681288071149 0.003158757253155365 -0.00031992888939960239 -0.0009157942908765912 -0.00045304833211868108 0.0024440276634986285 -0.002076237964222408 -0.0025268511993940487 -0.001386837526694487 -2.8941262964745329e-05 -0.0034776178040729572 -0.0010148131982705289 0.00074602481357946776 0.0010961436526679294 0.00036589514589113991
leaf_weight=389485 217 299 226 374 265 205 209 229 238 1065 223 54888 32590 2579 286 1284 236 2427 706 932 366 614 215 218 2212 233 479 5044 273 5604
leaf_count=389485 217 299 226 374 265 205 209 229 238 1065 223 54888 32590 2579 286 1284 236 2427 706 932 366 614 215 218 2212 233 479 5044 273 5604
internal_value=1.80835e-12 0.000185986 2.79218e-05 0.000311716 0.000722881 0.000275803 -5.86852e-07 -2.07533e-05 -0.000861292 -0.00120107 -9.36926e-06 5.76786e-05 -8.83292e-05 -0.000268581 -0.000143059 -0.000111855 0.000628452 -0.000207773 -8.04154e-05 0.000251462 0.00125852 -0.00102299 -0.000546619 0.000581407 -0.000437536 -0.000972019 -0.00182076 0.000662872 -0.000354753 0.000158636
internal_weight=504221 1586 1369 1070 696 431 502635 113150 1512 1274 111638 60373 51265 18675 16096 15867 1820 14047 12149 1584 652 1898 4118 5485 3903 1691 712 5267 979 8031
internal_count=504221 1586 1369 1070 696 431 502635 113150 1512 1274 111638 60373 51265 18675 16096 15867 1820 14047 12149 1584 652 1898 4118 5485 3903 1691 712 5267 979 8031
is_linear=0
shrinkage=0.05


Tree=225
num_leaves=31
num_cat=0
split_feature=0 1 0 0 1 1 1 1 1 0 1 0 1 1 1 0 1 0 1 1 0 0 1 0 1 1 0 0 0 0
split_gain=0.0221823 0.021977 0.279674 0.301392 0.471828 1.01827 0.673628 0.424529 0.415303 0.2634 0.25523 0.381703 0.369374 0.362133 0.314674 0.254914 0.257149 0.246161 0.254277 0.407974 0.377903 0.234961 0.434275 0.403241 0.251296 0.323976 0.368926 0.328963 0.256829 0.429146
threshold=115.45000000000002 16.500000000000004 74.65000000000002 68.65000000000002 28.500000000000004 35.500000000000007 55.500000000000007 31.500000000000004 17.500000000000004 71.250000000000014 37.500000000000007 55.45000000000001 36.500000000000007 38.500000000000007 35.500000000000007 41.550000000000004 25.500000000000004 56.95000000000001 19.500000000000004 24.500000000000004 65.350000000000009 77.750000000000014 12.500000000000002 72.050000000000011 -30.499999999999996 3.5000000000000004 77.450000000000017 58.350000000000001 64.050000000000011 41.550000000000004
decision_type=2 2 2 2 2 2 2 2 2 2 2 2 2 2 2 2 2 2 2 2 2 2 2 2 2 2 2 2 2 2
left_child=1 21 3 8 -5 7 -7 -6 -3 -9 11 15 14 -12 17 16 -10 -13 20 -20 -19 22 24 -24 -1 27 28 -26 29 -27
right_child=-2 2 -4 4 5 6 -8 9 10 -11 13 12 -14 -15 -16 -17 -18 18 19 -21 -22 -23 23 -25 25 26 -28 -29 -30 -31
leaf_value=8.7347675811422004e-05 0.00040137120948963655 -0.0017624854630053932 -3.324970524418642e-05 0.00077404243404919672 -4.2519239206425227e-05 0.00081700431658032399 -6.9197854916602458e-05 -0.00050252428252811306 0.0018648632476774699 -0.0020419636302578606 -0.0018802526079550541 0.0021152144812081196 0.0024940135600891983 -9.3904083903313294e-05 -0.0014573185337246012 -0.00083522862428415847 -0.00034119317250995581 0.0030227913624710509 -0.00050083425280609433 0.00063740018453430373 2.9453338639250082e-05 3.5077164841518314e-05 -0.00012818572487123599 -0.0012008549661871861 0.00020142395378609811 0.0013223706425300667 0.0020278754187565222 -0.00026586633720272133 0.0002395111977154477 -0.0008263647169049279
leaf_weight=23163 344 335 199091 3790 901 4215 4365 438 209 760 293 221 220 8949 218 1093 359 216 1172 2398 206 209319 1941 1597 4413 280 255 25700 6394 1366
leaf_count=23163 344 335 199091 3790 901 4215 4365 438 209 760 293 221 220 8949 218 1093 359 216 1172 2398 206 209319 1941 1597 4413 280 255 25700 6394 1366
internal_value=-3.77515e-12 -2.74022e-07 -1.16939e-05 0.000129671 0.000294764 0.000124667 0.000366157 -0.000862462 -2.06673e-05 -0.00147913 1.68477e-05 0.000261931 0.000494291 -0.000150537 0.000395005 -0.000388704 0.000470542 0.000490852 0.000400926 0.000263728 0.00156159 9.27416e-06 -7.368e-05 -0.000612372 -4.27255e-05 -0.00012117 0.000155514 -0.000197386 9.61299e-05 -0.000460845
internal_weight=504221 503877 229449 30358 14469 10679 8580 2099 15889 1198 15554 6312 4651 9242 4431 1661 568 4213 3992 3570 422 274428 65109 3538 61571 38408 8295 30113 8040 1646
internal_count=504221 503877 229449 30358 14469 10679 8580 2099 15889 1198 15554 6312 4651 9242 4431 1661 568 4213 3992 3570 422 274428 65109 3538 61571 38408 8295 30113 8040 1646
is_linear=0
shrinkage=0.05


Tree=226
num_leaves=31
num_cat=0
split_feature=1 0 1 1 0 0 0 0 0 0 0 0 0 0 1 0 0 1 0 0 1 0 1 0 0 1 1 1 1 1
split_gain=0.0231316 0.269042 0.256044 0.44735 0.341039 0.177246 0.170382 0.155821 0.128029 0.29861 0.12184 0.134325 0.248077 0.155335 0.164393 0.124064 0.120517 0.209929 0.353798 0.110702 0.108473 0.314529 0.155364 0.202014 0.209769 0.41386 0.45498 0.496674 0.234433 0.209235
threshold=-22.499999999999996 75.950000000000017 -51.499999999999993 -39.499999999999993 77.15000000000002 85.850000000000009 78.350000000000009 75.65000000000002 80.750000000000014 83.050000000000011 78.050000000000011 87.65000000000002 90.050000000000011 83.850000000000009 -48.499999999999993 86.050000000000011 79.850000000000009 -44.499999999999993 82.250000000000014 93.050000000000011 -27.499999999999996 41.550000000000004 -53.499999999999993 41.550000000000004 53.750000000000007 -36.499999999999993 -45.499999999999993 -48.499999999999993 -32.499999999999993 -34.499999999999993
decision_type=2 2 2 2 2 2 2 2 2 2 2 2 2 2 2 2 2 2 2 2 2 2 2 2 2 2 2 2 2 2
left_child=1 7 5 4 -4 6 -3 20 -8 -10 -6 13 -13 14 -12 -15 -16 -18 -19 -14 22 -22 -1 29 25 26 27 -25 -27 -24
right_child=-2 2 3 -5 10 -7 8 -9 9 -11 11 12 19 15 16 -17 17 18 -20 -21 21 -23 23 24 -26 28 -28 -29 -30 -31
leaf_value=-6.5003891805594366e-05 3.5792787787691458e-06 0.0011761793998571544 -0.0023291057698722733 -0.00010190503101346288 0.00048766776500456784 0.0017028756813653189 -0.0010607102789260724 0.0011894020654501453 0.0017136383671962207 -0.00099848850834660424 0.00064160615272287815 0.0010687732065083287 -0.0016143596518133256 -0.0020802952970067662 -0.0015924013304908519 -0.0005721860484649929 -0.0016638299883628379 0.0012899841992653532 -0.0014675709251314403 -0.00016411361560179067 0.0013613982397620962 -0.00034588317991545597 -0.00066807990419422397 0.0014787443737461143 0.0001900126524063908 -0.0015118790813246552 0.0023532133444466377 -0.0015331782842879973 0.00068449375540389069 0.00063286384291340867
leaf_weight=8845 453557 325 304 18874 249 259 270 310 201 205 224 282 223 396 361 208 245 278 200 321 295 3154 1186 365 11411 245 550 219 241 418
leaf_count=8845 453557 325 304 18874 249 259 270 310 201 205 224 282 223 396 361 208 245 278 200 321 295 3154 1186 365 11411 245 550 219 241 418
internal_value=-5.60583e-12 -3.20427e-05 -0.00015629 -0.000195703 -0.000733635 0.000537034 0.000235382 7.48073e-05 -0.000216924 0.000344215 -0.000571257 -0.000667558 -0.000134732 -0.000897744 -0.000591494 -0.00156095 -0.000846304 -0.000473772 0.000136195 -0.000758608 6.19764e-05 -0.000199856 0.000100437 0.000200425 0.0002656 0.000798022 0.0013212 0.000349273 -0.000422731 -0.000329056
internal_weight=504221 50664 23425 22165 3291 1260 1001 27239 676 406 2987 2738 826 1912 1308 604 1084 723 478 544 26929 3449 23480 14635 13031 1620 1134 584 486 1604
internal_count=504221 50664 23425 22165 3291 1260 1001 27239 676 406 2987 2738 826 1912 1308 604 1084 723 478 544 26929 3449 23480 14635 13031 1620 1134 584 486 1604
is_linear=0
shrinkage=0.05


Tree=227
num_leaves=31
num_cat=0
split_feature=1 0 1 1 1 0 0 1 1 0 0 0 1 1 0 0 0 0 1 0 0 0 0 0 0 1 0 1 0 0
split_gain=0.0212253 0.207631 0.368578 0.196742 0.191484 0.325918 0.272546 0.399766 0.305567 0.250416 0.203224 0.223916 0.153793 0.127129 0.178287 0.571553 0.466529 0.297859 0.228419 0.169289 0.130119 0.262524 0.114534 0.140706 0.11987 0.111911 0.246352 0.111866 0.436269 0.100151
threshold=-23.499999999999996 74.050000000000011 -61.499999999999993 -25.499999999999996 -39.499999999999993 74.65000000000002 75.950000000000017 -46.499999999999993 -49.499999999999993 77.15000000000002 74.65000000000002 75.65000000000002 -61.499999999999993 -66.499999999999986 56.95000000000001 64.050000000000011 68.15000000000002 49.250000000000007 -63.499999999999993 35.850000000000001 67.15000000000002 60.550000000000004 87.65000000000002 82.550000000000011 90.050000000000011 -44.499999999999993 79.850000000000009 -69.499999999999986 53.750000000000007 35.850000000000001
decision_type=2 2 2 2 2 2 2 2 2 2 2 2 2 2 2 2 2 2 2 2 2 2 2 2 2 2 2 2 2 2
left_child=1 3 -3 12 5 -4 7 -7 -8 -10 -6 -12 13 19 17 -16 -17 18 -15 -1 21 27 23 25 -24 -11 -27 -21 -29 -2
right_child=29 2 4 -5 10 6 8 -9 9 22 11 -13 -14 14 15 16 -18 -19 -20 20 -22 -23 24 -25 -26 26 -28 28 -30 -31
leaf_value=-0.0011913440301726686 0.00034140889586265622 0.0012841506272287112 -0.0023813939993627947 -0.00053669288534638829 0.0011756574154091802 -0.00062030819379937105 0.00017517708320303256 0.0023171435072683968 -0.0022063518121071598 -0.0010558260712429594 -0.0010983807876146332 -8.1304188105040854e-05 0.00017116630633177838 0.0007287243411478857 0.0013557938315223849 -0.0030003076493740084 0.00037003431416235828 -0.0019112902066145819 -0.0014427583478391172 6.5403313982418038e-05 0.0011129585911540923 -0.0010234339684552698 0.00074847188605754473 -0.0013327985312883753 -0.00055529732535791211 -0.00094361473611519165 0.00099181739995650442 -0.00031124211426051163 0.0025695324443014609 1.6983290051215115e-06
leaf_weight=259 2180 446 208 1271 311 241 1236 223 272 467 559 16946 18140 307 418 200 211 435 200 1909 309 489 270 792 508 354 307 318 224 454211
leaf_count=259 2180 446 208 1271 311 241 1236 223 272 467 559 16946 18140 307 418 200 211 435 200 1909 309 489 270 792 508 354 307 318 224 454211
internal_value=-2.42339e-12 -3.16887e-05 -0.000139297 6.91638e-05 -0.000167271 -0.000444837 -0.000358583 0.000791441 -0.000485452 -0.000760381 -9.12745e-05 -0.000113783 0.000102045 -0.000135474 -0.000480806 5.39657e-05 -0.00127003 -0.000951427 -0.000127876 3.8866e-05 0.000136935 3.43524e-05 -0.000614604 -0.000821979 -0.000102832 -0.000463318 -4.47075e-05 0.000245392 0.000879336 3.32099e-06
internal_weight=504221 47830 23140 24690 22694 4878 4670 464 4206 2970 17816 17505 23419 5279 1771 829 411 942 507 3508 3249 2940 2698 1920 778 1128 661 2451 542 456391
internal_count=504221 47830 23140 24690 22694 4878 4670 464 4206 2970 17816 17505 23419 5279 1771 829 411 942 507 3508 3249 2940 2698 1920 778 1128 661 2451 542 456391
is_linear=0
shrinkage=0.05


Tree=228
num_leaves=31
num_cat=0
split_feature=1 0 1 0 0 1 0 0 0 1 0 0 0 0 0 1 0 0 0 1 0 0 1 0 0 1 1 1 0 0
split_gain=0.0206489 0.255969 0.679029 0.621917 0.325248 0.522817 0.81285 1.00831 0.773794 0.537072 0.770741 1.14754 0.5994 2.07105 1.72604 0.800964 0.655991 0.771234 0.825827 0.709538 0.54944 0.515916 0.513061 0.608993 0.495648 0.494919 0.857989 0.488075 1.43074 0.50651
threshold=16.500000000000004 83.850000000000009 19.500000000000004 60.550000000000004 90.850000000000009 22.500000000000004 94.65000000000002 94.450000000000017 95.250000000000014 17.500000000000004 98.350000000000009 100.75000000000001 101.85000000000001 99.850000000000009 102.95000000000002 19.500000000000004 100.85000000000001 101.45000000000002 101.25000000000001 20.500000000000004 100.25000000000001 102.55000000000001 34.500000000000007 91.050000000000011 108.85000000000001 35.500000000000007 22.500000000000004 18.500000000000004 96.050000000000011 95.65000000000002
decision_type=2 2 2 2 2 2 2 2 2 2 2 2 2 2 2 2 2 2 2 2 2 2 2 2 2 2 2 2 2 2
left_child=-1 2 3 -2 25 6 7 -6 -8 10 -10 -12 13 27 15 -14 19 18 -18 -15 -21 -17 23 -7 -13 26 -3 28 -11 -29
right_child=1 4 -4 -5 5 22 8 -9 9 12 11 24 14 16 -16 21 17 -19 -20 20 -22 -23 -24 -25 -26 -27 -28 29 -30 -31
leaf_value=9.2503060242364145e-06 -0.0012619815591732456 0.0001409698490148587 2.8262942242427875e-05 0.00084484694610745942 -0.00060855479403338979 0.0021252954403691345 0.0014562109520149589 -0.0036819743848683544 -0.0020055068875804091 0.0031525304116825068 0.0014570289147080055 -0.0010516967715433303 0.00030862423133645527 -0.0012273180233576297 -3.5285112918344249e-05 0.0034278763075239697 -0.00076848591637352238 -0.0019603442093570722 0.002339185557793826 -0.0014755754551866599 -0.004584925668190582 0.0011591741100208685 -7.626463124472274e-05 0.00015155641379732516 0.0009006127445476879 -1.4892097608616118e-05 -0.00057992257836486487 -0.00133265292312464 -0.0014680264726311515 0.00059610942092837489
leaf_weight=274662 383 6028 63873 4100 4194 394 801 285 825 202 729 2323 641 961 9020 647 644 655 320 228 377 409 38730 48365 378 25070 13091 368 982 4536
leaf_count=274662 383 6028 63873 4100 4194 394 801 285 825 202 729 2323 641 961 9020 647 644 655 320 228 377 409 38730 48365 378 25070 13091 368 982 4536
internal_value=9.00367e-13 -1.10678e-05 7.00125e-05 0.000664852 -4.54488e-05 -1.80435e-06 -0.000183736 -0.000804117 -7.27923e-05 -0.000123307 -0.000633379 -0.000303349 -1.4735e-05 -0.000309074 0.000239945 0.00170287 -0.00134216 -0.000636437 0.000263106 -0.00207178 -0.00341314 0.00254918 5.95922e-05 0.000167505 -0.000778475 -0.000161021 -0.000352634 0.000231397 -0.000679722 0.000451374
internal_weight=504221 229559 68356 4483 161203 117014 29525 4479 25046 24245 4255 3430 19990 9273 10717 1697 3185 1619 964 1566 605 1056 87489 48759 2701 44189 19119 6088 1184 4904
internal_count=504221 229559 68356 4483 161203 117014 29525 4479 25046 24245 4255 3430 19990 9273 10717 1697 3185 1619 964 1566 605 1056 87489 48759 2701 44189 19119 6088 1184 4904
is_linear=0
shrinkage=0.05


Tree=229
num_leaves=31
num_cat=0
split_feature=0 0 1 1 1 1 1 1 0 1 1 1 1 1 1 1 1 1 1 0 1 0 1 1 1 0 0 0 1 1
split_gain=0.0206437 0.167925 0.292794 0.327866 0.18519 0.50184 0.149621 0.139943 0.139453 0.385349 0.430206 0.193319 0.592427 0.628982 0.498139 0.279201 0.177499 0.650777 0.405679 0.141732 0.138815 0.181246 0.218029 0.217555 0.259819 0.136241 0.191052 0.127083 0.476954 0.754782
threshold=89.65000000000002 89.050000000000011 1.5000000000000002 4.5000000000000009 29.500000000000004 21.500000000000004 -33.499999999999993 -1.4999999999999998 88.65000000000002 -23.499999999999996 -18.499999999999996 -7.4999999999999991 1.0000000180025095e-35 6.5000000000000009 11.500000000000002 -12.499999999999998 25.500000000000004 21.500000000000004 37.500000000000007 88.850000000000009 -27.499999999999996 89.450000000000017 -9.4999999999999982 -9.4999999999999982 -14.499999999999998 100.05000000000001 96.850000000000009 91.050000000000011 -1.0000000180025095e-35 7.5000000000000009
decision_type=2 2 2 2 2 2 2 2 2 2 2 2 2 2 2 2 2 2 2 2 2 2 2 2 2 2 2 2 2 2
left_child=1 8 7 -4 5 -5 25 20 -1 -10 -11 15 -13 -14 -15 -12 17 19 -18 -16 -3 23 -23 24 -22 26 -2 28 -8 -30
right_child=6 2 3 4 -6 -7 27 -9 9 10 11 12 13 14 16 -17 18 -19 -20 -21 21 22 -24 -25 -26 -27 -28 -29 29 -31
leaf_value=-9.2799355829780185e-06 -0.00050435196251160633 0.001007174928976017 -0.0020710422818003031 -0.00015832544188522263 -6.8843215647780833e-05 -0.0016948179336574388 0.00057562654327214947 0.0014010249495001164 -0.0013480099110767759 0.002540179696699528 0.00051220005234846701 0.002314014168399753 -0.0020092981431620691 0.0023356168468793236 0.0011957787882024998 -0.0018162967761357627 0.0013781605734777486 -0.0025323848768071399 -6.7783881643324764e-05 -0.00033290643363439467 8.2279881932819732e-05 -0.0015907198676596516 0.00043786330625068316 -0.00064518717910222554 0.0021617864173921674 -0.0015570519116370619 0.0010288436558082016 3.08623087461882e-06 -0.001049849540765777 0.00012334463109762569
leaf_weight=213301 1356 353 290 1607 2818 794 4668 236 348 219 260 363 297 300 324 255 751 254 1370 285 396 345 215 376 242 238 239 258127 1547 12047
leaf_count=213301 1356 353 290 1607 2818 794 4668 236 348 219 260 363 297 300 324 255 751 254 1370 285 396 345 215 376 242 238 239 258127 1547 12047
internal_value=1.62713e-12 -1.12252e-05 -0.000241144 -0.000434692 -0.000343766 -0.000666437 9.11824e-06 0.000251808 -3.14591e-06 0.000257179 0.00037659 0.000270327 0.000389293 0.000194188 0.000393468 -0.000640745 0.000198211 -0.00040634 0.000444194 0.000480384 0.000111064 -8.99066e-05 -0.000811889 0.000308821 0.000871058 -0.000441127 -0.000274613 1.21042e-05 0.000139571 -1.01651e-05
internal_weight=504221 225999 7672 5509 5219 2401 278222 2163 218327 5026 4678 4459 3944 3581 3284 515 2984 863 2121 609 1927 1574 560 1014 638 1833 1595 276389 18262 13594
internal_count=504221 225999 7672 5509 5219 2401 278222 2163 218327 5026 4678 4459 3944 3581 3284 515 2984 863 2121 609 1927 1574 560 1014 638 1833 1595 276389 18262 13594
is_linear=0
shrinkage=0.05


Tree=230
num_leaves=31
num_cat=0
split_feature=1 0 0 0 1 1 1 1 1 1 0 0 0 0 1 0 1 0 1 0 1 0 0 1 1 0 0 1 0 0
split_gain=0.0202702 0.0454657 0.0324414 0.0245481 0.141871 0.318988 0.166001 0.522877 0.113649 0.036082 0.23622 0.70371 0.440247 0.125702 0.0978917 0.0617077 0.0469472 0.145605 0.0346686 0.352307 0.697863 0.194912 0.288694 0.17786 0.201727 0.40499 0.154802 0.100266 0.0850787 0.174043
threshold=-77.499999999999986 56.95000000000001 45.850000000000001 29.850000000000005 24.500000000000004 -3.4999999999999996 -28.499999999999996 -41.499999999999993 -16.499999999999996 -66.499999999999986 70.850000000000009 64.65000000000002 60.550000000000004 49.250000000000007 -69.499999999999986 53.750000000000007 -73.499999999999986 41.550000000000004 -55.499999999999993 70.450000000000017 -61.499999999999993 66.550000000000011 56.95000000000001 -57.499999999999993 -59.499999999999993 61.550000000000004 45.850000000000001 -61.499999999999993 81.350000000000009 74.350000000000009
decision_type=2 2 2 2 2 2 2 2 2 2 2 2 2 2 2 2 2 2 2 2 2 2 2 2 2 2 2 2 2 2
left_child=1 2 -1 4 5 6 7 -2 -8 10 11 12 13 16 15 -15 -5 -18 19 21 -21 22 26 24 25 -24 -11 -28 29 -22
right_child=3 -3 -4 9 -6 -7 8 -9 -10 18 -12 -13 -14 14 -16 -17 17 -19 -20 20 28 -23 23 -25 -26 -27 27 -29 -30 -31
leaf_value=-0.00042569101463223614 0.0010469979306832811 -0.00074485809215017274 0.0003027533322572708 -0.00068791071564829271 0.00092216780334914382 -0.0012526495747414361 0.0019449852820899753 -0.0020500939638753023 0.00035935595065732543 -9.0549248242806539e-06 -0.0012227546742192875 0.0028178506559925157 -0.0019100545516868277 0.00090186585547383312 0.0013688111485457351 -4.0068196270752834e-05 -0.00079307191669940953 0.00082073025757958091 7.9780580998905323e-08 0.0023148514144587101 0.00035566842827960114 -0.0013771633551993841 0.0015682716460167609 0.0014365450916778916 -0.0011040238844644693 -0.00071356349841110401 -0.0014132309276824711 -0.00053265662525925133 0.00059604303173299111 -0.0014119191774846736
leaf_weight=258 348 296 375 274 481 408 216 224 237 668 269 256 254 291 339 432 250 317 493783 401 263 426 395 283 288 383 609 689 212 296
leaf_count=258 348 296 375 274 481 408 216 224 237 668 269 256 254 291 339 432 250 317 493783 401 263 426 395 283 288 383 609 689 212 296
internal_value=-2.43086e-12 -0.000233341 5.85184e-06 4.30709e-07 0.000179154 -7.02461e-05 0.000400408 -0.000165849 0.00111542 -2.51562e-07 0.000182652 0.000339325 4.51658e-05 0.000306136 0.000667759 0.00033905 -0.000150516 0.000109177 -1.23522e-06 -0.0001334 0.000623063 -0.000370388 -0.000241011 0.00032228 2.64668e-05 0.000444952 -0.000627521 -0.000945807 -0.000256843 -0.000580299
internal_weight=504221 929 633 503292 1914 1433 1025 572 453 501378 2682 2413 2157 1903 1062 723 841 567 498696 4913 1172 3741 3315 1349 1066 778 1966 1298 771 559
internal_count=504221 929 633 503292 1914 1433 1025 572 453 501378 2682 2413 2157 1903 1062 723 841 567 498696 4913 1172 3741 3315 1349 1066 778 1966 1298 771 559
is_linear=0
shrinkage=0.05


Tree=231
num_leaves=31
num_cat=0
split_feature=0 0 0 1 1 1 1 1 1 1 1 0 0 0 1 0 0 0 1 0 1 1 0 1 0 1 1 0 0 0
split_gain=0.0197786 0.0214658 0.381997 0.334336 0.291371 0.256167 0.241319 0.448195 0.256236 0.233776 0.348393 0.66465 0.69703 1.41524 0.295337 0.67219 1.15736 0.633141 1.26137 0.947816 0.946117 0.599635 0.389831 2.73161 0.753437 3.00044 0.922411 0.529763 2.05075 1.02125
threshold=115.45000000000002 100.45000000000002 100.55000000000001 31.500000000000004 -7.4999999999999991 53.500000000000007 2.5000000000000004 12.500000000000002 22.500000000000004 24.500000000000004 23.500000000000004 102.25000000000001 103.85000000000001 104.95000000000002 34.500000000000007 101.05000000000001 100.75000000000001 101.15000000000002 29.500000000000004 100.75000000000001 31.500000000000004 39.500000000000007 101.55000000000001 37.500000000000007 102.15000000000002 37.500000000000007 40.500000000000007 104.45000000000002 104.15000000000002 103.75000000000001
decision_type=2 2 2 2 2 2 2 2 2 2 2 2 2 2 2 2 2 2 2 2 2 2 2 2 2 2 2 2 2 2
left_child=1 -1 3 4 -3 9 -6 -8 -9 10 -4 -12 -13 -14 17 16 -16 18 19 -11 -20 -18 23 -17 25 -24 -27 28 29 -26
right_child=-2 2 5 -5 6 -7 7 8 -10 14 11 12 13 -15 15 22 21 -19 20 -21 -22 -23 24 -25 27 26 -28 -29 -30 -31
leaf_value=5.3341139397386137e-06 0.00037900086195847063 0.00057678089775679787 -2.4829261151479384e-05 0.00091144191140324631 -0.0029792824415799004 -0.0010678872862293076 0.00038870338394190188 -0.0029486866122583571 -0.00074225154804422511 -0.0024470745849566652 -0.0022505222425866032 0.0015993820971264934 -0.0039517985439322294 8.1365807897795298e-05 0.00086767203468470487 0.0053903531789779666 -0.0051070211526866149 0.00015268159993228858 0.005179296096808104 0.0011035244426845262 0.0013389206135650041 -0.0014733573559671642 -0.0055749789387190421 -0.00094436025283016326 0.00059942119389715348 0.0033245407099403985 -0.0008545284259893663 -0.00041657731359938475 0.0045476463270952578 -0.0023051274120507014
leaf_weight=389485 344 209 86177 238 211 568 320 299 235 279 506 414 274 1055 301 250 208 15234 263 576 411 250 294 533 1795 205 371 2256 296 364
leaf_count=389485 344 209 86177 238 211 568 320 299 235 279 506 414 274 1055 301 250 208 15234 263 576 411 250 294 533 1795 205 371 2256 296 364
internal_value=6.9218e-13 -2.58746e-07 -1.93015e-05 -0.00080877 -0.00113013 -8.72673e-06 -0.0014651 -0.00109099 -0.00197769 -3.3702e-06 -4.08622e-05 -0.000655212 -0.000192087 -0.000750152 0.000135425 -0.000134287 -0.00154075 0.000250033 0.00121998 -5.50921e-05 0.00283746 -0.00312358 3.34539e-05 0.00107822 -0.000113124 -0.00146499 0.000632814 0.000136531 0.000644806 0.000109724
internal_weight=504221 503877 114392 1512 1274 112880 1065 854 534 112312 88426 2249 1743 1329 23886 7123 759 16763 1529 855 674 458 6364 783 5581 870 576 4711 2455 2159
internal_count=504221 503877 114392 1512 1274 112880 1065 854 534 112312 88426 2249 1743 1329 23886 7123 759 16763 1529 855 674 458 6364 783 5581 870 576 4711 2455 2159
is_linear=0
shrinkage=0.05


Tree=232
num_leaves=31
num_cat=0
split_feature=0 0 1 1 1 1 1 1 0 1 1 1 1 1 1 1 1 1 1 0 1 0 1 1 1 1 1 0 0 0
split_gain=0.0195407 0.151625 0.264135 0.295899 0.167134 0.45291 0.135588 0.12633 0.125647 0.348948 0.388261 0.17447 0.534665 0.567656 0.449571 0.251979 0.160193 0.587326 0.366126 0.127913 0.125077 0.163574 0.198088 0.196772 0.170422 0.123275 0.333865 0.122582 0.172603 0.121226
threshold=89.65000000000002 89.050000000000011 1.5000000000000002 4.5000000000000009 29.500000000000004 21.500000000000004 -33.499999999999993 -1.4999999999999998 88.65000000000002 -23.499999999999996 -18.499999999999996 -7.4999999999999991 1.0000000180025095e-35 6.5000000000000009 11.500000000000002 -12.499999999999998 25.500000000000004 21.500000000000004 37.500000000000007 88.850000000000009 -27.499999999999996 89.450000000000017 -7.4999999999999991 -9.4999999999999982 -12.499999999999998 8.5000000000000018 12.500000000000002 100.05000000000001 96.850000000000009 93.450000000000017
decision_type=2 2 2 2 2 2 2 2 2 2 2 2 2 2 2 2 2 2 2 2 2 2 2 2 2 2 2 2 2 2
left_child=1 8 7 -4 5 25 27 20 -1 -10 -11 15 -13 -14 -15 -12 17 19 -18 -16 -3 22 24 -23 -22 -5 -27 28 29 -2
right_child=6 2 3 4 -6 -7 -8 -9 9 10 11 12 13 14 16 -17 18 -19 -20 -21 21 23 -24 -25 -26 26 -28 -29 -30 -31
leaf_value=-9.0665252184448051e-06 -0.00013414781819079768 0.00095570134553034651 -0.0019677608434496255 0.00063759647211487501 -6.567175018239563e-05 -0.0016103477451627165 1.1713829229014191e-05 0.0013307031433461077 -0.0012836363182627949 0.0024128999620608 0.00048631932729711902 0.0021980429093864011 -0.0019091038892566155 0.0022185652454694113 0.0011357190410364391 -0.0017257526575350296 0.0013089818429104494 -0.0024060363859290217 -6.4665369475328362e-05 -0.00031653184950221005 0.00018615979145491317 -0.0015114545411821726 -0.00085536424532859008 0.00041569952008336088 0.0018001953521590741 -0.0016232029815984211 0.00015897140128993229 -0.001478246637001759 0.00097713076965454744 -0.0011260927566199171
leaf_weight=213301 883 353 290 379 2818 794 276389 236 348 219 260 363 297 300 324 255 751 254 1370 285 496 345 274 215 244 381 847 238 239 473
leaf_count=213301 883 353 290 379 2818 794 276389 236 348 219 260 363 297 300 324 255 751 254 1370 285 496 345 274 215 244 381 847 238 239 473
internal_value=-4.3931e-12 -1.09213e-05 -0.000229396 -0.000413228 -0.000326848 -0.000633386 8.8713e-06 0.00023881 -3.24406e-06 0.000243859 0.00035749 0.00025654 0.000369558 0.000184208 0.000373524 -0.000608978 0.00018803 -0.000386294 0.000421713 0.000456094 0.000105085 -8.56819e-05 0.00029311 -0.000771565 0.000718355 -0.00015068 -0.000393967 -0.00041974 -0.000261793 -0.000480158
internal_weight=504221 225999 7672 5509 5219 2401 278222 2163 218327 5026 4678 4459 3944 3581 3284 515 2984 863 2121 609 1927 1574 1014 560 740 1607 1228 1833 1595 1356
internal_count=504221 225999 7672 5509 5219 2401 278222 2163 218327 5026 4678 4459 3944 3581 3284 515 2984 863 2121 609 1927 1574 1014 560 740 1607 1228 1833 1595 1356
is_linear=0
shrinkage=0.05


Tree=233
num_leaves=31
num_cat=0
split_feature=1 0 1 0 1 1 0 0 0 1 0 1 1 0 0 0 1 0 1 0 0 1 0 0 1 0 0 0 1 1
split_gain=0.0191803 0.238446 0.271264 0.575162 0.31849 0.776835 0.756166 0.509072 0.431868 0.250801 0.236158 0.502499 0.568212 0.286539 0.461412 0.221432 0.388399 0.373956 0.281255 0.284825 0.278117 0.277878 0.31211 0.247403 0.577894 0.700779 0.565674 0.665736 0.58938 0.519956
threshold=16.500000000000004 74.65000000000002 46.500000000000007 55.45000000000001 36.500000000000007 31.500000000000004 69.050000000000011 64.050000000000011 61.550000000000004 35.500000000000007 68.15000000000002 37.500000000000007 38.500000000000007 65.350000000000009 61.550000000000004 77.750000000000014 12.500000000000002 69.050000000000011 15.500000000000002 70.850000000000009 72.450000000000017 15.500000000000002 56.95000000000001 97.850000000000009 13.500000000000002 88.050000000000011 96.350000000000009 96.450000000000017 -1.0000000180025095e-35 14.500000000000002
decision_type=2 2 2 2 2 2 2 2 2 2 2 2 2 2 2 2 2 2 2 2 2 2 2 2 2 2 2 2 2 2
left_child=15 2 3 -2 5 -5 7 8 -7 -8 11 -6 -13 14 -14 16 -1 21 19 -19 -21 22 -18 24 26 -26 -17 28 -28 -27
right_child=1 -3 -4 4 10 6 9 -9 -10 -11 -12 12 13 -15 -16 23 17 18 -20 20 -22 -23 -24 -25 25 29 27 -29 -30 -31
leaf_value=-4.2351888178665118e-05 -0.00048984297994294774 -3.0560292322196043e-05 -5.3408444142689634e-05 0.00045578246408739428 0.0026247079419617608 0.00039637471808761851 -0.0016498251125976614 0.001226410635012579 -0.0025100818073207683 0.00011387767840404901 0.0010347099316567773 -0.0024650130258954094 -0.00026199883673080183 -0.00062774216403832311 0.0020543033387078794 9.9972139874337645e-06 -0.00097013529579060675 -0.0029894959752087124 -2.7315779274256633e-05 0.00045670222551111257 -0.0013915919734468676 -0.0011866056696692509 0.00099296573255407204 -2.7232979062650857e-05 0.0010205120625772781 0.00079937709591112365 0.00062263621212212128 0.00028353355029758591 0.0035236738316836908 -0.00020058284294187181
leaf_weight=61571 2289 199201 12951 8212 202 305 1137 719 220 245 2530 207 430 481 430 96357 276 222 562 248 1135 335 760 92402 3486 1932 411 10686 305 3974
leaf_count=61571 2289 199201 12951 8212 202 305 1137 719 220 245 2530 207 430 481 430 96357 276 222 562 248 1135 335 760 92402 3486 1932 411 10686 305 3974
internal_value=4.53024e-12 -1.06669e-05 0.000119868 0.000248788 0.000360623 0.000216405 -0.000532173 0.000362111 -0.000821569 -0.00133716 0.000725817 0.000279246 -2.68157e-05 0.00034955 0.000896152 8.91529e-06 -7.16257e-05 -0.000581071 -0.000989947 -0.00132702 -0.00106016 6.5196e-05 0.000469977 3.39397e-05 8.21892e-05 0.000458346 4.94044e-05 0.00038243 0.00185841 0.000126529
internal_weight=504221 229559 30358 17407 15118 10838 2626 1244 525 1382 4280 1750 1548 1341 860 274662 65109 3538 2167 1605 1383 1371 1036 209553 117151 9392 107759 11402 716 5906
internal_count=504221 229559 30358 17407 15118 10838 2626 1244 525 1382 4280 1750 1548 1341 860 274662 65109 3538 2167 1605 1383 1371 1036 209553 117151 9392 107759 11402 716 5906
is_linear=0
shrinkage=0.05


Tree=234
num_leaves=31
num_cat=0
split_feature=0 0 1 1 1 1 1 1 0 0 1 1 1 1 1 1 0 0 1 0 0 0 1 1 0 1 1 1 0 1
split_gain=0.0183487 0.136245 0.237583 0.267424 0.151974 0.406969 0.123169 0.116122 0.141356 0.114083 0.428705 0.68275 0.894494 0.435366 0.61221 0.342196 0.322888 0.266567 0.556377 0.2751 0.253036 0.22802 0.227579 0.239789 0.224059 0.646883 0.317358 0.219456 0.210582 0.187485
threshold=89.65000000000002 89.050000000000011 1.5000000000000002 4.5000000000000009 29.500000000000004 21.500000000000004 -33.499999999999993 -43.499999999999993 90.65000000000002 91.050000000000011 -1.0000000180025095e-35 7.5000000000000009 15.500000000000002 -14.499999999999998 -16.499999999999996 12.500000000000002 90.850000000000009 90.050000000000011 2.5000000000000004 90.450000000000017 90.050000000000011 90.450000000000017 22.500000000000004 23.500000000000004 90.250000000000014 18.500000000000004 18.500000000000004 -5.4999999999999991 90.450000000000017 25.500000000000004
decision_type=2 2 2 2 2 2 2 2 2 2 2 2 2 2 2 2 2 2 2 2 2 2 2 2 2 2 2 2 2 2
left_child=1 -1 -3 -4 5 -5 7 -2 -9 10 13 17 15 14 16 20 -8 -12 -19 -20 -13 -15 24 -24 25 -14 -26 -23 -22 -11
right_child=6 2 3 4 -6 -7 9 8 -10 29 11 12 22 21 -16 -17 -18 18 19 -21 28 27 23 -25 26 -27 -28 -29 -30 -31
leaf_value=-3.3054764279439048e-06 0.00042510303060357287 0.00022636930261477246 -0.0018698726748598033 -0.00014464513224265039 -6.0860155103364644e-05 -0.0015283023713151486 9.5770476318875184e-05 0.00058429647459212796 -0.00079393827490702314 -2.3843128751820679e-05 6.7711102611878334e-05 0.001804278645393075 -0.0015602815325098996 0.00055687629654554418 -0.0019783803188439574 0.0019782939985652031 0.0020834065652882853 4.2299051105120538e-05 -0.0035289172559304347 -0.0014903558358618115 -0.0010291227629339254 0.0019946224415901478 0.0015894793157960165 -4.0240452571401552e-06 -3.054931401807607e-05 0.0014329441511060489 -0.0018573312405893144 0.0005545793627491747 0.00070011481760518836 7.1013602409525508e-05
leaf_weight=218327 346 2163 290 1607 2818 794 1444 218 1269 185730 425 302 331 1493 330 730 238 418 266 438 270 756 243 8293 411 397 564 407 506 72397
leaf_count=218327 346 2163 290 1607 2818 794 1444 218 1269 185730 425 302 331 1493 330 730 238 418 266 438 270 756 243 8293 411 397 564 407 506 72397
internal_value=4.05618e-12 -1.05829e-05 -0.000217681 -0.000392028 -0.00030991 -0.000602214 8.59646e-06 -0.000399916 -0.000591884 1.13057e-05 0.000132077 -9.88383e-06 0.000117095 0.000545489 -9.30526e-06 0.00114239 0.000377017 -0.000998713 -0.00140266 -0.00226061 0.000576333 0.000965762 -6.39509e-05 4.13393e-05 -0.0005917 7.20132e-05 -0.00108727 0.00149067 9.84471e-05 2.76138e-06
internal_weight=504221 225999 7672 5509 5219 2401 278222 1833 1487 276389 18262 13594 12047 4668 2012 1808 1682 1547 1122 704 1078 2656 10239 8536 1703 728 975 1163 776 258127
internal_count=504221 225999 7672 5509 5219 2401 278222 1833 1487 276389 18262 13594 12047 4668 2012 1808 1682 1547 1122 704 1078 2656 10239 8536 1703 728 975 1163 776 258127
is_linear=0
shrinkage=0.05


Tree=235
num_leaves=31
num_cat=0
split_feature=1 0 1 0 0 1 0 0 0 0 0 1 1 1 0 0 1 1 1 0 1 1 1 1 1 0 0 1 0 0
split_gain=0.018734 0.223859 0.604901 0.550112 0.2801 0.401371 1.25544 0.774805 0.466615 0.371873 1.52195 0.332174 1.34585 1.64649 1.05964 0.734802 1.59878 0.855657 0.616019 0.600445 0.739193 0.56879 0.42375 1.16462 0.418205 0.371536 0.414469 0.314288 0.309082 0.48147
threshold=16.500000000000004 83.850000000000009 19.500000000000004 60.550000000000004 97.65000000000002 18.500000000000004 98.350000000000009 110.25000000000001 98.550000000000011 106.25000000000001 106.65000000000002 33.500000000000007 30.500000000000004 29.500000000000004 98.450000000000017 97.950000000000017 24.500000000000004 20.500000000000004 26.500000000000004 98.250000000000014 23.500000000000004 47.500000000000007 31.500000000000004 32.500000000000007 21.500000000000004 98.350000000000009 97.950000000000017 57.500000000000007 109.25000000000001 107.65000000000002
decision_type=2 2 2 2 2 2 2 2 2 2 2 2 2 2 2 2 2 2 2 2 2 2 2 2 2 2 2 2 2 2
left_child=-1 2 3 -2 27 6 -6 9 11 -8 -11 12 13 15 21 16 24 -17 19 -19 -21 25 -14 -24 -7 26 -13 -3 29 -12
right_child=1 4 -4 -5 5 8 7 -9 -10 10 28 14 22 -15 -16 17 -18 18 -20 20 -22 -23 23 -25 -26 -27 -28 -29 -30 -31
leaf_value=8.8109523626672525e-06 -0.0011854741420820551 -0.00013495329117836025 2.5877420331493085e-05 0.0007960005306451378 -0.003111886219402624 -0.00025483733901740811 -9.5516603498558729e-05 0.0018378941286876166 3.0368850096440152e-05 -0.0048504886936107184 -0.0011217435064069465 0.0024452410659498791 -0.0036102945998049622 0.004672497168086983 -0.0019661843730792612 0.0031668782596530158 -0.0031984540025878946 -0.001557434831074504 0.0017348818012724962 -0.00094586967991577581 0.0027925384197781682 5.3660165608782606e-05 0.00178587638023423 -0.0034130531063689012 0.002661224864765045 0.0037149998423029783 0.00073066936195567722 0.00012240553364713721 -0.0020944455565123136 0.0010841169415799611
leaf_weight=274662 383 81457 63873 4100 381 282 4775 452 52510 219 467 627 228 232 284 329 409 516 541 277 253 681 205 227 218 214 805 13885 203 526
leaf_count=274662 383 81457 63873 4100 381 282 4775 452 52510 219 467 627 228 232 284 329 409 516 541 277 253 681 205 227 218 214 805 13885 203 526
internal_value=7.6764e-13 -1.05421e-05 6.52823e-05 0.000626715 -4.26944e-05 3.66047e-05 -0.000320665 -0.000160554 7.9249e-05 -0.000306483 -0.0010184 0.000484858 0.000181241 0.000623316 0.000917086 0.000290782 -0.000879961 0.000846213 0.000365117 -0.000343337 0.000838691 0.00126898 -0.00186637 -0.000945969 0.00101657 0.00177179 0.00148139 -9.74732e-05 -0.000316707 4.67183e-05
internal_weight=504221 229559 68356 4483 161203 65861 7023 6642 58838 6190 1415 6328 3717 3057 2611 2825 909 1916 1587 1046 530 2327 660 432 500 1646 1432 95342 1196 993
internal_count=504221 229559 68356 4483 161203 65861 7023 6642 58838 6190 1415 6328 3717 3057 2611 2825 909 1916 1587 1046 530 2327 660 432 500 1646 1432 95342 1196 993
is_linear=0
shrinkage=0.05


Tree=236
num_leaves=31
num_cat=0
split_feature=0 0 1 1 1 1 1 1 0 1 1 1 1 1 1 1 1 1 1 1 1 1 0 1 1 0 0 1 0 0
split_gain=0.0186082 0.119601 0.211841 0.24257 0.137153 0.366908 0.121319 0.274311 0.116601 0.316365 0.34913 0.158892 0.480193 0.514708 0.403394 0.227411 0.145449 0.527145 0.332759 0.129488 0.118946 0.856315 0.833605 0.467903 0.64661 0.830619 1.25783 0.648997 0.731815 0.464109
threshold=89.65000000000002 89.050000000000011 1.5000000000000002 4.5000000000000009 29.500000000000004 22.500000000000004 8.5000000000000018 12.500000000000002 88.65000000000002 -23.499999999999996 -18.499999999999996 -7.4999999999999991 1.0000000180025095e-35 6.5000000000000009 11.500000000000002 -12.499999999999998 25.500000000000004 21.500000000000004 37.500000000000007 14.500000000000002 38.500000000000007 27.500000000000004 70.050000000000011 14.500000000000002 10.500000000000002 85.450000000000017 72.450000000000017 13.500000000000002 79.850000000000009 65.350000000000009
decision_type=2 2 2 2 2 2 2 2 2 2 2 2 2 2 2 2 2 2 2 2 2 2 2 2 2 2 2 2 2 2
left_child=1 8 -3 -4 5 6 -5 -8 20 -10 -11 15 -13 -14 -15 -12 17 19 -18 -16 21 23 29 24 -1 26 -26 28 -28 -23
right_child=-2 2 3 4 -6 -7 7 -9 9 10 11 12 13 14 16 -17 18 -19 -20 -21 -22 22 -24 -25 25 -27 27 -29 -30 -31
leaf_value=3.5019200735610202e-06 8.6570527655478501e-06 0.00021461023468140152 -0.0017768198714174074 0.00061200823546399546 -5.4521627761846617e-05 -0.001545093434663175 -0.0015357510467839681 5.1316417413480599e-05 -0.0012202296545193799 0.0022914798811214158 0.00046122829501445481 0.0020873654418247789 -0.0018144237523528462 0.0021068619141976041 -0.00060837303719017655 -0.0016402401234589374 0.0012519736720941039 -0.0022772937499749377 -5.758416425966978e-05 0.00094407531471055151 5.6290020077647218e-05 -0.00011597027706371669 -0.00046848996558552966 0.00019865805498959431 0.00036486590936239915 0.00054224467137620343 -0.00073811555117891557 -0.00014227978679407557 -0.0021759865396466177 0.00098430364380617651
leaf_weight=103378 278222 2163 290 379 2818 687 381 954 348 219 260 363 297 300 200 255 751 254 1370 409 52027 2349 17795 27739 1959 1678 1710 1213 1834 1619
leaf_count=103378 278222 2163 290 379 2818 687 381 954 348 219 260 363 297 300 200 255 751 254 1370 409 52027 2349 17795 27739 1959 1678 1710 1213 1834 1619
internal_value=5.57718e-12 -1.06575e-05 -0.000204694 -0.000369325 -0.000291116 -0.000568802 -0.000177488 -0.000401622 -3.83905e-06 0.000234203 0.000342399 0.000246671 0.000354526 0.000178871 0.000359141 -0.000579305 0.000183432 -0.000363824 0.000406102 0.00043424 -9.44801e-06 -3.06551e-05 -0.000322364 1.485e-05 -3.07666e-05 -0.000452807 -0.000701422 -0.00114053 -0.00148221 0.000332957
internal_weight=504221 225999 7672 5509 5219 2401 1714 1335 218327 5026 4678 4459 3944 3581 3284 515 2984 863 2121 609 213301 161274 21763 139511 111772 8394 6716 4757 3544 3968
internal_count=504221 225999 7672 5509 5219 2401 1714 1335 218327 5026 4678 4459 3944 3581 3284 515 2984 863 2121 609 213301 161274 21763 139511 111772 8394 6716 4757 3544 3968
is_linear=0
shrinkage=0.05


Tree=237
num_leaves=31
num_cat=0
split_feature=1 0 0 0 1 0 1 1 1 1 1 1 1 1 0 1 1 0 0 0 1 0 1 1 1 1 1 1 1 1
split_gain=0.0179781 0.0410083 0.0292784 0.0252843 0.0607157 0.180395 0.265572 0.512661 0.175465 0.136823 0.154315 0.227505 0.287359 0.12354 0.120128 0.0866686 0.0598361 0.252324 0.580874 0.441085 0.142928 0.0670539 0.207667 0.382545 0.149747 0.179395 0.0802777 0.130789 0.0579831 0.135431
threshold=-77.499999999999986 56.95000000000001 45.850000000000001 45.850000000000001 -31.499999999999996 41.550000000000004 -40.499999999999993 -36.499999999999993 -51.499999999999993 -21.499999999999996 -12.499999999999998 -7.4999999999999991 -1.0000000180025095e-35 4.5000000000000009 29.850000000000005 -63.499999999999993 -66.499999999999986 70.850000000000009 65.350000000000009 61.550000000000004 -69.499999999999986 51.750000000000007 -51.499999999999993 -6.4999999999999991 48.500000000000007 32.500000000000007 -17.499999999999996 -37.499999999999993 -49.499999999999993 -45.499999999999993
decision_type=2 2 2 2 2 2 2 2 2 2 2 2 2 2 2 2 2 2 2 2 2 2 2 2 2 2 2 2 2 2
left_child=1 2 -1 4 5 6 14 -8 15 -6 -11 -12 -13 -14 -2 -7 17 18 19 20 -5 22 -18 26 25 -25 27 -24 -16 -30
right_child=3 -3 -4 16 9 8 7 -9 -10 10 11 12 13 -15 28 -17 21 -19 -20 -21 -22 -23 23 24 -26 -27 -28 -29 29 -31
leaf_value=-0.00040255258682855345 0.00080983279334319823 -0.00070554824243928942 0.00028946908811728158 0.00012050573060170133 0.00084472832735627891 0.00053772632240200319 -0.0028858953806424233 0.00010428181921952982 0.001412228120200207 -0.0006664777417260577 0.0016640321168256559 -0.0012579101632155282 0.0014345932044778709 0.00018006093969670644 -0.00042195328345291568 -0.00065529375455596235 -0.00096245273686995582 -0.0011605220324044777 0.0028220067389341662 -0.0020199691533174329 0.0012308751235144805 -5.8393533774014776e-07 0.0010456914789812013 -0.00046836626752043734 0.0003517106987305852 -0.001919017233776807 0.0014401425141841173 -9.9588290769504675e-05 0.0011461316403252127 -0.00055034373658727936
leaf_weight=258 364 296 375 940 720 341 259 321 346 568 254 341 216 2145 993 275 743 269 231 206 419 490263 458 742 320 299 240 547 223 249
leaf_count=258 364 296 375 940 720 341 259 321 346 568 254 341 216 2145 993 275 743 269 231 206 419 490263 458 742 320 299 240 547 223 249
internal_value=5.83199e-13 -0.000219752 7.41286e-06 4.0563e-07 9.08225e-05 -6.75916e-05 -0.00029873 -0.00123099 0.000511216 0.00021665 8.83258e-05 0.000233363 9.88732e-05 0.000294834 -3.09935e-06 5.12807e-06 -9.83429e-07 0.000267604 0.000481504 0.000136037 0.000462849 -2.10705e-06 -0.000225077 -1.48428e-05 -0.000594244 -0.000885028 0.000618543 0.00042234 -0.000205084 0.000251169
internal_weight=504221 929 633 503292 7615 3371 2409 580 962 4244 3524 2956 2702 2361 1829 616 495677 2065 1796 1565 1359 493612 3349 2606 1361 1041 1245 1005 1465 472
internal_count=504221 929 633 503292 7615 3371 2409 580 962 4244 3524 2956 2702 2361 1829 616 495677 2065 1796 1565 1359 493612 3349 2606 1361 1041 1245 1005 1465 472
is_linear=0
shrinkage=0.05


Tree=238
num_leaves=31
num_cat=0
split_feature=0 1 1 0 1 0 0 0 0 1 1 1 1 1 1 1 0 1 1 1 1 1 1 1 1 0 1 1 1 1
split_gain=0.0179351 0.467075 1.07237 1.7778 0.737071 2.33439 2.16697 0.249094 0.734116 1.94257 0.855669 0.395655 0.391536 0.609216 0.441253 1.85915 0.249147 3.43112 0.285885 0.222716 0.393787 0.590979 0.295937 0.280666 0.198858 0.194633 0.716486 1.28408 1.21342 0.486776
threshold=104.95000000000002 45.500000000000007 39.500000000000007 106.85000000000001 35.500000000000007 106.85000000000001 105.85000000000001 104.45000000000002 104.55000000000001 18.500000000000004 7.5000000000000009 26.500000000000004 -6.4999999999999991 -12.499999999999998 30.500000000000004 33.500000000000007 104.35000000000001 23.500000000000004 -2.4999999999999996 8.5000000000000018 17.500000000000004 20.500000000000004 5.5000000000000009 13.500000000000002 -2.4999999999999996 105.65000000000002 2.5000000000000004 4.5000000000000009 -6.4999999999999991 17.500000000000004
decision_type=2 2 2 2 2 2 2 2 2 2 2 2 2 2 2 2 2 2 2 2 2 2 2 2 2 2 2 2 2 2
left_child=7 2 4 -4 25 6 -6 16 9 10 24 -11 13 -10 19 -16 -1 18 -18 22 23 -22 -14 -21 -9 26 28 -28 -2 -29
right_child=1 -3 3 -5 5 -7 -8 8 12 11 -12 -13 14 -15 15 -17 17 -19 -20 20 21 -23 -24 -25 -26 -27 27 29 -30 -31
leaf_value=-7.374053597276447e-07 -0.00033781898381945855 -0.0021902485497066974 0.0047581742716128715 -0.0011388101123950699 -0.00075766764999059223 0.0014086779498617458 -0.0075512314672177699 -0.0023561383886015522 -0.0005290646833201794 -0.0026118167687624819 0.0020110202302683648 -0.0055622319826249822 -0.00047576937796994773 0.0026086394887383586 0.0047999063427273132 -0.0011715199891204708 0.00075608970311420102 0.00531983754652388 -0.0012250623469484733 -9.3486998230218895e-05 -0.002496208637464969 -4.3938915778656594e-05 -0.0021252077863071904 0.0015397306718745608 -0.00033728535445231314 -2.8257519337774205e-06 -0.0028585144403305922 -0.00030272306276020564 0.0020684030302140395 0.00067557619836084359
leaf_weight=447742 910 236 305 220 263 396 212 226 292 241 335 215 1084 329 211 341 241 306 745 618 336 914 363 458 265 39720 374 2593 1235 2495
leaf_count=447742 910 236 305 220 263 396 212 226 292 241 335 215 1084 329 211 341 241 306 745 618 336 914 363 458 265 39720 374 2593 1235 2495
internal_value=-6.59474e-13 2.87558e-05 3.9504e-05 0.00228706 1.50224e-05 -0.00142628 -0.00378974 -3.09241e-06 -0.000317133 -0.00138339 6.27408e-05 -0.00400291 -4.07605e-05 0.00113326 -0.000209331 0.00111104 1.26327e-06 0.000694595 -0.000740825 -0.000402504 -9.95119e-05 -0.000703109 -0.000889554 0.000601693 -0.00126653 4.1548e-05 0.000273246 -3.08463e-05 0.00104758 0.000177005
internal_weight=504221 48959 48723 525 48198 871 475 455262 6228 1282 826 456 4946 621 4325 552 449034 1292 986 3773 2326 1250 1447 1076 491 47327 7607 5462 2145 5088
internal_count=504221 48959 48723 525 48198 871 475 455262 6228 1282 826 456 4946 621 4325 552 449034 1292 986 3773 2326 1250 1447 1076 491 47327 7607 5462 2145 5088
is_linear=0
shrinkage=0.05


Tree=239
num_leaves=31
num_cat=0
split_feature=1 0 1 0 1 0 0 1 0 0 1 0 1 0 0 0 1 0 0 0 1 1 0 0 0 0 1 0 1 0
split_gain=0.0177134 0.205827 0.357495 0.328336 0.258175 0.276698 0.289125 0.248517 0.263852 0.476586 0.239657 0.221495 0.515253 0.540517 0.578125 0.510812 0.629044 0.508154 0.463948 0.740815 0.526029 0.451019 0.41549 0.52968 0.446049 0.677057 0.464684 0.620404 0.562762 0.365848
threshold=16.500000000000004 77.750000000000014 12.500000000000002 69.050000000000011 14.500000000000002 66.550000000000011 60.550000000000004 15.500000000000002 71.65000000000002 72.850000000000009 13.500000000000002 97.850000000000009 12.500000000000002 91.65000000000002 81.350000000000009 96.350000000000009 -2.4999999999999996 96.450000000000017 96.850000000000009 97.050000000000011 -11.499999999999998 14.500000000000002 97.65000000000002 97.15000000000002 92.850000000000009 93.65000000000002 14.500000000000002 95.950000000000017 15.500000000000002 80.15000000000002
decision_type=2 2 2 2 2 2 2 2 2 2 2 2 2 2 2 2 2 2 2 2 2 2 2 2 2 2 2 2 2 2
left_child=1 2 -1 4 5 6 -4 8 -5 -10 -11 12 15 14 21 -3 18 -18 -17 20 -20 29 23 24 -15 -26 -27 -28 -29 -14
right_child=-2 11 3 7 -6 -7 -8 -9 9 10 -12 -13 13 22 -16 16 17 -19 19 -21 -22 -23 -24 -25 25 26 27 28 -30 -31
leaf_value=-4.0998638056022476e-05 -1.0250912500913928e-05 4.2972589733531768e-06 0.0011602756191383709 -0.0024695476575454754 -0.00064798355675660651 0.0022775688194876238 -0.0012808991021000297 -3.6092001772435964e-05 0.0013124021428141429 -0.0024416086060055613 -0.00082588324404705862 -2.5187074956063493e-05 -0.00027533791294679955 -0.00091327940176488646 0.00089172493145954772 0.00064256312535444175 0.0026681360436173586 0.00062833477146823362 -0.00049422128496788684 3.4874014005884579e-05 -0.0030960029860337577 0.00064009165287698053 0.0021120802441146227 -0.0016747398373223765 0.0017863187250093037 0.00063697586669990316 -0.0013185914282114793 -0.00077362296184244224 0.0023932244159557206 -0.0026787615750753693
leaf_weight=61571 229559 93674 275 351 676 203 217 562 201 338 715 92402 426 918 5699 1864 325 5043 422 3018 360 701 224 477 648 1511 1027 292 270 252
leaf_count=61571 229559 93674 275 351 676 203 217 562 201 338 715 92402 426 918 5699 1864 325 5043 422 3018 360 701 224 477 648 1511 1027 292 270 252
internal_value=1.41319e-13 8.56758e-06 -6.90837e-05 -0.000557841 4.77245e-05 0.000724413 8.35786e-05 -0.000940966 -0.00125781 -0.000918642 -0.00134451 3.26942e-05 7.83476e-05 0.000382503 0.000669441 4.21967e-05 0.000364005 0.000751832 -3.55491e-06 -0.000320493 -0.00169197 -0.000249193 4.08961e-06 -8.77225e-05 7.45165e-05 0.000316458 9.20962e-06 -0.000587741 0.000747816 -0.00116865
internal_weight=504221 274662 65109 3538 1371 695 492 2167 1605 1254 1053 209553 117151 12445 7078 104706 11032 5368 5664 3800 782 1379 5367 5143 4666 3748 3100 1589 562 678
internal_count=504221 274662 65109 3538 1371 695 492 2167 1605 1254 1053 209553 117151 12445 7078 104706 11032 5368 5664 3800 782 1379 5367 5143 4666 3748 3100 1589 562 678
is_linear=0
shrinkage=0.05


Tree=240
num_leaves=31
num_cat=0
split_feature=0 0 1 1 1 1 1 1 1 1 1 1 0 1 0 0 1 1 1 1 1 0 1 0 1 0 1 0 1 0
split_gain=0.0181835 0.183176 1.18497 0.955865 0.711355 1.04135 0.340802 0.809016 0.318975 0.305481 0.39763 0.293367 0.263086 0.245216 0.776294 1.76193 1.37239 0.746756 0.202227 0.162884 0.144856 0.260967 0.129876 0.36743 0.129238 0.365351 1.21789 0.898037 0.843303 1.73634
threshold=103.45000000000002 103.95000000000002 31.500000000000004 39.500000000000007 20.500000000000004 15.500000000000002 1.5000000000000002 3.5000000000000004 34.500000000000007 -4.4999999999999991 -7.4999999999999991 27.500000000000004 103.75000000000001 40.500000000000007 105.65000000000002 106.85000000000001 44.500000000000007 39.500000000000007 8.5000000000000018 -18.499999999999996 5.5000000000000009 103.75000000000001 10.500000000000002 103.75000000000001 24.500000000000004 105.85000000000001 36.500000000000007 106.05000000000001 31.500000000000004 104.25000000000001
decision_type=2 2 2 2 2 2 2 2 2 2 2 2 2 2 2 2 2 2 2 2 2 2 2 2 2 2 2 2 2 2
left_child=-1 2 4 8 5 6 9 -8 -4 10 19 12 -6 17 16 -16 -15 24 20 -2 -9 -22 -20 -24 -3 28 27 -27 -26 -30
right_child=1 13 3 -5 11 -7 7 18 -10 -11 -12 -13 -14 14 15 -17 -18 -19 22 -21 21 -23 23 -25 25 26 -28 -29 29 -31
leaf_value=-3.7685041432891545e-06 -0.00099205609970477032 -3.4250555442176329e-05 -0.0039887621655737976 0.00094364131597884113 0.0026718599652470255 -0.0015437665992841668 0.0033727004760343219 0.00031099805169424436 -0.0015553815776239272 -0.00079560258861625867 0.0022560703835284063 0.00039850296542407522 0.00098195135270105435 -0.0046392579070742143 0.0042254348059650509 -0.0022244614288210868 0.00037762137416210486 0.0029928488950980337 -0.00078767575195123419 0.00050329013269605758 0.0006834559903115962 0.0029601053622939663 0.0013081923316229014 -0.00090094002178422625 -1.0015432175817545e-05 -0.0023539113024106393 -0.0027866264428857649 0.0002558700041866944 0.004934373247049928 0.00063678217989296556
leaf_weight=435604 273 50184 263 261 571 714 297 314 276 703 258 415 386 263 200 225 283 209 290 547 289 223 484 308 2712 351 391 5414 291 1222
leaf_count=435604 273 50184 263 261 571 714 297 314 276 703 258 415 386 263 200 225 283 209 290 547 289 223 484 308 2712 351 391 5414 291 1222
internal_value=-2.58935e-12 2.39237e-05 0.000268801 -0.00154005 0.000507121 0.000214722 0.000529715 0.000945223 -0.00274273 1.52869e-05 0.000544095 0.00150878 0.00199025 -3.33022e-06 -0.000791632 0.000810784 -0.00203893 9.26466e-06 0.000567361 5.44925e-06 0.00115651 0.00167504 0.000117606 0.000449085 -1.0312e-06 0.000159558 -8.61783e-05 9.69744e-05 0.000517607 0.00146335
internal_weight=504221 68617 6872 800 6072 4700 3986 2205 539 1781 1078 1372 957 61745 971 425 546 60774 1908 820 826 512 1082 792 60565 10381 6156 5765 4225 1513
internal_count=504221 68617 6872 800 6072 4700 3986 2205 539 1781 1078 1372 957 61745 971 425 546 60774 1908 820 826 512 1082 792 60565 10381 6156 5765 4225 1513
is_linear=0
shrinkage=0.05


Tree=241
num_leaves=31
num_cat=0
split_feature=0 1 1 0 1 0 0 0 1 1 1 1 1 1 1 0 1 1 0 1 1 0 1 1 1 1 1 1 1 1
split_gain=0.0189417 0.439411 0.957046 1.56241 0.617579 2.15414 1.87674 0.222142 0.674207 1.27343 1.50517 1.08905 0.405891 0.623482 0.638177 0.468664 0.23774 0.655123 0.226494 3.09339 0.258061 0.17518 0.649465 1.15695 1.09511 0.47985 0.434807 0.890484 0.489556 0.300344
threshold=104.95000000000002 45.500000000000007 39.500000000000007 106.85000000000001 35.500000000000007 106.85000000000001 105.85000000000001 104.45000000000002 38.500000000000007 30.500000000000004 26.500000000000004 33.500000000000007 24.500000000000004 17.500000000000004 14.500000000000002 104.75000000000001 2.5000000000000004 7.5000000000000009 104.35000000000001 23.500000000000004 -2.4999999999999996 105.65000000000002 2.5000000000000004 4.5000000000000009 -6.4999999999999991 -18.499999999999996 17.500000000000004 19.500000000000004 15.500000000000002 -1.4999999999999998
decision_type=2 2 2 2 2 2 2 2 2 2 2 2 2 2 2 2 2 2 2 2 2 2 2 2 2 2 2 2 2 2
left_child=7 2 4 -4 21 6 -6 18 9 10 12 -11 13 14 16 -15 -9 -18 -1 20 -20 22 24 -24 25 -2 28 -28 -25 -26
right_child=1 -3 3 -5 5 -7 -8 8 -10 11 -12 -13 -14 15 -16 -17 17 -19 19 -21 -22 -23 23 26 29 -27 27 -29 -30 -31
leaf_value=-9.7226413234686815e-07 0.0013693775334912871 -0.0021227347623099086 0.0044798326186957912 -0.0010483939132907175 -0.00075111083346401334 0.0014208489671500043 -0.0070733883211670338 0.00017760669490810569 -0.003057570818530953 0.0045163801306579996 -0.003477217761094976 -0.00029516621497055712 0.001658912830753252 -0.0023569184651693266 0.0017807459923304466 -9.4547784612477611e-05 -0.0017709852521558839 0.00016429918610123866 0.00072125702076185794 0.0050537066196328874 -0.0011610187452611507 -9.684572046742684e-07 -0.0027126169678839771 1.736070823183243e-05 0.0011526872141886565 -0.0010992296650957831 0.0028684157368383911 0.00023953188730328921 -0.0018473781450163752 0.0027137035039044169
leaf_weight=447742 288 236 305 220 263 396 212 1702 214 254 374 219 280 569 437 383 753 1043 241 306 745 39720 374 2173 590 622 380 2115 420 645
leaf_count=447742 288 236 305 220 263 396 212 1702 214 254 374 219 280 569 437 383 753 1043 241 306 745 39720 374 2173 590 622 380 2115 420 645
internal_value=1.89017e-12 2.95518e-05 3.99768e-05 0.00216324 1.6849e-05 -0.00130246 -0.00357284 -3.178e-06 -0.000299743 -0.000201609 -0.000414185 0.00228862 -0.000192475 -0.00029855 -2.07663e-05 -0.00144674 -0.000245827 -0.000647098 9.35285e-07 0.000661996 -0.000700949 4.11294e-05 0.000260944 -2.85765e-05 0.000998174 -0.000317956 0.000168717 0.000639923 -0.00028468 0.00196795
internal_weight=504221 48959 48723 525 48198 871 475 455262 6228 6014 5541 473 5167 4887 3935 952 3498 1796 449034 1292 986 47327 7607 5462 2145 910 5088 2495 2593 1235
internal_count=504221 48959 48723 525 48198 871 475 455262 6228 6014 5541 473 5167 4887 3935 952 3498 1796 449034 1292 986 47327 7607 5462 2145 910 5088 2495 2593 1235
is_linear=0
shrinkage=0.05


Tree=242
num_leaves=31
num_cat=0
split_feature=0 0 0 1 1 1 1 1 1 1 1 0 0 1 0 1 0 0 1 1 0 0 0 1 0 1 1 0 1 0
split_gain=0.0178475 0.0182062 0.344234 0.299946 0.263343 0.228014 0.217529 0.405115 0.230102 0.196421 0.491547 0.621701 0.370909 0.665658 0.362223 0.664523 0.491111 0.453144 0.395035 0.786754 0.573044 1.02194 1.1605 1.02955 0.532183 0.340269 0.884891 0.335914 0.318059 0.297686
threshold=115.45000000000002 100.45000000000002 100.55000000000001 31.500000000000004 -7.4999999999999991 53.500000000000007 2.5000000000000004 12.500000000000002 22.500000000000004 10.500000000000002 12.500000000000002 111.15000000000002 103.15000000000002 7.5000000000000009 100.85000000000001 4.5000000000000009 101.15000000000002 102.45000000000002 -8.4999999999999982 -9.4999999999999982 101.65000000000002 102.15000000000002 102.35000000000001 1.0000000180025095e-35 101.25000000000001 -19.499999999999996 -9.4999999999999982 101.05000000000001 6.5000000000000009 100.95000000000002
decision_type=2 2 2 2 2 2 2 2 2 2 2 2 2 2 2 2 2 2 2 2 2 2 2 2 2 2 2 2 2 2
left_child=1 -1 3 4 -3 9 -6 -8 -9 12 11 29 13 14 15 25 27 18 19 -18 24 -22 -23 -24 -20 -4 -27 -16 -19 -11
right_child=-2 2 5 -5 6 -7 7 8 -10 10 -12 -13 -14 -15 16 -17 17 28 20 -21 21 22 23 -25 -26 26 -28 -29 -30 -31
leaf_value=4.9049442394710523e-06 0.00036002399432364594 0.00055113959005860047 -0.0017204455229226482 0.00086212595963866274 -0.0028276607959191384 -0.0010070098929584764 0.00037192531410255468 -0.0027980167817411618 -0.00070712694620832489 -0.0011557917904125468 1.3118637317783124e-05 -0.0017155490661721253 2.6366510832603009e-05 -0.00099812573913994704 -0.0005066540796783216 0.003002079506799326 -0.00011977567903551403 -0.00042455556612890381 0.0012343526631593705 -0.0031399160216585933 0.0014499081059585553 -0.0013418104202216059 0.0043169643197740826 -0.00061090832976537328 -0.0006772695529570148 0.0023309452480824531 -0.00038417450073156281 -0.0019207612369119256 -0.0023992482832697936 0.00071097776352216119
leaf_weight=389485 344 209 209 238 211 568 320 299 235 223 55001 298 33071 2579 1306 236 2295 3955 460 238 2072 902 210 214 1746 431 988 619 215 5044
leaf_count=389485 344 209 209 238 211 568 320 299 235 223 55001 298 33071 2579 1306 236 2295 3955 460 238 2072 902 210 214 1746 431 988 619 215 5044
internal_value=-2.15978e-12 -2.45793e-07 -1.77832e-05 -0.000767214 -0.0010716 -7.74472e-06 -0.00139005 -0.00103485 -0.00187787 -2.69109e-06 5.84277e-05 0.000506235 -7.42275e-05 -0.000252366 -0.000132876 0.000522527 -0.000218716 -0.000102554 0.00011464 -0.000403547 0.000348861 0.000756246 -0.000327666 0.00182978 -0.000278654 0.000163083 0.000440502 -0.000961372 -0.000526368 0.00063194
internal_weight=504221 503877 114392 1512 1274 112880 1065 854 534 112312 60566 5565 51746 18675 16096 1864 14232 12307 8137 2533 5604 3398 1326 424 2206 1628 1419 1925 4170 5267
internal_count=504221 503877 114392 1512 1274 112880 1065 854 534 112312 60566 5565 51746 18675 16096 1864 14232 12307 8137 2533 5604 3398 1326 424 2206 1628 1419 1925 4170 5267
is_linear=0
shrinkage=0.05


Tree=243
num_leaves=31
num_cat=0
split_feature=1 1 0 1 1 0 0 1 0 1 0 1 0 0 1 0 0 0 0 0 1 0 0 0 0 0 1 0 1 1
split_gain=0.0175065 0.0289623 0.0462971 0.0326797 0.0387487 0.227731 0.22063 0.293324 0.29168 0.120539 0.338141 0.253627 0.149883 0.125403 0.107822 0.335675 0.515683 0.196346 0.173773 0.172463 0.0866154 0.0811005 0.0782187 0.0931091 0.246656 0.19079 0.219384 0.102005 0.0775962 0.0737339
threshold=81.500000000000014 77.500000000000014 61.550000000000004 68.500000000000014 50.500000000000007 99.15000000000002 68.65000000000002 56.500000000000007 53.750000000000007 60.500000000000007 86.450000000000017 59.500000000000007 91.65000000000002 83.250000000000014 54.500000000000007 74.350000000000009 72.850000000000009 76.850000000000009 72.450000000000017 80.450000000000017 52.500000000000007 64.65000000000002 85.850000000000009 77.450000000000017 78.65000000000002 75.050000000000011 57.500000000000007 84.850000000000009 52.500000000000007 45.500000000000007
decision_type=2 2 2 2 2 2 2 2 2 2 2 2 2 2 2 2 2 2 2 2 2 2 2 2 2 2 2 2 2 2
left_child=1 3 -3 4 29 6 7 8 -6 10 14 -12 -13 -11 15 16 20 -17 -16 28 -8 -10 23 25 -25 -20 -27 -26 -19 -1
right_child=-2 2 -4 -5 5 -7 9 -9 21 13 11 12 -14 -15 18 17 -18 19 22 -21 -22 -23 -24 24 27 26 -28 -29 -30 -31
leaf_value=1.2804802412421647e-06 -0.00013753980464315703 0.00089185972371756098 0.00010612110118717494 -9.0401806345380702e-05 0.00077202587172792462 -0.0005868896020664433 0.0014164479374217346 4.017109050774036e-05 -0.00085966879491127456 -0.0002010938049391238 -7.5676467869620988e-05 0.0015768084709205867 0.000158951144056538 0.00014057004414416363 -0.00053060218222115356 -0.00065495744347572333 0.0037812222833212335 0.00074677532161807731 8.9146674980919969e-05 0.00029526560706934679 1.3273552678147769e-05 -0.0017433360110755945 0.0012279492605364684 -0.0010458884255501518 0.00050442449916501114 0.002371337520972796 0.00037555269103635241 -0.00029797184813235488 0.0017612236236053255 -0.00011700715201312259
leaf_weight=442072 2303 204 2314 9848 217 1335 223 2401 603 4667 8696 382 364 6326 575 372 201 420 571 1681 217 456 264 353 2201 281 270 483 342 13579
leaf_count=442072 2303 204 2314 9848 217 1335 223 2401 603 4667 8696 382 364 6326 575 372 201 420 571 1681 217 456 264 353 2201 281 270 483 342 13579
internal_value=1.41499e-12 6.31089e-07 0.000169779 -2.21764e-07 1.59233e-06 5.31637e-05 7.94019e-05 -0.000285385 -0.000897972 0.000125832 0.00020588 2.24157e-07 0.000884985 -4.48091e-06 0.00043557 0.000650305 0.00168295 0.000415162 0.000287085 0.000578111 0.000724428 -0.00124017 0.000393386 0.00034041 0.000196615 0.000729633 0.00139337 0.000360029 0.00120208 -2.24465e-06
internal_weight=504221 501918 2518 499400 489552 33901 32566 3677 1276 28889 17896 9442 746 10993 8454 3456 641 2815 4998 2443 440 1059 4423 4159 3037 1122 551 2684 762 455651
internal_count=504221 501918 2518 499400 489552 33901 32566 3677 1276 28889 17896 9442 746 10993 8454 3456 641 2815 4998 2443 440 1059 4423 4159 3037 1122 551 2684 762 455651
is_linear=0
shrinkage=0.05


Tree=244
num_leaves=31
num_cat=0
split_feature=0 1 1 1 1 1 1 0 1 1 0 1 0 0 1 1 0 0 1 0 1 1 0 0 0 1 1 1 1 0
split_gain=0.016866 0.237436 0.19452 0.0733515 0.170165 0.228004 0.141743 0.163531 0.0919061 0.139424 0.238855 0.206752 0.172348 0.230548 0.237268 0.437363 0.500759 0.237894 0.175434 0.0986928 0.145774 0.122282 0.342978 0.119459 0.141945 0.193952 0.314234 0.28156 0.104305 0.0749965
threshold=109.05000000000001 35.500000000000007 30.500000000000004 -18.499999999999996 -11.499999999999998 -6.4999999999999991 -3.4999999999999996 110.45000000000002 -1.0000000180025095e-35 1.5000000000000002 110.65000000000002 2.5000000000000004 109.45000000000002 109.85000000000001 21.500000000000004 12.500000000000002 109.65000000000002 109.65000000000002 23.500000000000004 110.05000000000001 14.500000000000002 5.5000000000000009 110.85000000000001 115.45000000000002 110.65000000000002 9.5000000000000018 17.500000000000004 13.500000000000002 22.500000000000004 110.25000000000001
decision_type=2 2 2 2 2 2 2 2 2 2 2 2 2 2 2 2 2 2 2 2 2 2 2 2 2 2 2 2 2 2
left_child=-1 2 3 -2 -5 -6 7 -7 29 10 -10 -11 18 14 15 17 -17 -14 -13 20 -15 22 -21 24 25 -23 27 -27 -28 -8
right_child=1 -3 -4 4 5 6 8 -9 9 11 -12 12 13 19 -16 16 -18 -19 -20 21 -22 23 -24 -25 -26 26 28 -29 -30 -31
leaf_value=-1.4649966806598706e-06 -0.00075412554464090184 0.0016967140172483735 -0.0010331991498249112 0.0012886394284196668 -0.001083894532595603 0.0020281693013153267 9.8664231499911406e-05 3.2983283911432544e-05 -0.000148136718642144 -0.0013023005054765568 0.0020678496899756977 0.00086367540768858629 0.0011346450546690127 0.0015488127195439712 0.0006507513936425389 -0.0036084381874650719 -0.00040755419871111296 -0.0011027206276984153 -0.00061469758082748451 -0.0022657385950791086 -5.3207672039843284e-05 0.0018737234688467449 0.00021903562796483109 0.0011709580341698882 -6.5020862093809545e-05 0.00036992104944692328 0.0017550318462801349 -0.002057640316142213 0.00040669588966177551 -0.0011102675495006269
leaf_weight=491604 267 217 417 286 424 201 227 210 252 273 235 1152 253 285 284 250 239 224 243 207 283 225 422 266 3918 277 274 210 301 295
leaf_count=491604 267 217 417 286 424 201 227 210 252 273 235 1152 253 285 284 250 239 224 243 207 283 225 422 266 3918 277 274 210 301 295
internal_value=-4.66474e-13 5.70816e-05 2.8388e-05 6.53305e-05 8.40053e-05 5.38631e-05 9.76946e-05 0.00100873 6.23538e-05 9.58772e-05 0.000921179 5.39491e-05 9.37061e-05 3.42282e-06 -0.000619717 -0.000993229 -0.002044 8.39744e-05 0.000606152 0.000120238 0.000750623 6.154e-05 -0.000598688 0.000137446 8.4629e-05 0.000540206 0.000257682 -0.000676871 0.00104921 -0.000584544
internal_weight=504221 12617 12400 11983 11716 11430 11006 411 10595 10073 487 9586 9313 7918 1250 966 489 477 1395 6668 568 6100 629 5471 5205 1287 1062 487 575 522
internal_count=504221 12617 12400 11983 11716 11430 11006 411 10595 10073 487 9586 9313 7918 1250 966 489 477 1395 6668 568 6100 629 5471 5205 1287 1062 487 575 522
is_linear=0
shrinkage=0.05


Tree=245
num_leaves=31
num_cat=0
split_feature=1 0 1 0 1 0 0 1 1 0 0 0 0 1 1 0 0 1 1 0 0 0 1 0 1 0 0 0 1 1
split_gain=0.0164675 0.202786 0.197134 0.51598 0.394376 0.423624 0.341501 0.259312 0.603602 0.586096 0.475446 0.321376 0.270052 0.256291 0.323897 0.242241 0.230297 0.236941 0.340128 0.500622 1.82083 0.395288 0.236976 0.224797 0.229556 0.279321 0.400363 0.428584 0.322089 0.204926
threshold=16.500000000000004 77.15000000000002 26.500000000000004 71.250000000000014 18.500000000000004 64.65000000000002 68.65000000000002 36.500000000000007 45.500000000000007 72.050000000000011 76.850000000000009 61.550000000000004 64.050000000000011 19.500000000000004 24.500000000000004 72.050000000000011 76.550000000000011 44.500000000000007 39.500000000000007 67.65000000000002 70.050000000000011 75.350000000000009 37.500000000000007 51.750000000000007 31.500000000000004 69.050000000000011 64.050000000000011 61.550000000000004 34.500000000000007 43.500000000000007
decision_type=2 2 2 2 2 2 2 2 2 2 2 2 2 2 2 2 2 2 2 2 2 2 2 2 2 2 2 2 2 2
left_child=-1 2 3 4 5 -2 -7 9 11 23 -11 29 -13 -6 -15 -5 17 18 19 -14 -21 -20 -22 -4 -25 26 27 -26 -27 -9
right_child=1 -3 7 15 13 6 -8 8 -10 10 -12 12 16 14 -16 -17 -18 -19 21 20 22 -23 -24 24 25 28 -28 -29 -30 -31
leaf_value=8.2607868631563166e-06 0.00016156553283601925 -3.1057899861347421e-05 -0.00073734086915487205 0.0019396556590902158 0.0013208178129601987 -0.0034851512762608832 -0.00071180142999232362 -0.00056232019413033295 -3.0038670518225097e-05 -0.00089618233193499677 0.0015019672335469508 0.0022015610653342622 -0.0018472520088584259 -0.00029883004167812621 0.000847532598893926 0.0005976273634627949 -0.00062654664246083211 -0.00040655684868742402 0.00097901160270782886 0.0047503354549407965 -0.0014464613925992398 0.0028296510361840305 0.00025760929371310723 0.0006766267604694958 0.00037561399852715171 -0.0018551409562197767 0.0011269560770257292 -0.0023793281885710633 0.00041511184642560616 0.0011444872660284263
leaf_weight=274662 389 190820 615 371 423 222 222 861 16873 2994 222 297 232 2290 843 3590 330 401 1846 225 285 342 718 1945 394 387 719 220 262 221
leaf_count=274662 389 190820 615 371 423 222 222 861 16873 2994 222 297 232 2290 843 3590 330 401 1846 225 285 342 718 1945 394 387 719 220 262 221
internal_value=-9.30174e-13 -9.88384e-06 9.4415e-05 0.00030959 -6.38003e-05 -0.00104307 -0.00209848 3.52913e-05 0.000120807 -0.000214168 -0.000730638 0.000562839 0.000742527 0.000165595 9.6231e-06 0.000723326 0.00064357 0.000747086 0.000873898 0.000282866 0.000685299 0.00126828 -0.000226598 0.000151523 0.000290726 -8.79713e-05 0.000326197 -0.000611499 -0.000938644 -0.000213702
internal_weight=504221 229559 38739 8350 4389 833 444 30389 22631 7758 3216 5758 4676 3556 3133 3961 4379 4049 3648 1460 1228 2188 1003 4542 3927 1982 1333 614 649 1082
internal_count=504221 229559 38739 8350 4389 833 444 30389 22631 7758 3216 5758 4676 3556 3133 3961 4379 4049 3648 1460 1228 2188 1003 4542 3927 1982 1333 614 649 1082
is_linear=0
shrinkage=0.05


Tree=246
num_leaves=31
num_cat=0
split_feature=0 1 1 0 0 0 0 0 1 0 0 1 1 1 1 0 0 1 0 1 0 1 1 0 0 1 0 0 1 1
split_gain=0.0179314 0.116991 0.483805 0.401625 0.879657 0.868725 0.821835 0.810106 0.517608 0.396293 0.739155 0.648859 1.74643 0.396096 0.332712 0.572845 0.571352 0.379752 0.739471 0.434799 0.483428 0.418778 0.33014 0.489585 1.36393 2.73517 2.01093 0.541819 0.610445 0.473188
threshold=89.65000000000002 25.500000000000004 34.500000000000007 91.450000000000017 94.450000000000017 94.050000000000011 93.850000000000009 94.250000000000014 30.500000000000004 95.250000000000014 95.050000000000011 29.500000000000004 27.500000000000004 30.500000000000004 15.500000000000002 99.050000000000011 99.15000000000002 10.500000000000002 95.450000000000017 11.500000000000002 94.450000000000017 13.500000000000002 30.500000000000004 97.15000000000002 97.65000000000002 32.500000000000007 98.15000000000002 96.350000000000009 32.500000000000007 27.500000000000004
decision_type=2 2 2 2 2 2 2 2 2 2 2 2 2 2 2 2 2 2 2 2 2 2 2 2 2 2 2 2 2 2
left_child=-1 14 3 8 5 6 13 -7 -3 10 11 12 -6 -5 17 -16 -17 -2 19 20 -19 -20 29 27 25 -25 -26 -24 -29 -11
right_child=1 2 -4 4 9 7 -8 -9 -10 22 -12 -13 -14 -15 15 16 -18 18 21 -21 -22 -23 23 24 26 -27 -28 28 -30 -31
leaf_value=-1.0461867651534989e-05 -1.1299020829618703e-05 -0.00095451671429741438 -5.3379134977536823e-05 0.00031401966498735562 -0.0016273282346400348 0.003846718083332667 -0.001808008022214237 0.00074121201664280496 0.00039445469527841565 5.0599973865501575e-06 -0.0024959881538525225 -0.0010854099601597634 0.0039390200407447284 0.0012708210260624724 -0.00032308671806297089 0.0021820297575746942 -3.8811439047193055e-06 -0.00073303601686627818 0.00024388717159095396 0.00094042326744203902 0.0019937995765911469 -0.00021734265746942567 -6.2546979118760686e-05 -0.001102982564219113 -0.0032115540893401131 0.0065665117245119536 0.00015197998428543777 -0.00047111367172700296 -0.0033857630110930566 0.00054800923669567772
leaf_weight=225999 121321 1646 43478 2448 275 421 342 419 1252 7054 400 659 289 1938 20926 302 29470 832 12558 4347 202 8093 994 232 472 233 7591 376 344 9308
leaf_count=225999 121321 1646 43478 2448 275 421 342 419 1252 7054 400 659 289 1938 20926 302 29470 832 12558 4347 202 8093 994 232 472 233 7591 376 344 9308
internal_value=3.90266e-12 8.49815e-06 5.94584e-05 0.000193161 0.000241602 0.000815961 0.000552714 0.00229766 -0.000371731 0.000128305 -0.000630203 -1.99703e-05 0.00122493 0.000736792 -1.21305e-05 -0.000122615 1.82922e-05 2.58824e-05 0.000199165 0.000721219 -0.000200327 6.3134e-05 0.000174578 -4.80454e-05 0.000106934 0.00274001 -4.4918e-05 -0.000819144 -0.00186367 0.000313932
internal_weight=504221 278222 80171 36693 33795 5568 4728 840 2898 28227 1623 1223 564 4386 198051 50698 29772 147353 26032 5381 1034 20651 26604 10242 8528 465 8063 1714 720 16362
internal_count=504221 278222 80171 36693 33795 5568 4728 840 2898 28227 1623 1223 564 4386 198051 50698 29772 147353 26032 5381 1034 20651 26604 10242 8528 465 8063 1714 720 16362
is_linear=0
shrinkage=0.05


Tree=247
num_leaves=31
num_cat=0
split_feature=0 1 0 1 1 1 1 1 1 1 0 0 1 1 1 1 1 1 1 0 1 0 0 1 1 0 0 1 0 1
split_gain=0.0174237 0.0769438 0.0833291 0.0817351 0.128438 0.316078 0.197066 0.161854 0.120522 0.10791 0.0967757 0.080115 0.0759985 0.0811285 0.13986 0.204777 0.260139 0.114962 0.12332 0.109585 0.0991279 0.0807909 0.126773 0.0740631 0.0538529 0.0481856 0.0348558 0.282515 0.21107 0.110209
threshold=45.850000000000001 -66.499999999999986 35.850000000000001 -57.499999999999993 -42.499999999999993 -39.499999999999993 -35.499999999999993 -45.499999999999993 -61.499999999999993 -29.499999999999996 35.850000000000001 35.850000000000001 -26.499999999999996 -21.499999999999996 -12.499999999999998 -7.4999999999999991 -1.0000000180025095e-35 16.500000000000004 34.500000000000007 29.850000000000005 68.500000000000014 35.850000000000001 29.850000000000005 25.500000000000004 -16.499999999999996 41.550000000000004 67.15000000000002 -69.499999999999986 67.65000000000002 45.500000000000007
decision_type=2 2 2 2 2 2 2 2 2 2 2 2 2 2 2 2 2 2 2 2 2 2 2 2 2 2 2 2 2 2
left_child=1 2 -1 8 7 -6 -7 10 -3 11 -5 -8 -11 -14 24 -16 -17 19 23 -18 21 22 -20 -19 -15 -12 29 -28 -29 -2
right_child=26 3 -4 4 5 6 9 -9 -10 12 25 -13 13 14 15 16 17 18 20 -21 -22 -23 -24 -25 -26 -27 27 28 -30 -31
leaf_value=-0.0011137580189810757 -1.1524756853710916e-05 2.9910051518374378e-05 -6.0714568332796205e-05 -0.00068384467193923024 0.0020722556526951946 -0.0010564907815526514 0.00023783418235548759 -0.0015061456169567855 0.0014254004974884971 -0.00080605262760506116 0.00078417087850701772 0.001545320958270077 0.00088577633883271895 -0.0002510009180469486 0.0015830283969875396 -0.001192816914963233 7.7236217525806514e-06 7.6162955628897622e-05 0.00096521523239187382 0.001336684819462774 -0.00051662009251157801 0.0013324137221453554 -0.00065011294763624389 -0.00096762917634379657 -0.0012547891812269077 -0.00015534891054787988 0.0015707631767419156 0.00050950195392285443 -7.1718552829522445e-07 -0.00025605514092641343
leaf_weight=259 30243 333 684 394 213 340 228 255 289 215 291 241 350 353 254 341 247 334 290 417 223 295 209 346 215 257 287 2036 458346 5436
leaf_count=259 30243 333 684 394 213 340 228 255 289 215 291 241 350 353 254 341 247 334 290 417 223 295 209 346 215 257 287 2036 458346 5436
internal_value=-9.03447e-13 7.37994e-05 -0.000349939 0.00013146 7.75387e-05 0.000186724 0.000104728 -0.000388666 0.000678297 0.000191348 -8.61632e-05 0.000909698 0.000108954 0.000159736 8.76261e-05 0.000225703 9.81081e-05 0.000284557 6.63131e-05 0.000842327 0.000414842 0.000676449 0.000288655 -0.000454943 -0.000630956 0.000343557 -1.1706e-06 2.51685e-06 1.53921e-06 -4.8781e-05
internal_weight=504221 7873 943 6930 6308 5111 4898 1197 622 4558 942 469 4089 3874 3524 2956 2702 2361 1697 664 1017 794 499 680 568 548 496348 460669 460382 35679
internal_count=504221 7873 943 6930 6308 5111 4898 1197 622 4558 942 469 4089 3874 3524 2956 2702 2361 1697 664 1017 794 499 680 568 548 496348 460669 460382 35679
is_linear=0
shrinkage=0.05


Tree=248
num_leaves=31
num_cat=0
split_feature=0 0 1 1 1 1 1 1 1 1 0 0 1 1 0 1 0 0 1 1 0 1 0 1 0 1 0 0 1 1
split_gain=0.017172 0.311032 0.272966 0.238265 0.195654 0.365715 0.205759 0.192697 0.187977 0.444055 0.38725 0.324676 0.600757 0.349288 0.367127 0.56486 0.477009 0.442784 0.371695 0.467015 0.329493 0.290112 0.307702 0.320191 0.36735 0.287345 0.315888 0.26797 0.25366 0.770841
threshold=100.45000000000002 100.55000000000001 31.500000000000004 -7.4999999999999991 2.5000000000000004 12.500000000000002 22.500000000000004 53.500000000000007 10.500000000000002 12.500000000000002 111.15000000000002 103.15000000000002 7.5000000000000009 -30.499999999999996 100.85000000000001 4.5000000000000009 101.15000000000002 102.45000000000002 -9.4999999999999982 -15.499999999999998 101.05000000000001 6.5000000000000009 102.75000000000001 -1.4999999999999998 102.65000000000002 -5.4999999999999991 102.65000000000002 100.95000000000002 -8.4999999999999982 -9.4999999999999982
decision_type=2 2 2 2 2 2 2 2 2 2 2 2 2 2 2 2 2 2 2 2 2 2 2 2 2 2 2 2 2 2
left_child=-1 2 3 -2 -5 -6 -7 8 11 10 27 12 13 -3 15 18 20 28 19 -15 -16 22 23 25 -25 26 -19 -10 29 -18
right_child=1 7 -4 4 5 6 -8 -9 9 -11 -12 -13 -14 14 16 -17 17 21 -20 -21 -22 -23 -24 24 -26 -27 -28 -29 -30 -31
leaf_value=5.0081163685595496e-06 0.00052377970345567862 -0.0020648336656163874 0.00082494663622449432 -0.0026860811981544675 0.00035081475522019901 -0.0026568919124337147 -0.00067969338136150486 -0.00092611803363877089 -0.0011105644675347569 1.3759383669853193e-05 -0.0011725564926020893 2.1047493452037671e-05 -0.00094802248901599087 -0.00024091016983131429 -0.00046622779922461216 0.002852172633412026 1.3512288560165888e-05 -0.00010862898120754645 -0.00036476875244364571 0.0025606151646183385 -0.001874460012982645 -0.0022790892630122433 -4.3372738143095703e-06 -0.00090987711473206057 -0.003325099907022842 0.0010640213122734656 -0.0023627968367947129 0.0006605823650246514 0.00033161445573333929 -0.0029827232402162393
leaf_weight=389485 209 229 238 211 320 299 235 568 223 55180 333 33201 2579 286 1284 236 2189 475 988 310 614 215 2212 477 235 273 231 5044 5604 238
leaf_count=389485 209 229 238 211 320 299 235 568 223 55180 333 33201 2579 286 1284 236 2189 475 988 310 614 215 2212 477 235 273 231 5044 5604 238
internal_value=1.14316e-12 -1.70006e-05 -0.000729387 -0.00101976 -0.00132267 -0.000985806 -0.00178678 -7.48739e-06 -2.85574e-06 5.68131e-05 0.000481046 -7.27662e-05 -0.000239551 -0.000126036 -9.80539e-05 0.000570116 -0.000184625 -6.94607e-05 0.000230113 0.00121626 -0.000921789 -0.000490999 -0.000392501 -0.000900258 -0.00170704 -0.000313511 -0.000846182 0.000585594 0.000146689 -0.000280309
internal_weight=504221 114736 1512 1274 1065 854 534 113224 112656 60780 5600 51876 18675 16096 15867 1820 14047 12149 1584 596 1898 4118 3903 1691 712 979 706 5267 8031 2427
internal_count=504221 114736 1512 1274 1065 854 534 113224 112656 60780 5600 51876 18675 16096 15867 1820 14047 12149 1584 596 1898 4118 3903 1691 712 979 706 5267 8031 2427
is_linear=0
shrinkage=0.05


Tree=249
num_leaves=31
num_cat=0
split_feature=0 0 1 1 1 1 1 1 0 1 1 1 1 0 1 1 1 1 1 0 1 0 1 0 0 0 1 1 0 1
split_gain=0.0171542 0.109273 0.192139 0.218468 0.127913 0.326712 0.114013 0.112882 0.147626 0.187179 0.22338 0.177586 0.107643 0.109306 0.377758 0.624442 0.732686 0.392918 0.55252 0.291406 0.269023 0.240577 0.50213 0.248278 0.229667 0.205788 0.203651 0.219563 0.201402 0.592323
threshold=89.65000000000002 89.050000000000011 1.5000000000000002 4.5000000000000009 29.500000000000004 21.500000000000004 -1.4999999999999998 -27.499999999999996 89.450000000000017 -9.4999999999999982 -14.499999999999998 -9.4999999999999982 -33.499999999999993 91.050000000000011 -1.0000000180025095e-35 7.5000000000000009 15.500000000000002 -14.499999999999998 -16.499999999999996 90.850000000000009 12.500000000000002 90.050000000000011 2.5000000000000004 90.450000000000017 90.050000000000011 90.450000000000017 22.500000000000004 23.500000000000004 90.250000000000014 18.500000000000004
decision_type=2 2 2 2 2 2 2 2 2 2 2 2 2 2 2 2 2 2 2 2 2 2 2 2 2 2 2 2 2 2
left_child=1 -1 6 -4 5 -5 7 -3 9 10 -9 -10 -2 14 17 21 20 18 19 -14 24 -16 -23 -24 -17 -19 28 -28 29 -18
right_child=12 2 3 4 -6 -7 -8 8 11 -11 -12 -13 13 -15 15 16 26 25 -20 -21 -22 22 23 -25 -26 -27 27 -29 -30 -31
leaf_value=-3.7152541987559645e-06 -0.00037358491216617017 0.00088467458711551875 -0.0016882309780038636 -0.00013646161696318987 -4.9782578852900148e-05 -0.0013762005501730551 0.0012409266273854143 4.5345517138790605e-05 -0.0014591235105974086 -0.00062969131494297625 0.0019735228547379988 0.00037167299278946812 8.9898081160978599e-05 2.4811474946288004e-06 6.3241464250227996e-05 0.001713146319896575 -0.0014785322428222331 0.0005279487122426637 -0.0018805450867071295 0.0019781524949401869 0.0017863380654925506 3.9100196016462232e-05 -0.0033535555481238478 -0.0014169217448800667 8.7991559436333553e-05 0.0014150520045108459 0.0015343925957817109 9.5759528116569565e-06 -0.0010156996238690156 0.0013856841743893227
leaf_weight=218327 1833 353 290 1607 2818 794 236 396 345 376 242 215 1444 258127 425 302 331 1493 330 238 730 418 266 438 776 1163 243 8293 975 397
leaf_count=218327 1833 353 290 1607 2818 794 236 396 345 376 242 215 1444 258127 425 302 331 1493 330 238 730 418 266 438 776 1163 243 8293 975 397
internal_value=-1.27851e-12 -1.02326e-05 -0.000195702 -0.000352491 -0.000278269 -0.000546438 0.000203628 7.65893e-05 -0.000104639 0.000255212 0.000776723 -0.000756228 8.31194e-06 1.08447e-05 0.00012906 -4.19828e-06 0.000117238 0.000517131 -9.92383e-06 0.000357083 0.00104518 -0.000949862 -0.00133361 -0.00214866 0.000543276 0.00091639 -4.66172e-05 5.29839e-05 -0.000545851 8.341e-05
internal_weight=504221 225999 7672 5509 5219 2401 2163 1927 1574 1014 638 560 278222 276389 18262 13594 12047 4668 2012 1682 1808 1547 1122 704 1078 2656 10239 8536 1703 728
internal_count=504221 225999 7672 5509 5219 2401 2163 1927 1574 1014 638 560 278222 276389 18262 13594 12047 4668 2012 1682 1808 1547 1122 704 1078 2656 10239 8536 1703 728
is_linear=0
shrinkage=0.05


Tree=250
num_leaves=31
num_cat=0
split_feature=0 1 1 0 1 1 0 1 1 0 0 0 1 0 1 1 1 1 1 0 0 1 0 1 0 1 1 1 1 1
split_gain=0.0161687 0.0904087 0.37006 0.28753 0.297024 0.11494 0.0905979 0.369894 0.205766 0.147102 0.0966801 0.0429862 0.127756 0.0228922 0.207976 0.382763 0.237833 0.116183 0.108361 0.114921 0.0953657 0.0468496 0.0432175 0.404661 0.0239212 0.235149 0.389528 0.267008 0.264958 0.102529
threshold=111.75000000000001 8.5000000000000018 4.5000000000000009 113.55000000000001 -1.0000000180025095e-35 10.500000000000002 112.15000000000002 15.500000000000002 22.500000000000004 113.55000000000001 113.05000000000001 111.45000000000002 17.500000000000004 110.45000000000002 1.0000000180025095e-35 8.5000000000000018 5.5000000000000009 13.500000000000002 19.500000000000004 110.85000000000001 110.85000000000001 11.500000000000002 110.25000000000001 6.5000000000000009 109.65000000000002 6.5000000000000009 -6.4999999999999991 1.5000000000000002 21.500000000000004 28.500000000000004
decision_type=2 2 2 2 2 2 2 2 2 2 2 2 2 2 2 2 2 2 2 2 2 2 2 2 2 2 2 2 2 2
left_child=11 2 3 4 -2 -3 -7 10 9 -9 -8 13 -13 22 -15 16 -16 21 20 -20 -19 -17 24 -24 -1 26 -26 -28 -27 -30
right_child=1 5 -4 -5 -6 6 7 8 -10 -11 -12 12 -14 14 15 17 -18 18 19 -21 -22 -23 23 -25 25 28 27 -29 29 -31
leaf_value=-1.1941893408268935e-06 -0.00025409679777092402 0.0013834619891448794 -0.0014314348500462024 -0.0010828101758583351 0.0021915109512070027 0.00090202321301718316 -0.0019095357016573106 0.00045663251019197867 -0.00020715402945667853 0.0020617973329993913 -0.00052751272671143642 -0.00094504169425582176 0.00053672276666523315 -0.00089713575193663098 0.00061373170870153806 -0.00026718193540043795 0.0027324846552477943 0.0015676121517947509 -0.00085952911443872471 0.00043848606349708311 0.00018144103378290311 -0.0012713561864660643 -0.0019782566334470178 0.0005137132819592287 -0.00070732695273530318 -0.000677286613041311 0.0027199665014456986 0.00057928485923116994 0.0012597930926620683 -0.00018247059779241681
leaf_weight=494551 225 220 419 217 277 353 203 308 474 266 336 405 227 403 322 268 225 218 329 354 288 205 256 448 284 1031 266 322 321 200
leaf_count=494551 225 220 419 217 277 353 203 308 474 266 336 405 227 403 322 268 225 218 329 354 288 205 256 448 284 1031 266 322 321 200
internal_value=9.89413e-13 0.000110346 -0.00025032 0.000437979 0.00109537 0.000300364 0.000177538 1.63893e-05 0.000563826 0.00120049 -0.00104801 -7.26501e-07 -0.000412826 -2.0591e-07 0.000147429 0.000337995 0.00148525 -3.95904e-05 0.000224082 -0.000186766 0.000778645 -0.000702395 -9.80754e-07 -0.000392458 -4.262e-07 0.000156261 0.000813257 0.00154769 -0.000212876 0.000706141
internal_weight=504221 3298 1138 719 502 2160 1940 1587 1048 574 539 500923 632 500291 2612 2209 547 1662 1189 683 506 473 497679 704 496975 2424 872 588 1552 521
internal_count=504221 3298 1138 719 502 2160 1940 1587 1048 574 539 500923 632 500291 2612 2209 547 1662 1189 683 506 473 497679 704 496975 2424 872 588 1552 521
is_linear=0
shrinkage=0.05


Tree=251
num_leaves=31
num_cat=0
split_feature=0 0 1 1 1 1 1 1 1 1 0 0 1 1 0 1 0 0 1 1 0 1 0 1 1 1 0 0 1 1
split_gain=0.0160629 0.280507 0.246347 0.215056 0.176578 0.330058 0.185697 0.173706 0.169317 0.409788 0.333197 0.292022 0.542347 0.31244 0.331332 0.509786 0.430501 0.399613 0.33712 0.354864 0.297367 0.261826 0.277701 0.288972 0.344334 0.259329 0.285089 0.242408 0.228928 0.695684
threshold=100.45000000000002 100.55000000000001 31.500000000000004 -7.4999999999999991 2.5000000000000004 12.500000000000002 22.500000000000004 53.500000000000007 10.500000000000002 12.500000000000002 111.15000000000002 103.15000000000002 7.5000000000000009 -30.499999999999996 100.85000000000001 4.5000000000000009 101.15000000000002 102.45000000000002 -8.4999999999999982 -15.499999999999998 101.05000000000001 6.5000000000000009 102.75000000000001 -1.4999999999999998 1.5000000000000002 -5.4999999999999991 102.65000000000002 100.95000000000002 -8.4999999999999982 -9.4999999999999982
decision_type=2 2 2 2 2 2 2 2 2 2 2 2 2 2 2 2 2 2 2 2 2 2 2 2 2 2 2 2 2 2
left_child=-1 2 3 -2 -5 -6 -7 8 11 10 27 12 13 -3 15 18 20 28 19 -15 -16 22 23 25 -25 26 -19 -10 29 -18
right_child=1 7 -4 4 5 6 -8 -9 9 -11 -12 -13 -14 14 16 -17 17 21 -20 -21 -22 -23 -24 24 -26 -27 -28 -29 -30 -31
leaf_value=4.8436878744988589e-06 0.00049761630077824073 -0.0019533631184410843 0.00078363487645670643 -0.0025518412556128482 0.00033320973190711814 -0.0025241114174243198 -0.00064577287261156327 -0.0008795975869226925 -0.0010551006006987373 1.2260101813209137e-05 -0.00107270685504729 1.9610713963453486e-05 -0.00090068577326178417 -0.00022892899537732553 -0.00044298072830074674 0.0027094996392221776 1.2772339883325524e-05 -0.00010326192018232847 -0.00039155610033626722 0.0021217923753899955 -0.0017808014851561004 -0.0021651987280956533 -4.184627181313137e-06 -0.0031983062433070895 -0.00085486391703121852 0.0010107559598845877 -0.0022447214127231988 0.0006294546250341181 0.00031496936915379863 -0.0028336516323209816
leaf_weight=389485 209 229 238 211 320 299 235 568 223 55180 333 33201 2579 286 1284 236 2189 475 932 366 614 215 2212 233 479 273 231 5044 5604 238
leaf_count=389485 209 229 238 211 320 299 235 568 223 55180 333 33201 2579 286 1284 236 2189 475 932 366 614 215 2212 233 479 273 231 5044 5604 238
internal_value=1.41675e-12 -1.64425e-05 -0.00069297 -0.000968819 -0.0012566 -0.000936579 -0.0016975 -7.40808e-06 -3.01059e-06 5.36193e-05 0.000461155 -6.93605e-05 -0.000227536 -0.00011968 -9.32155e-05 0.000541546 -0.000175458 -6.60519e-05 0.000218543 0.00109065 -0.000875764 -0.000466514 -0.00037294 -0.00085531 -0.00162175 -0.0002979 -0.000803938 0.000558132 0.00013929 -0.000266358
internal_weight=504221 114736 1512 1274 1065 854 534 113224 112656 60780 5600 51876 18675 16096 15867 1820 14047 12149 1584 652 1898 4118 3903 1691 712 979 706 5267 8031 2427
internal_count=504221 114736 1512 1274 1065 854 534 113224 112656 60780 5600 51876 18675 16096 15867 1820 14047 12149 1584 652 1898 4118 3903 1691 712 979 706 5267 8031 2427
is_linear=0
shrinkage=0.05


Tree=252
num_leaves=31
num_cat=0
split_feature=0 1 1 0 0 0 0 0 1 1 0 0 1 1 1 1 0 0 0 1 1 1 0 0 0 1 1 1 0 0
split_gain=0.0162591 0.116851 0.446932 0.30923 0.795166 0.784025 0.741706 0.73112 0.478026 0.357476 0.357134 0.667087 0.585596 1.57616 0.322297 0.306057 0.533179 0.51586 0.321126 0.641443 0.626002 0.475105 0.333658 0.494312 0.512662 0.486008 0.33725 0.298519 0.440937 1.23184
threshold=89.850000000000009 25.500000000000004 34.500000000000007 91.450000000000017 94.450000000000017 94.050000000000011 93.850000000000009 94.250000000000014 30.500000000000004 30.500000000000004 95.250000000000014 95.050000000000011 29.500000000000004 27.500000000000004 32.500000000000007 15.500000000000002 99.050000000000011 99.15000000000002 91.050000000000011 12.500000000000002 -2.4999999999999996 -14.499999999999998 90.850000000000009 90.450000000000017 90.050000000000011 1.5000000000000002 7.5000000000000009 30.500000000000004 97.15000000000002 97.65000000000002
decision_type=2 2 2 2 2 2 2 2 2 2 2 2 2 2 2 2 2 2 2 2 2 2 2 2 2 2 2 2 2 2
left_child=-1 15 3 8 5 6 9 -7 -3 -5 11 12 13 -6 -14 18 -17 -18 19 20 21 -2 23 24 -22 -26 -27 -12 -29 -30
right_child=1 2 -4 4 10 7 -8 -9 -10 -11 27 -13 14 -15 -16 16 17 -19 -20 -21 22 -23 -24 -25 25 26 -28 28 29 -31
leaf_value=-9.8536493996499421e-06 7.12136294601894e-05 -0.00094025264434219888 -5.0336517379458788e-05 0.00029779755880560095 -0.0015464828691699288 0.0036538611778949613 -0.0017181286751701123 0.0007036303714593442 0.00043083929934772556 0.0012067588100796594 0.00029728447827880017 -0.0023717099102213979 -0.0019045374122232638 0.0037415481768677396 0.00036908254807763424 -0.00031464180629686835 0.002072406949981159 -4.6413229864288512e-06 7.2837851953645285e-06 0.0019051138514152664 0.00064300154233328584 0.001164290464526631 -0.0016107917217345073 0.00073166980861342525 0.00047785209738500584 -0.0033949507063343412 -0.00098678132450139076 -0.00077870786689926061 0.0026024895185424437 -4.4155429540796649e-05
leaf_weight=228732 2050 1450 42619 2448 275 421 342 419 1132 1938 16362 400 406 289 253 20559 302 29470 138963 607 409 1930 464 935 219 315 270 1714 465 8063
leaf_count=228732 2050 1450 42619 2448 275 421 342 419 1132 1938 16362 400 406 289 253 20559 302 29470 138963 607 409 1930 464 935 219 315 270 1714 465 8063
internal_value=-2.3937e-12 8.18125e-06 5.95388e-05 0.000188268 0.000228563 0.000774641 0.000524557 0.00218226 -0.000339139 0.000699432 0.000120844 -0.000599214 -1.94928e-05 0.00116316 -0.00103166 -1.2466e-05 -0.000118806 1.64278e-05 2.41523e-05 0.000349767 0.000206549 0.000601274 -0.000394908 -0.000132259 -0.000798189 -0.00153133 -0.00228349 0.000164772 -4.69218e-05 0.000100156
internal_weight=504221 275489 78996 36377 33795 5568 4728 840 2582 4386 28227 1623 1223 564 659 196493 50331 29772 146162 7199 6592 3980 2612 2148 1213 804 585 26604 10242 8528
internal_count=504221 275489 78996 36377 33795 5568 4728 840 2582 4386 28227 1623 1223 564 659 196493 50331 29772 146162 7199 6592 3980 2612 2148 1213 804 585 26604 10242 8528
is_linear=0
shrinkage=0.05


Tree=253
num_leaves=31
num_cat=0
split_feature=0 0 1 1 1 1 1 0 1 1 1 1 1 1 1 0 0 1 0 1 0 1 0 1 1 0 0 1 1 0
split_gain=0.0166221 0.252965 0.223373 0.194398 0.159017 0.298697 0.166274 0.156484 0.806188 0.410401 0.432353 0.895478 0.1554 0.14913 0.372541 0.300711 0.264955 0.520349 0.49085 0.283324 0.285468 0.460082 0.404691 0.308271 0.385076 0.268374 0.264718 0.523935 1.22607 1.15248
threshold=100.45000000000002 100.55000000000001 31.500000000000004 -7.4999999999999991 2.5000000000000004 12.500000000000002 22.500000000000004 100.35000000000001 -9.4999999999999982 5.5000000000000009 22.500000000000004 32.500000000000007 53.500000000000007 10.500000000000002 12.500000000000002 111.15000000000002 103.55000000000001 7.5000000000000009 103.95000000000002 -30.499999999999996 100.85000000000001 4.5000000000000009 101.15000000000002 -9.4999999999999982 -15.499999999999998 101.05000000000001 102.15000000000002 -8.4999999999999982 -10.499999999999998 101.65000000000002
decision_type=2 2 2 2 2 2 2 2 2 2 2 2 2 2 2 2 2 2 2 2 2 2 2 2 2 2 2 2 2 2
left_child=7 2 3 -2 -5 -6 -7 -1 -9 -10 -11 -12 13 16 15 -15 17 19 -18 -3 21 23 25 24 -21 -22 27 28 -24 -29
right_child=1 12 -4 4 5 6 -8 8 9 10 11 -13 -14 14 -16 -17 18 -19 -20 20 22 -23 26 -25 -26 -27 -28 29 -30 -31
leaf_value=2.8270164321020845e-06 0.00047237134079613759 -0.0017880340856386394 0.00074688177516668292 -0.0024246135029182617 0.00031618490407709033 -0.0023978295902656174 -0.00062043510060361096 -0.0023941255074011892 0.0022145957443245215 -0.00064833064629083695 0.0032166833712442503 -0.00086541646311619896 -0.0008331008865803904 0.00052986129444368001 9.7247038097794626e-06 -0.0010194357708495044 0.00068957654267323134 -0.00081861562597744541 -3.2728007418856466e-05 -0.00021784670155990376 -0.00042119602211446411 0.0025736603380764945 7.4327033321568928e-05 -0.00033450378368981936 0.0023260662440330753 -0.0016921256489881864 -0.0002425577023743646 -0.00029728199834053019 -0.0033170111198848658 0.0013448520903349729
leaf_weight=387782 209 246 238 211 320 299 235 213 422 526 296 246 568 5267 55180 333 2567 2947 28090 286 1284 236 1570 988 310 614 8139 2206 321 2072
leaf_count=387782 209 246 238 211 320 299 235 213 422 526 296 246 568 5267 55180 333 2567 2947 28090 286 1284 236 1570 988 310 614 8139 2206 321 2072
internal_value=6.30313e-12 -1.67262e-05 -0.000659183 -0.000921854 -0.00119546 -0.000891773 -0.00161564 4.92728e-06 0.000483168 0.000894485 0.000372869 0.00136392 -8.1468e-06 -3.98747e-06 4.91595e-05 0.000437733 -6.62566e-05 -0.00020208 2.77527e-05 -0.000102642 -7.96419e-05 0.000514105 -0.000146322 0.000207252 0.00110533 -0.00083234 -5.53197e-05 0.000191711 -0.000501358 0.000498067
internal_weight=504221 114736 1512 1274 1065 854 534 389485 1703 1490 1068 542 113224 112656 60780 5600 51876 21219 30657 18272 18026 1820 16206 1584 596 1898 14308 6169 1891 4278
internal_count=504221 114736 1512 1274 1065 854 534 389485 1703 1490 1068 542 113224 112656 60780 5600 51876 21219 30657 18272 18026 1820 16206 1584 596 1898 14308 6169 1891 4278
is_linear=0
shrinkage=0.05


Tree=254
num_leaves=31
num_cat=0
split_feature=0 1 1 0 0 1 0 1 1 0 0 1 0 1 1 0 1 1 1 1 1 0 0 1 0 1 0 1 1 0
split_gain=0.0164011 0.0869608 0.30105 0.303518 0.686168 0.101889 0.0813796 0.315813 0.187231 0.13276 0.085908 0.0566723 0.0378013 0.113196 0.0210506 0.0200547 0.186788 0.347253 0.214644 0.105474 0.098421 0.103564 0.0860611 0.0428571 0.0400814 0.362578 0.0240109 0.230865 0.18888 0.841583
threshold=111.75000000000001 1.5000000000000002 8.5000000000000018 113.55000000000001 112.55000000000001 10.500000000000002 112.15000000000002 15.500000000000002 22.500000000000004 113.55000000000001 113.05000000000001 -2.4999999999999996 111.45000000000002 17.500000000000004 26.500000000000004 110.45000000000002 1.0000000180025095e-35 8.5000000000000018 5.5000000000000009 13.500000000000002 19.500000000000004 110.85000000000001 110.85000000000001 11.500000000000002 110.25000000000001 6.5000000000000009 107.25000000000001 38.500000000000007 3.5000000000000004 109.45000000000002
decision_type=2 2 2 2 2 2 2 2 2 2 2 2 2 2 2 2 2 2 2 2 2 2 2 2 2 2 2 2 2 2
left_child=12 11 3 4 -3 -4 -7 10 9 -9 -8 -2 15 -14 -10 24 -17 18 -18 23 22 -22 -21 -19 26 -26 -1 28 29 -28
right_child=1 2 5 -5 -6 6 7 8 14 -11 -12 -13 13 -15 -16 16 17 19 -20 20 21 -23 -24 -25 25 -27 27 -29 -30 -31
leaf_value=1.6845027469041731e-06 0.0002351831214361457 -0.0019376241506671344 0.0013145805332301693 -0.0024820766288716841 0.0019406063275204763 0.00086581819811466527 -0.0017691784464923914 0.000432933703769458 -0.00056731395883684017 0.0019578402045732578 -0.000466421229793923 0.0013426690736663676 -0.00088814910598973063 0.00050662175233225591 0.00010173066863032102 -0.00085198717011559393 0.00058333662205508772 -0.00025637214794866188 0.0025961521897051071 0.0014881265520571023 -0.00082008875807390569 0.00041212528902231417 0.00017131356952530851 -0.0012168067322317058 -0.0018790521702612751 0.0004797848589078058 -0.00061185641306176679 -0.0016009676624790894 6.5949340259215363e-05 0.0010633648544905502
leaf_weight=479159 251 254 220 212 207 353 203 308 216 266 336 214 405 227 258 403 322 268 225 218 329 354 288 205 256 448 4012 239 12643 922
leaf_count=479159 251 254 220 212 207 353 203 308 216 266 336 214 405 227 258 403 322 268 225 218 329 354 288 205 256 448 4012 239 12643 922
internal_value=-9.21548e-13 0.000111136 7.118e-06 -0.000916272 -0.000196206 0.000294822 0.00017918 2.64493e-05 0.000532286 0.0011396 -0.00095707 0.000744865 -7.31705e-07 -0.000387179 -0.00020315 -2.4352e-07 0.000137939 0.000318537 0.00141128 -4.11071e-05 0.00021012 -0.00018143 0.000738636 -0.000672628 -9.68754e-07 -0.000377974 -4.34699e-07 -5.74304e-05 -3.64424e-05 -0.000298813
internal_weight=504221 3298 2833 673 461 2160 1940 1587 1048 574 539 465 500923 632 474 500291 2612 2209 547 1662 1189 683 506 473 497679 704 496975 17816 17577 4934
internal_count=504221 3298 2833 673 461 2160 1940 1587 1048 574 539 465 500923 632 474 500291 2612 2209 547 1662 1189 683 506 473 497679 704 496975 17816 17577 4934
is_linear=0
shrinkage=0.05


Tree=255
num_leaves=31
num_cat=0
split_feature=1 0 1 0 0 0 1 0 0 0 0 0 0 0 0 0 1 1 0 0 1 0 0 0 1 0 0 0 1 0
split_gain=0.0159817 0.0400288 0.0251372 0.13816 0.384026 0.576905 0.126998 0.341316 0.17071 0.300303 0.155036 0.135023 0.215603 0.128841 0.347471 0.200565 0.120978 0.21394 0.269939 0.246604 0.374215 0.168176 0.117062 0.281193 0.0861145 0.302188 0.361047 0.177206 0.0842774 0.081475
threshold=-77.499999999999986 56.95000000000001 -49.499999999999993 86.050000000000011 83.250000000000014 80.750000000000014 -53.499999999999993 78.350000000000009 76.250000000000014 72.050000000000011 76.250000000000014 49.250000000000007 56.95000000000001 65.350000000000009 62.45000000000001 68.15000000000002 -45.499999999999993 -46.499999999999993 70.450000000000017 62.45000000000001 -47.499999999999993 58.350000000000001 71.250000000000014 59.550000000000004 -43.499999999999993 78.050000000000011 62.45000000000001 83.250000000000014 -48.499999999999993 55.45000000000001
decision_type=2 2 2 2 2 2 2 2 2 2 2 2 2 2 2 2 2 2 2 2 2 2 2 2 2 2 2 2 2 2
left_child=1 -1 3 4 5 6 7 10 9 11 -2 -8 -13 14 -14 -15 17 18 19 21 -21 28 23 -19 25 26 29 -27 -4 -18
right_child=2 -3 16 -5 -6 -7 8 -9 -10 -11 -12 12 13 15 -16 -17 24 22 -20 20 -22 -23 -24 -25 -26 27 -28 -29 -30 -31
leaf_value=1.7243679642300657e-05 -4.2098547770941347e-05 -0.00068715124114139667 0.0011181066908380565 0.0010879836987955438 -0.0018782290241380378 0.0023796295635958218 -0.00047351528174246701 -0.0020539102300502466 0.0016119940114803005 -0.0014031532737943863 0.0013672565147280693 0.0018249225490256319 0.00080936868875724837 0.0021449517180670554 -0.0016409650414069164 0.00015263557872351478 0.00033242777247742387 -0.00022522141913321452 -0.00073496100868787964 0.00019320860120833433 0.0028805998271530116 -0.001244575480227414 -0.00026466453668737847 -0.0025935447039572819 -5.9605031668023435e-07 -0.0017118086417516071 0.0014600309383084058 0.00024682971599854925 -0.00013283883230854766 -0.00090027308464050299
leaf_weight=633 8020 296 204 326 254 268 329 209 244 252 200 307 362 201 241 340 289 237 909 349 206 253 329 266 486845 234 744 228 396 250
leaf_count=633 8020 296 204 326 254 268 329 209 244 252 200 307 362 201 241 340 289 237 909 349 206 253 329 266 486845 234 744 228 396 250
internal_value=-1.3263e-12 -0.000207192 3.82444e-07 7.32843e-05 4.38204e-05 8.83114e-05 3.09482e-05 -5.85415e-05 0.000362367 0.000212313 -7.80767e-06 0.00044102 0.000648381 0.000332649 -0.000169952 0.000892849 -1.33033e-06 -0.000310247 -6.32862e-05 0.000370345 0.00119069 -0.000163409 -0.000997999 -0.00147765 6.60669e-07 0.000351278 0.000746116 -0.000745208 0.000292483 -0.000239326
internal_weight=504221 929 503292 11553 11227 10973 10705 8429 2276 2032 8220 1780 1451 1144 603 541 491739 3149 2317 1408 555 853 832 503 488590 1745 1283 462 600 539
internal_count=504221 929 503292 11553 11227 10973 10705 8429 2276 2032 8220 1780 1451 1144 603 541 491739 3149 2317 1408 555 853 832 503 488590 1745 1283 462 600 539
is_linear=0
shrinkage=0.05


Tree=256
num_leaves=31
num_cat=0
split_feature=0 1 1 1 1 0 0 1 1 0 1 1 0 1 1 1 1 1 1 1 1 1 1 1 1 0 1 0 1 1
split_gain=0.0159673 0.069311 0.0384491 0.141208 0.0914422 0.318101 0.374133 0.238246 0.229137 0.140096 0.223107 0.42638 0.194365 0.14659 0.35434 0.19975 0.0902771 0.0847553 0.0808479 0.0734219 0.11946 0.0642354 0.0638711 0.0619291 0.0612875 0.0317638 0.256417 0.187761 0.104957 0.63927
threshold=45.850000000000001 -73.499999999999986 34.500000000000007 25.500000000000004 -1.0000000180025095e-35 41.550000000000004 29.850000000000005 -9.4999999999999982 9.5000000000000018 41.550000000000004 -34.499999999999993 -40.499999999999993 29.850000000000005 -38.499999999999993 -51.499999999999993 -63.499999999999993 54.500000000000007 -21.499999999999996 44.500000000000007 -49.499999999999993 -45.499999999999993 -59.499999999999993 -66.499999999999986 -30.499999999999996 -25.499999999999996 67.15000000000002 -69.499999999999986 67.65000000000002 7.5000000000000009 -5.4999999999999991
decision_type=2 2 2 2 2 2 2 2 2 2 2 2 2 2 2 2 2 2 2 2 2 2 2 2 2 2 2 2 2 2
left_child=1 -1 3 4 7 6 -6 9 -8 10 11 12 -3 14 15 -11 18 23 -4 21 -21 22 -14 -12 -25 -2 -27 28 29 -28
right_child=25 2 16 -5 5 -7 8 -9 -10 13 17 -13 19 -15 -16 -17 -18 -19 -20 20 -22 -23 -24 24 -26 26 27 -29 -30 -31
leaf_value=-0.00050837204628383992 -4.6570349364474717e-05 0.0010820581777287381 0.00031459224942929583 -0.00091919801817033338 -0.00013701747133307261 -0.0011269123008534243 0.00085378037857832304 -0.0010544873570706127 0.0032070648909177423 0.0013260711547063322 0.00018435667261360139 -0.0018150785708007046 -0.0007064701139926911 -0.00017596146693297973 0.0026071664517845852 -0.00063713603128086446 -0.00014423177077774437 2.9681075565894026e-05 0.0015199182420334919 0.001083963962413805 -0.00050934343093849094 -0.0010003026612290186 0.00043306341471750873 0.001612549405169967 0.00050039481863660635 0.0014964566854857404 0.00020493098639581405 -6.6005885939813607e-07 0.00010311059575386331 0.0032447747705924897
leaf_weight=485 35679 336 341 346 365 219 202 458 212 245 246 397 250 384 241 275 441 573 235 223 249 398 242 298 212 287 852 458346 967 217
leaf_count=485 35679 336 341 346 365 219 202 458 212 245 246 397 250 384 241 275 441 573 235 223 249 398 242 298 212 287 852 458346 967 217
internal_value=-7.58134e-13 7.06478e-05 0.000108659 6.30859e-05 0.000119496 0.00055667 0.00102997 3.27047e-05 0.00205884 0.000141686 -1.84204e-05 -0.000339882 5.02494e-06 0.000620465 0.00102234 0.000287837 0.00039415 0.000488324 0.000806349 -0.000260675 0.000243427 -0.000528019 -0.000145968 0.000835946 0.00115024 -1.12061e-06 2.3995e-06 1.46811e-06 0.000480563 0.000821999
internal_weight=504221 7873 7388 6371 6025 998 779 5027 414 4569 3424 2095 1698 1145 761 520 1017 1329 576 1362 472 890 492 756 510 496348 460669 460382 2036 1069
internal_count=504221 7873 7388 6371 6025 998 779 5027 414 4569 3424 2095 1698 1145 761 520 1017 1329 576 1362 472 890 492 756 510 496348 460669 460382 2036 1069
is_linear=0
shrinkage=0.05


Tree=257
num_leaves=31
num_cat=0
split_feature=0 1 1 0 1 0 1 0 0 1 0 1 0 0 1 0 0 1 0 0 0 1 0 0 1 0 1 0 1 1
split_gain=0.0155677 0.115126 0.633686 1.42695 0.588864 0.704875 0.562171 0.674767 1.10967 0.584937 0.688465 0.447767 0.473636 0.586274 0.705414 0.436955 0.432999 0.37787 0.392056 0.348688 0.345345 0.31385 0.272675 0.467836 0.261067 0.251391 0.241879 0.232441 0.294729 0.562293
threshold=89.850000000000009 23.500000000000004 32.500000000000007 74.65000000000002 14.500000000000002 71.250000000000014 10.500000000000002 85.450000000000017 72.450000000000017 13.500000000000002 79.850000000000009 18.500000000000004 87.050000000000011 80.15000000000002 16.500000000000004 80.750000000000014 75.050000000000011 5.5000000000000009 68.65000000000002 78.950000000000017 75.350000000000009 12.500000000000002 70.850000000000009 71.65000000000002 16.500000000000004 82.550000000000011 12.500000000000002 85.850000000000009 6.5000000000000009 8.5000000000000018
decision_type=2 2 2 2 2 2 2 2 2 2 2 2 2 2 2 2 2 2 2 2 2 2 2 2 2 2 2 2 2 2
left_child=1 4 3 -3 6 -6 17 8 -8 10 19 12 13 14 16 -12 -7 -1 -19 26 -16 -9 -20 -24 -14 -11 -10 -25 -29 -30
right_child=-2 2 -4 -5 5 11 7 21 9 25 15 -13 24 -15 20 -17 -18 18 22 -21 -22 -23 23 27 -26 -27 -28 28 29 -31
leaf_value=-2.5167832393467547e-05 8.0053971803645901e-06 0.00038480627338263756 1.8579818531025697e-05 -0.00055495747311859456 -0.0003359992466492528 -0.0016198494834731324 0.00034139389443178455 -0.00028407649567895602 -0.00051379520033806628 -0.00060265931541945202 -0.0040261265840607621 0.00017213550803157361 0.00055033308643923724 0.0013625850262083891 0.0021378891522159976 -0.0017653835089830299 0.000229034054626004 -0.00042594174558625506 0.0015024286208840431 0.0011179639965805232 0.00052212793613131867 0.0008450661681816638 -0.0018936110903387485 0.00055097922145268231 -0.00068781813368979814 0.00095952484314894737 -0.0018786788481399725 -0.0011089108945031758 0.0010358066022182067 -0.00056117785075298699
leaf_weight=97734 275489 5552 68689 14826 3992 495 1959 1176 994 842 247 9461 882 3166 548 1587 879 1700 527 234 834 1291 230 6515 823 371 482 491 1114 1091
leaf_count=97734 275489 5552 68689 14826 3992 495 1959 1176 994 842 247 9461 882 3166 548 1587 879 1700 527 234 834 1291 230 6515 823 371 482 491 1114 1091
internal_value=2.18371e-12 -9.64184e-06 -5.40618e-05 -0.000298918 1.86856e-05 0.000262194 -2.4601e-05 -0.00040036 -0.000660127 -0.00107257 -0.00139694 0.00040194 0.000687004 0.000898422 0.000365208 -0.00206986 -0.000437048 6.93948e-06 0.000275878 -0.000675223 0.00116282 0.000306813 0.000395571 0.000333785 -4.732e-05 -0.00012486 -0.000959509 0.000389404 -1.05034e-06 0.000245643
internal_weight=504221 228732 89067 20378 139665 21080 118585 9183 6716 4757 3544 17088 7627 5922 2756 1834 1374 109402 11668 1710 1382 2467 9968 9441 1705 1213 1476 9211 2696 2205
internal_count=504221 228732 89067 20378 139665 21080 118585 9183 6716 4757 3544 17088 7627 5922 2756 1834 1374 109402 11668 1710 1382 2467 9968 9441 1705 1213 1476 9211 2696 2205
is_linear=0
shrinkage=0.05


Tree=258
num_leaves=31
num_cat=0
split_feature=0 0 1 1 1 1 0 1 1 1 1 1 1 1 0 0 0 1 0 0 0 0 0 0 0 0 0 1 0 0
split_gain=0.0150966 0.228579 0.201594 0.175444 0.143513 0.274214 0.140931 0.727731 0.370386 0.416144 0.255047 0.139959 0.140082 0.350281 0.579389 0.630842 1.25903 0.228453 1.54003 1.9318 1.35873 0.823703 0.499073 0.935935 1.40935 0.71469 0.70023 0.766531 0.414232 0.623952
threshold=100.45000000000002 100.55000000000001 31.500000000000004 -7.4999999999999991 2.5000000000000004 9.5000000000000018 100.35000000000001 -9.4999999999999982 5.5000000000000009 27.500000000000004 18.500000000000004 53.500000000000007 24.500000000000004 23.500000000000004 102.25000000000001 103.85000000000001 104.95000000000002 21.500000000000004 105.25000000000001 106.05000000000001 104.75000000000001 104.35000000000001 101.05000000000001 102.35000000000001 102.95000000000002 103.85000000000001 101.45000000000002 22.500000000000004 109.05000000000001 108.05000000000001
decision_type=2 2 2 2 2 2 2 2 2 2 2 2 2 2 2 2 2 2 2 2 2 2 2 2 2 2 2 2 2 2
left_child=6 2 3 -2 -5 -6 -1 -8 -9 10 -10 12 13 17 -15 -16 -17 -3 20 -20 21 22 -19 26 -25 -26 -24 -28 29 -21
right_child=1 11 -4 4 5 -7 7 8 9 -11 -12 -13 -14 14 15 16 -18 18 19 28 -22 -23 23 24 25 -27 27 -29 -30 -31
leaf_value=2.7025822196531337e-06 0.0004483310167085041 -3.6396029751361546e-05 0.00070911614975633752 -0.0023038042947579333 0.00068272917142667632 -0.0013721546216036119 -0.0022751545577261931 0.0021034440175758153 0.00040887091413344682 0.0016525138660198283 -0.001566042373145836 -0.00079068056478154433 0.00010355279505113009 -0.0021379024780579944 0.0014885194000820653 -0.0037673160583324679 3.3436641563167727e-05 0.0029910286607073367 -0.0039764364162143675 0.00015262287943441 0.0043626854652083005 -0.002191275624533045 0.0015629807365808452 0.0042439285323314351 -0.00065866987278569719 0.0025845622999869028 0.0003726307828804009 -0.0033678678010398916 0.0010425051709076739 -0.0025393841725245524
leaf_weight=387782 209 81696 238 211 218 636 213 422 401 391 276 568 23919 506 414 274 1064 278 371 789 286 221 261 359 501 257 262 287 615 296
leaf_count=387782 209 81696 238 211 218 636 213 422 401 391 276 568 23919 506 414 274 1064 278 371 789 286 221 261 359 501 257 262 287 615 296
internal_value=2.95215e-12 -1.59402e-05 -0.000626645 -0.000876183 -0.00113611 -0.000847606 4.69574e-06 0.000458548 0.000849339 0.000353804 -0.000396264 -7.78485e-06 -3.83757e-06 -3.27846e-05 -0.000647564 -0.000217135 -0.000744894 -1.67324e-05 0.000319131 -0.000707559 0.00110316 0.000718892 0.00101057 0.000724856 0.00166321 0.000440948 -0.000569149 -0.00158278 5.82495e-06 -0.000581786
internal_weight=504221 114736 1512 1274 1065 854 389485 1703 1490 1068 677 113224 112656 88737 2258 1752 1338 86479 4783 2071 2712 2426 2205 1927 1117 758 810 549 1700 1085
internal_count=504221 114736 1512 1274 1065 854 389485 1703 1490 1068 677 113224 112656 88737 2258 1752 1338 86479 4783 2071 2712 2426 2205 1927 1117 758 810 549 1700 1085
is_linear=0
shrinkage=0.05


Tree=259
num_leaves=31
num_cat=0
split_feature=0 0 1 1 1 1 1 1 1 1 0 0 0 0 0 0 0 0 0 1 0 1 0 0 0 0 1 0 1 1
split_gain=0.0148638 0.148742 0.407595 0.149502 0.216422 0.344122 0.110349 0.198201 0.151953 0.115217 0.25442 0.337466 0.270728 0.275478 0.190303 0.113246 0.108104 0.169562 0.126282 0.240003 0.165114 0.0900247 0.285133 0.121138 0.0829585 0.698695 0.949938 0.696242 0.69505 0.372271
threshold=95.65000000000002 95.550000000000011 -1.0000000180025095e-35 41.500000000000007 20.500000000000004 9.5000000000000018 -38.499999999999993 -33.499999999999993 -25.499999999999996 -21.499999999999996 96.65000000000002 97.450000000000017 101.65000000000002 103.15000000000002 105.65000000000002 99.250000000000014 99.850000000000009 100.95000000000002 103.85000000000001 -27.499999999999996 102.65000000000002 -28.499999999999996 97.450000000000017 97.250000000000014 97.15000000000002 97.250000000000014 25.500000000000004 97.050000000000011 14.500000000000002 34.500000000000007
decision_type=2 2 2 2 2 2 2 2 2 2 2 2 2 2 2 2 2 2 2 2 2 2 2 2 2 2 2 2 2 2
left_child=1 -1 -3 4 5 -4 -2 -8 16 10 -10 -12 15 -14 -15 -13 21 -18 20 -20 -19 22 -9 -23 27 26 28 -11 -26 -28
right_child=6 2 3 -5 -6 -7 7 8 9 24 11 12 13 14 -16 -17 17 18 19 -21 -22 23 -24 -25 25 -27 29 -29 -30 -31
leaf_value=-4.3098429155893365e-06 0.0011054990035684214 0.00086826217172672037 -0.0020836076939978253 0.00020646794989072492 -0.0020805230945469748 0.00062709457971046488 -0.0011222074913353193 -0.001092467969958333 0.001300727881424062 2.6348058662955579e-05 -0.0024244776124706362 -0.00031855217939601426 -0.0019970793580246526 0.00042865553585922023 -0.0010641331248211138 0.00074166698080084905 -0.001151629870080135 0.00020303181418687992 0.00074675821861309403 -0.0014649047017521203 0.0020512691536797817 0.0021692518837923228 0.001360498042609072 0.00062778054382473523 -0.0011251824551426464 9.3620729314351893e-06 0.0020848113784984667 0.0011230972577686068 -0.0040213773519927288 -0.00057957507802028178
leaf_weight=311027 230 401 205 212 431 273 386 207 222 21212 202 431 344 425 429 606 220 303 293 211 201 215 277 313 719 161855 245 1553 291 282
leaf_count=311027 230 401 205 212 431 273 386 207 222 21212 202 431 344 425 429 606 220 303 293 211 201 215 277 313 719 161855 245 1553 291 282
internal_value=-4.3111e-13 -6.72273e-06 -0.000499805 -0.000989186 -0.00126804 -0.000535445 1.09624e-05 9.64739e-06 1.19341e-05 7.07735e-06 -0.000319729 -0.000467345 -0.000290459 -0.000802446 -0.000321235 0.000301017 0.000421327 0.000106002 0.000380485 -0.000179156 0.000940126 0.000803954 0.000311399 0.00125546 1.17453e-05 -7.1356e-07 -0.00106174 0.000101167 -0.00195963 0.000659087
internal_weight=504221 312549 1522 1121 909 478 191672 191442 191056 188816 2659 2437 2235 1198 854 1037 2240 1228 1008 504 504 1012 484 528 186157 163392 1537 22765 1010 527
internal_count=504221 312549 1522 1121 909 478 191672 191442 191056 188816 2659 2437 2235 1198 854 1037 2240 1228 1008 504 504 1012 484 528 186157 163392 1537 22765 1010 527
is_linear=0
shrinkage=0.05


Tree=260
num_leaves=31
num_cat=0
split_feature=0 1 1 1 1 0 1 0 1 1 1 0 1 1 1 1 1 1 1 1 1 1 1 0 1 1 0 1 0 1
split_gain=0.0148443 0.0682181 0.285857 0.202124 0.158107 0.143534 0.116411 0.143683 0.17415 0.0997564 0.0779564 0.0725608 0.0687246 0.125032 0.19298 0.212779 0.106996 0.0486463 0.0400956 0.0937805 0.139255 0.0988004 0.131317 0.104915 0.0680475 0.0603182 0.0274422 0.231878 0.169895 0.100971
threshold=45.850000000000001 -42.499999999999993 -39.499999999999993 -48.499999999999993 -35.499999999999993 35.850000000000001 -61.499999999999993 35.850000000000001 -53.499999999999993 -29.499999999999996 -26.499999999999996 35.850000000000001 -21.499999999999996 -12.499999999999998 -7.4999999999999991 -1.0000000180025095e-35 4.5000000000000009 -16.499999999999996 68.500000000000014 44.500000000000007 37.500000000000007 31.500000000000004 25.500000000000004 29.850000000000005 54.500000000000007 15.500000000000002 67.15000000000002 -69.499999999999986 67.65000000000002 45.500000000000007
decision_type=2 2 2 2 2 2 2 2 2 2 2 2 2 2 2 2 2 2 2 2 2 2 2 2 2 2 2 2 2 2
left_child=1 3 -3 6 -4 -5 -1 -8 -9 11 -11 -6 -12 17 -15 -16 -17 -14 19 20 21 22 23 -18 -21 -25 29 -28 -29 -2
right_child=26 2 4 5 9 -7 7 8 -10 10 12 -13 13 14 15 16 18 -19 -20 24 -22 -23 -24 25 -26 -27 27 28 -30 -31
leaf_value=-0.00023689123927425815 -7.6646797162027138e-06 0.0019694394803662814 -0.00094178535701597451 -0.00016856988559859669 0.00022719559635509527 -0.0018177697090087114 -0.00029330478765029274 0.00035993203143530259 0.0021677651215548542 -0.00083001546734987302 0.00081637110241821831 0.0014715137014250539 -0.00023653657405133292 0.0015299658606371543 -0.0010790630257374381 0.0013177789954675568 -0.00045831138301493876 -0.0011905671240285385 -0.00048437630173002656 0.0014430737083262586 -0.0011720631829494439 0.0011239303049710599 -0.0010330219045601179 0.0012511879314471336 0.00021658611780066826 0.00015171384154188581 0.0014229610588284737 0.00045703655157239618 -7.1867504061468777e-07 -0.00024172270244122713
leaf_weight=1276 30243 213 340 258 228 270 362 395 201 215 350 241 353 254 341 216 279 215 223 235 207 247 233 274 218 229 287 2036 458346 5436
leaf_count=1276 30243 213 340 258 228 270 362 395 201 215 350 241 353 254 341 216 279 215 223 235 207 247 233 274 218 229 287 2036 458346 5436
internal_value=1.19501e-12 6.81181e-05 0.000176313 -0.000132094 9.83356e-05 -0.00101191 7.5848e-05 0.000492398 0.000969621 0.000175922 9.67032e-05 0.0008666 0.000148134 8.17658e-05 0.000212318 8.84532e-05 0.000257078 -0.000597657 0.000150266 0.000223901 2.99515e-05 0.000227112 8.8719e-06 0.000319308 0.000852843 0.000750632 -1.08048e-06 2.19141e-06 1.30571e-06 -4.33254e-05
internal_weight=504221 7873 5111 2762 4898 528 2234 958 596 4558 4089 469 3874 3524 2956 2702 2361 568 2145 1922 1469 1262 1015 782 453 503 496348 460669 460382 35679
internal_count=504221 7873 5111 2762 4898 528 2234 958 596 4558 4089 469 3874 3524 2956 2702 2361 568 2145 1922 1469 1262 1015 782 453 503 496348 460669 460382 35679
is_linear=0
shrinkage=0.05


Tree=261
num_leaves=31
num_cat=0
split_feature=1 0 0 1 1 0 1 0 0 0 1 0 1 0 0 0 1 1 0 0 0 0 0 0 0 0 1 0 1 0
split_gain=0.0149142 0.154465 0.0874265 0.26856 0.224785 0.327384 0.228822 0.197038 0.135028 0.0980686 0.0815898 0.307871 0.231994 0.186919 0.107638 0.131564 0.114291 0.0629581 0.197391 0.445677 0.0889145 0.151871 0.348139 0.165868 0.117197 0.140184 0.222615 0.0816366 0.0657232 0.092995
threshold=50.500000000000007 99.15000000000002 70.050000000000011 56.500000000000007 60.500000000000007 86.450000000000017 59.500000000000007 53.750000000000007 91.65000000000002 95.450000000000017 55.500000000000007 74.350000000000009 52.500000000000007 72.450000000000017 77.750000000000014 80.15000000000002 52.500000000000007 45.500000000000007 67.15000000000002 69.050000000000011 82.250000000000014 72.050000000000011 73.250000000000014 81.050000000000011 80.15000000000002 77.750000000000014 48.500000000000007 76.250000000000014 47.500000000000007 60.550000000000004
decision_type=2 2 2 2 2 2 2 2 2 2 2 2 2 2 2 2 2 2 2 2 2 2 2 2 2 2 2 2 2 2
left_child=17 2 3 7 5 10 -7 -2 -8 -6 11 12 -4 -12 -13 16 -16 -1 28 -20 21 -21 -23 24 25 26 27 -24 29 -19
right_child=1 -3 4 -5 9 6 8 -9 -10 -11 13 14 -14 -15 15 -17 -18 18 19 20 -22 22 23 -25 -26 -27 -28 -29 -30 -31
leaf_value=4.4981634931727194e-07 0.00066890474977529687 -0.00048690754248994947 0.0027628082390657198 3.7635537583995116e-05 -5.5368963548250237e-05 -6.7768317358971004e-05 0.0015013532881278798 -0.00096310890668753187 0.00015559011666042792 0.00047845143655130028 -0.00089575214812733753 -0.00013815289716570116 0.00082088453359610103 0.00037567165847980248 0.00040511660997501832 0.00036628671443140093 0.0017796832307815384 -0.00053115272804518828 0.0020654389841689006 -0.00072565458438374328 -0.00017231252283355898 0.0022143382873646049 0.00082717713031753293 0.00099719895028270943 -0.0010811098273699137 0.0005954434967414072 -0.0012681454052462392 -0.00041979677542777999 -0.00044924229153945239 -0.0020429614670574663
leaf_weight=442072 217 1423 257 5593 21629 8696 382 1252 364 896 314 717 383 3642 264 2187 354 207 243 431 9373 215 317 430 258 707 380 224 594 200
leaf_count=442072 217 1423 257 5593 21629 8696 382 1252 364 896 314 717 383 3642 264 2187 354 207 243 431 9373 215 317 430 258 707 380 224 594 200
internal_value=-2.19298e-13 2.63386e-05 4.18295e-05 -0.000120386 7.04078e-05 0.000204509 4.32519e-06 -0.000722029 0.000844707 -3.41346e-05 0.000437342 0.000591882 0.00160069 0.000274755 0.000408567 0.000548316 0.00119249 -2.80755e-06 -0.000108853 -5.50743e-05 -9.68485e-05 0.000141951 0.000289694 0.000111025 -9.10193e-05 6.5887e-05 -0.000340624 0.00031087 -0.000784606 -0.00127406
internal_weight=504221 48570 47147 7062 40085 17560 9442 1469 746 22525 8118 4162 640 3956 3522 2805 618 455651 13579 12578 12335 2962 2531 2316 1886 1628 921 541 1001 407
internal_count=504221 48570 47147 7062 40085 17560 9442 1469 746 22525 8118 4162 640 3956 3522 2805 618 455651 13579 12578 12335 2962 2531 2316 1886 1628 921 541 1001 407
is_linear=0
shrinkage=0.05


Tree=262
num_leaves=31
num_cat=0
split_feature=0 0 1 1 1 1 1 0 0 1 1 1 1 1 1 1 1 1 1 0 1 1 0 1 1 0 0 1 1 0
split_gain=0.0149462 0.109458 0.402606 0.459876 0.477617 0.432327 0.428994 0.400435 0.342847 0.310998 0.29338 0.269717 0.26233 0.240121 0.258398 0.22186 0.212549 0.378503 0.201619 0.239414 0.197047 0.159927 0.170906 0.1413 0.534746 0.440472 1.49378 1.35596 0.615574 0.704178
threshold=89.850000000000009 91.050000000000011 -2.4999999999999996 7.5000000000000009 15.500000000000002 3.5000000000000004 -14.499999999999998 90.250000000000014 90.250000000000014 12.500000000000002 -16.499999999999996 22.500000000000004 5.5000000000000009 25.500000000000004 24.500000000000004 23.500000000000004 1.5000000000000002 -1.0000000180025095e-35 31.500000000000004 90.850000000000009 -22.499999999999996 -5.4999999999999991 90.450000000000017 25.500000000000004 32.500000000000007 94.450000000000017 94.050000000000011 29.500000000000004 30.500000000000004 93.050000000000011
decision_type=2 2 2 2 2 2 2 2 2 2 2 2 2 2 2 2 2 2 2 2 2 2 2 2 2 2 2 2 2 2
left_child=-1 2 6 5 9 8 10 -7 -4 -5 20 -6 -9 14 15 -13 17 -10 19 -15 -2 -8 -23 -3 25 26 28 -28 -25 -30
right_child=1 23 3 4 11 7 21 12 16 -11 -12 13 -14 18 -16 -17 -18 -19 -20 -21 -22 22 -24 24 -26 -27 27 -29 29 -31
leaf_value=-9.4474363202291868e-06 -0.00013632829961122817 -2.2895665871970799e-05 -0.0014469962430799881 0.00035288111825247073 -0.00065048036669787448 -4.1687953795782576e-06 0.001362758226595916 -0.0037456671793420779 0.0013346009303705168 0.0018093889049841999 -0.0014095913477009969 0.001541907182467982 -0.0013477104235457503 -0.00086774636392969364 0.0024620087616787287 -0.00070814453534969769 0.0018300464175676518 -0.0015093851673962742 0.00014125060850000453 0.00098090261312401192 0.00093706071876223861 0.0012144363958571779 -0.00070052389807230694 -6.8487453951733337e-05 -4.8748476247387109e-05 0.00013881672904390074 0.00093998841766733681 0.0055201745775651763 0.0021543176054670647 -0.00032954812716584343
leaf_weight=228732 1030 187196 328 925 1448 221 1463 238 236 607 289 203 219 1055 209 238 213 232 5334 210 731 244 223 3022 44335 23141 384 279 789 447
leaf_count=228732 1030 187196 328 925 1448 221 1463 238 236 607 289 203 219 1055 209 238 213 232 5334 210 731 244 223 3022 44335 23141 384 279 789 447
internal_value=4.14291e-12 7.84399e-06 0.000135207 -1.0219e-05 0.000115925 -0.000775083 0.000570609 -0.00175153 -0.000118956 0.00092997 6.69275e-05 -2.74714e-05 -0.00259654 9.69756e-05 0.00101389 0.000327594 0.000520688 -7.52383e-05 6.65978e-06 -0.000560856 0.000309241 0.00110561 0.000300012 4.4997e-08 5.93624e-05 0.000230166 0.000659737 0.0028674 0.000315989 0.00125603
internal_weight=504221 275489 15896 11916 10229 1687 3980 678 1009 1532 2050 8697 457 7249 650 441 681 468 6599 1265 1761 1930 467 259593 72397 28062 4921 663 4258 1236
internal_count=504221 275489 15896 11916 10229 1687 3980 678 1009 1532 2050 8697 457 7249 650 441 681 468 6599 1265 1761 1930 467 259593 72397 28062 4921 663 4258 1236
is_linear=0
shrinkage=0.05


Tree=263
num_leaves=31
num_cat=0
split_feature=0 0 1 1 1 0 0 1 1 1 1 1 1 0 1 1 0 0 0 1 0 1 1 0 1 1 1 1 0 1
split_gain=0.0151525 0.133712 0.368215 0.137992 0.252043 0.104313 0.258061 0.270276 0.948233 0.483949 0.315204 0.230719 0.331024 1.49514 0.321276 0.447115 0.52648 0.411695 0.315869 0.554098 0.961274 0.955175 0.520179 0.492221 2.65045 1.07471 1.04722 0.421168 0.709191 1.2899
threshold=95.65000000000002 95.550000000000011 -1.0000000180025095e-35 27.500000000000004 16.500000000000004 98.550000000000011 98.65000000000002 26.500000000000004 37.500000000000007 17.500000000000004 2.5000000000000004 2.5000000000000004 3.5000000000000004 97.250000000000014 -6.4999999999999991 -8.4999999999999982 97.950000000000017 97.65000000000002 97.65000000000002 33.500000000000007 98.450000000000017 32.500000000000007 47.500000000000007 98.450000000000017 21.500000000000004 30.500000000000004 29.500000000000004 28.500000000000004 98.350000000000009 20.500000000000004
decision_type=2 2 2 2 2 2 2 2 2 2 2 2 2 2 2 2 2 2 2 2 2 2 2 2 2 2 2 2 2 2
left_child=1 -1 -3 4 -4 11 7 9 -9 10 -7 14 13 -13 15 -2 -17 -16 -14 21 22 23 -21 25 -25 26 27 28 -20 -30
right_child=5 2 3 -5 -6 6 -8 8 -10 -11 -12 12 18 -15 17 16 -18 -19 19 20 -22 -23 -24 24 -26 -27 -28 -29 29 -31
leaf_value=-4.4999652385974153e-06 0.00019184566260790621 0.00082600728708535356 -0.00057910068969758575 -0.00029130950088726695 -0.0025803778072198236 0.00010755241010144447 -2.7069383128816757e-06 -0.0036832434484003122 0.00088234046113439934 0.0017613137411378729 -0.0017743839773209991 0.0010555956549033886 -8.0397240647298417e-05 -0.0033409205535070495 0.00082786069071108059 -0.0013889580420268482 0.0013359843017575947 -6.7380176901693281e-05 0.00033006202470940645 0.0017022066030134748 -0.0018599812082395379 -0.00315568380484497 5.9136709064332746e-05 -0.0011277128162773202 0.0044659685131495565 -0.002596646213122597 0.0036794832095577213 -0.0020528576695002044 0.00018237932238666596 -0.0045044194274981115
leaf_weight=311027 7268 401 377 474 270 481 143857 257 204 241 414 410 21396 366 3870 930 219 1922 4667 1646 284 227 681 497 369 379 203 234 426 224
leaf_count=311027 7268 401 377 474 270 481 143857 257 204 241 414 410 21396 366 3870 930 219 1922 4667 1646 284 227 681 497 369 379 203 234 426 224
internal_value=-4.50227e-12 -6.78769e-06 -0.000474294 -0.000939432 -0.00141425 1.10683e-05 -9.72399e-06 -0.000641817 -0.0016629 -0.000227452 -0.000762975 7.65043e-05 2.0737e-06 -0.00101802 0.000244176 4.69507e-05 -0.000869583 0.000530787 2.74184e-05 0.000261923 0.0008862 3.63506e-05 0.00122136 0.000139879 0.00125574 -1.76846e-05 0.000152184 2.31912e-05 0.000114558 -0.00143276
internal_weight=504221 312549 1522 1121 647 191672 145454 1597 461 1136 895 46218 32009 776 14209 8417 1149 5792 31233 9837 2611 7226 2327 6999 866 6133 5754 5551 5317 650
internal_count=504221 312549 1522 1121 647 191672 145454 1597 461 1136 895 46218 32009 776 14209 8417 1149 5792 31233 9837 2611 7226 2327 6999 866 6133 5754 5551 5317 650
is_linear=0
shrinkage=0.05


Tree=264
num_leaves=31
num_cat=0
split_feature=1 0 1 0 0 1 0 1 1 1 0 0 0 0 1 1 0 1 0 0 0 0 0 0 1 0 0 0 0 0
split_gain=0.0147393 0.202938 0.254774 0.508996 0.899008 0.478591 0.383687 0.380057 0.234864 0.228322 0.175684 0.32358 0.198158 0.159727 0.304628 0.170596 0.367901 0.116217 0.115214 0.191297 0.140552 0.113077 0.111998 0.1991 0.111675 0.108898 0.104394 0.103527 0.101596 0.0993851
threshold=-36.499999999999993 78.350000000000009 -45.499999999999993 41.550000000000004 55.45000000000001 -40.499999999999993 58.350000000000001 -42.499999999999993 -46.499999999999993 -40.499999999999993 70.850000000000009 64.050000000000011 74.050000000000011 78.950000000000017 -51.499999999999993 -53.499999999999993 82.550000000000011 -39.499999999999993 87.65000000000002 90.050000000000011 83.850000000000009 65.350000000000009 87.65000000000002 84.65000000000002 -40.499999999999993 86.050000000000011 79.850000000000009 67.65000000000002 93.050000000000011 76.250000000000014
decision_type=2 2 2 2 2 2 2 2 2 2 2 2 2 2 2 2 2 2 2 2 2 2 2 2 2 2 2 2 2 2
left_child=1 2 8 5 24 -4 -6 10 29 -9 11 -8 -12 -3 15 16 -15 18 20 -20 26 -10 23 -19 -5 -22 -16 -13 -21 -1
right_child=-2 13 3 4 6 -7 7 9 21 -11 12 27 -14 14 17 -17 -18 22 19 28 25 -23 -24 -25 -26 -27 -28 -29 -30 -31
leaf_value=1.4819370796013328e-05 -1.9367515219708933e-06 -0.0014069433868145005 0.00028590414495695206 0.0016298655462874609 -0.0013212000022579499 -0.0026154664176081138 0.0018430106612769039 -0.00055983888727945119 -0.0015358585413073151 0.00040225562029959139 0.0029000047530899657 -0.00087514376188066684 0.00098017480248098932 -0.001113384089686654 -0.0014014616320829024 0.0018932857274733209 0.0013068510351773822 -7.6627272566323227e-05 0.00097502760641963765 -0.0014494640335039708 -0.0019004444511738991 -0.00020502332983345821 -0.00051650283333925617 0.0017126735941502469 0.0029162708066265892 -0.00048751833382993938 -0.00020788016934447694 0.00060988124977383361 -6.0139710193853882e-05 0.00079837838392793857
leaf_weight=12705 479604 279 315 352 341 259 330 908 355 1922 235 257 314 275 233 216 366 607 282 223 396 290 604 209 324 208 857 216 321 418
leaf_count=12705 479604 279 315 352 341 259 330 908 355 1922 235 257 314 275 233 216 366 607 282 223 396 290 604 209 324 208 857 216 321 418
internal_value=2.26057e-12 3.77331e-05 0.000110901 0.000389711 0.00054571 -0.00102325 0.000291524 0.000423026 -6.00554e-06 9.35695e-05 0.00111264 0.000641365 0.00180196 -0.000243941 -0.000176299 0.000678036 0.000268529 -0.000362128 -0.000565973 -8.1813e-05 -0.000802051 -0.000937499 -3.74426e-07 0.000381662 0.00224643 -0.00141387 -0.000463022 -0.000196993 -0.000629661 3.97777e-05
internal_weight=504221 24617 19541 5773 5199 574 4523 4182 13768 2830 1352 803 549 5076 4797 857 641 3940 2520 826 1694 645 1420 816 676 604 1090 473 544 13123
internal_count=504221 24617 19541 5773 5199 574 4523 4182 13768 2830 1352 803 549 5076 4797 857 641 3940 2520 826 1694 645 1420 816 676 604 1090 473 544 13123
is_linear=0
shrinkage=0.05


Tree=265
num_leaves=31
num_cat=0
split_feature=0 1 1 1 1 1 1 0 1 1 1 1 1 1 1 1 0 0 0 1 1 1 0 1 0 0 1 0 0 1
split_gain=0.0146587 0.0631097 0.2588 0.192685 0.128645 0.0901267 0.0702929 0.0654861 0.0621049 0.112682 0.174315 0.191828 0.0966943 0.0611395 0.079802 0.112057 0.0823921 0.0736051 0.0502542 0.0439033 0.0377313 0.132497 0.0946858 0.0780986 0.0754909 0.103648 0.0544371 0.0291317 0.0236639 0.217536
threshold=45.850000000000001 -42.499999999999993 -39.499999999999993 -45.499999999999993 -35.499999999999993 -29.499999999999996 -26.499999999999996 35.850000000000001 -21.499999999999996 -12.499999999999998 -7.4999999999999991 -1.0000000180025095e-35 4.5000000000000009 -66.499999999999986 -57.499999999999993 -61.499999999999993 35.850000000000001 35.850000000000001 41.550000000000004 -16.499999999999996 34.500000000000007 25.500000000000004 29.850000000000005 66.500000000000014 35.850000000000001 29.850000000000005 15.500000000000002 41.550000000000004 53.750000000000007 2.5000000000000004
decision_type=2 2 2 2 2 2 2 2 2 2 2 2 2 2 2 2 2 2 2 2 2 2 2 2 2 2 2 2 2 2
left_child=1 3 -3 13 -4 7 -7 -6 -8 19 -11 -12 -13 17 15 -15 -16 -1 -18 -10 21 22 -14 24 25 -22 -24 -19 29 -2
right_child=28 2 4 -5 5 6 8 -9 9 10 11 12 20 14 16 -17 18 27 -20 -21 23 -23 26 -25 -26 -27 -28 -29 -30 -31
leaf_value=-0.0010275513969333016 0.00010312999204312647 0.0018779116092433393 -0.000840659011155367 -0.0014343298854781134 0.00021660769064175457 -0.00078774288643238162 0.00077632422319480357 0.0013987096791692789 -0.00022393791453527662 0.0014542393107700535 -0.0010243382938533933 0.0012526616971525882 -0.00043462414201015211 1.4369520876142715e-05 -0.00064165813630910097 0.0013599616175704349 0.00075629586001851716 0.00030711143055567433 -0.00020317854178554816 -0.0011302670385948449 0.00086425209877386141 -0.00087101627625740341 0.0011894002665568443 -0.00038594785308228036 0.0012810376144268296 -0.00062064000838758923 0.0001448998105708168 -0.00034650963346713801 1.3202277256860494e-07 -0.00054772101375049459
leaf_weight=259 4115 213 340 255 228 215 350 241 353 254 341 216 279 333 394 289 291 323 257 215 281 346 274 259 275 202 229 361 490367 1866
leaf_count=259 4115 213 340 255 228 215 350 241 353 254 341 216 279 333 394 289 291 323 257 215 281 346 274 259 275 202 229 361 490367 1866
internal_value=3.45072e-12 6.76908e-05 0.000171756 -0.000124879 9.75605e-05 0.000167546 9.22475e-05 0.000824042 0.000141085 7.79941e-05 0.000201931 8.42087e-05 0.000244317 8.31155e-06 0.000200042 0.000639572 -9.01784e-05 -0.000309681 0.000306323 -0.000567003 0.000142777 -5.63422e-05 0.000304115 0.000363629 0.000619751 0.000243241 0.000713872 -3.78552e-05 -1.0737e-06 -9.99277e-05
internal_weight=504221 7873 5111 2762 4898 4558 4089 469 3874 3524 2956 2702 2361 2507 1564 622 942 943 548 568 2145 1128 782 1017 758 483 503 684 496348 5981
internal_count=504221 7873 5111 2762 4898 4558 4089 469 3874 3524 2956 2702 2361 2507 1564 622 942 943 548 568 2145 1128 782 1017 758 483 503 684 496348 5981
is_linear=0
shrinkage=0.05


Tree=266
num_leaves=31
num_cat=0
split_feature=1 0 0 1 1 0 1 0 0 0 1 0 0 0 0 0 0 0 0 0 1 0 0 0 1 0 0 1 0 0
split_gain=0.0148289 0.138593 0.0778655 0.24441 0.203382 0.294416 0.206603 0.176329 0.120958 0.0921856 0.0746665 0.361735 0.372428 0.168253 0.150144 0.0973653 0.0708685 0.0853806 0.224879 0.174006 0.199948 0.0914858 0.074248 0.154672 0.063399 0.060426 0.0577679 0.0560913 0.178717 0.4023
threshold=50.500000000000007 99.15000000000002 70.050000000000011 56.500000000000007 60.500000000000007 86.450000000000017 59.500000000000007 53.750000000000007 91.65000000000002 83.450000000000017 54.500000000000007 74.350000000000009 72.850000000000009 76.850000000000009 80.450000000000017 72.450000000000017 85.850000000000009 77.450000000000017 78.65000000000002 75.050000000000011 57.500000000000007 84.850000000000009 80.750000000000014 82.250000000000014 52.500000000000007 95.450000000000017 96.050000000000011 45.500000000000007 67.15000000000002 69.050000000000011
decision_type=2 2 2 2 2 2 2 2 2 2 2 2 2 2 2 2 2 2 2 2 2 2 2 2 2 2 2 2 2 2
left_child=27 2 3 7 5 10 -7 -2 -8 -6 11 12 -4 -13 24 -12 17 19 -19 -17 -21 22 -20 -24 -15 -11 -27 -1 -29 -30
right_child=1 -3 4 -5 9 6 8 -9 -10 25 15 13 -14 14 -16 16 -18 18 21 20 -22 -23 23 -25 -26 26 -28 28 29 -31
leaf_value=2.750959868020958e-07 0.00062970623410465673 -0.00045989915857296725 0.00072668452477572787 3.859684177904072e-05 -0.00013653441065766643 -6.2876683654496674e-05 0.0014256606427026201 -0.00091416585548690114 0.00015193966516692723 3.313581675974509e-05 -0.00048341945235927901 -0.00061311011342832483 0.003500654726330914 0.00069898688522655348 0.00026443079848048558 6.6337553170981012e-05 0.0011500927926549182 -0.0010188019966374208 -5.9888019733797245e-06 0.0022455114858006245 0.00034018750199013288 -0.000299530453771723 0.001365729598569171 0.00030469688649666831 0.0016159485137819897 0.0011684777550484747 0.00023280478727002421 -0.00074589076129460041 0.0019629546506292044 -9.1412388187798026e-05
leaf_weight=442072 217 1423 304 5593 10842 8696 382 1252 364 10787 375 372 201 420 1681 571 264 353 615 281 270 483 503 1083 342 218 678 1001 243 12335
leaf_count=442072 217 1423 304 5593 10842 8696 382 1252 364 10787 375 372 201 420 1681 571 264 353 615 281 270 483 503 1083 342 218 678 1001 243 12335
internal_value=-2.0123e-13 2.62631e-05 4.09365e-05 -0.000112152 6.7907e-05 0.000195464 5.62728e-06 -0.000686106 0.000804167 -3.15339e-05 0.000416263 0.000598555 0.00183078 0.000377499 0.000528341 0.000290124 0.000355708 0.000305283 0.000167585 0.000678002 0.00131187 0.000323619 0.000460366 0.000641203 0.00111054 6.59082e-05 0.000460457 -2.79951e-06 -0.000102895 -5.17232e-05
internal_weight=504221 48570 47147 7062 40085 17560 9442 1469 746 22525 8118 3320 505 2815 2443 4798 4423 4159 3037 1122 551 2684 2201 1586 762 11683 896 455651 13579 12578
internal_count=504221 48570 47147 7062 40085 17560 9442 1469 746 22525 8118 3320 505 2815 2443 4798 4423 4159 3037 1122 551 2684 2201 1586 762 11683 896 455651 13579 12578
is_linear=0
shrinkage=0.05


Tree=267
num_leaves=31
num_cat=0
split_feature=0 0 1 1 0 1 0 0 0 0 0 1 0 1 0 1 1 1 0 0 1 1 1 1 0 1 0 0 1 1
split_gain=0.0146103 0.0832945 0.369049 0.549795 0.403014 0.251818 0.730272 0.722787 0.805389 0.527138 0.290241 0.487361 0.867543 0.865941 0.722514 1.97607 0.944587 0.963836 0.585402 0.923303 4.04221 1.79921 0.508478 0.478638 0.442929 0.33342 0.287787 0.332985 0.637101 0.316689
threshold=95.250000000000014 98.550000000000011 1.0000000180025095e-35 -2.4999999999999996 98.15000000000002 5.5000000000000009 97.950000000000017 95.950000000000017 96.15000000000002 98.250000000000014 97.65000000000002 33.500000000000007 98.450000000000017 32.500000000000007 98.450000000000017 21.500000000000004 30.500000000000004 29.500000000000004 97.750000000000014 97.950000000000017 24.500000000000004 20.500000000000004 14.500000000000002 43.500000000000007 97.850000000000009 15.500000000000002 98.350000000000009 98.250000000000014 20.500000000000004 26.500000000000004
decision_type=2 2 2 2 2 2 2 2 2 2 2 2 2 2 2 2 2 2 2 2 2 2 2 2 2 2 2 2 2 2
left_child=-1 2 3 -2 -5 6 7 -4 -9 -8 -7 13 23 14 16 22 17 18 25 20 21 24 -16 -13 -20 -12 27 29 -29 -21
right_child=1 -3 5 4 -6 10 9 8 -10 -11 11 12 -14 -15 15 -17 -18 -19 19 26 -22 -23 -24 -25 -26 -27 -28 28 -30 -31
leaf_value=-6.8400943096559706e-06 0.00014770583166935782 -8.8830748126221595e-06 -0.0014404317341037761 0.0012731806999208535 -0.00064885036656691601 -6.5141622234737617e-05 -0.003183114590917125 0.0030339269204035639 4.3840429853785142e-05 -0.00053759495530164602 0.0028568871576078389 0.0017946688001509222 -0.0017666339462714823 -0.0029978230070437633 0.00093553512515784875 0.0042427465360016037 -0.0024667375202543818 0.0034955854367079405 0.00013981268310279989 -0.00010406201996765056 -0.006901415554499718 0.0038396491487491177 -0.002446214145877295 0.00034960368712023119 -0.0021560925998809662 0.00050532135089638853 -0.00071667511658758025 0.00020398806047505969 0.0033770661494837931 0.0018404959887266159
leaf_weight=306355 12445 145454 727 1916 318 24497 359 252 2118 396 243 1306 284 227 229 369 379 203 402 1641 261 241 216 1021 440 397 621 404 260 240
leaf_count=306355 12445 145454 727 1916 318 24497 359 252 2118 396 243 1306 284 227 229 369 379 203 402 1641 261 241 216 1021 440 397 621 404 260 240
internal_value=-5.4929e-12 1.05905e-05 6.46335e-05 0.000277354 0.000999588 -1.81196e-05 -0.000401198 -6.1282e-05 0.000361774 -0.00179553 2.54334e-05 0.00026188 0.000842229 3.81553e-05 0.000143436 0.00153738 -5.4518e-05 0.000116271 -1.69335e-05 -0.000217748 -0.00131577 3.03596e-05 -0.000705943 0.00116063 -0.00105995 0.00139818 0.000248372 0.000483851 0.00144646 0.000144047
internal_weight=504221 197866 52412 14679 2234 37733 3852 3097 2370 755 33881 9384 2611 6773 6546 814 5732 5353 5150 4510 1344 1083 445 2327 842 640 3166 2545 664 1881
internal_count=504221 197866 52412 14679 2234 37733 3852 3097 2370 755 33881 9384 2611 6773 6546 814 5732 5353 5150 4510 1344 1083 445 2327 842 640 3166 2545 664 1881
is_linear=0
shrinkage=0.05


Tree=268
num_leaves=31
num_cat=0
split_feature=1 0 0 0 1 0 0 0 1 1 1 1 0 0 0 0 0 0 1 1 0 0 0 0 0 0 1 1 0 0
split_gain=0.0153078 0.151443 0.158879 0.116161 0.166165 0.144723 0.107378 0.411126 0.916963 0.444673 0.397716 0.55537 0.476889 0.387599 0.427086 0.326627 0.30937 0.563478 0.471924 0.79193 0.57487 0.372702 0.25712 0.252684 0.231473 0.216074 0.435293 0.244307 0.213283 0.19892
threshold=7.5000000000000009 113.55000000000001 112.15000000000002 111.15000000000002 2.5000000000000004 110.85000000000001 106.85000000000001 106.45000000000002 4.5000000000000009 -5.4999999999999991 -5.4999999999999991 -10.499999999999998 109.25000000000001 108.05000000000001 107.65000000000002 106.65000000000002 110.25000000000001 109.85000000000001 5.5000000000000009 3.5000000000000004 108.65000000000002 110.45000000000002 109.45000000000002 109.05000000000001 107.85000000000001 108.85000000000001 -1.4999999999999998 -1.0000000180025095e-35 109.65000000000002 107.45000000000002
decision_type=2 2 2 2 2 2 2 2 2 2 2 2 2 2 2 2 2 2 2 2 2 2 2 2 2 2 2 2 2 2
left_child=1 2 3 5 -5 6 7 -1 9 15 11 28 24 14 29 -9 17 18 19 22 -20 -18 25 -21 -13 26 -15 -27 -8 -12
right_child=-2 -3 -4 4 -6 -7 10 8 -10 -11 13 12 -14 16 -16 -17 21 -19 20 23 -22 -23 -24 -25 -26 27 -28 -29 -30 -31
leaf_value=-8.9944412521794151e-06 7.2844825473947942e-06 -0.0010742490932702305 0.00088690976397349283 -0.0014449884586814625 0.00023595858223110665 0.0011437434182666681 -0.00044565077102136521 0.0015452475444871492 -0.0016911376203220198 0.0022355907276628063 -0.00076782153652444327 0.0010218380029592138 -0.00057195704863515016 -0.0016025847023200689 -0.0018905348925176016 -0.0011142937169797652 -0.0028651510736918805 0.0018825359070105876 0.00051339838600836663 0.0028909587210768626 -0.0028812013615350258 -0.0001278899702884698 0.0010676374608986224 0.00062262346428409911 0.0028151004814385067 -0.000219121908099906 0.0007700680998771718 -0.0025185155919522843 0.0010835224866423908 0.00045594703532234005
leaf_weight=195575 296750 334 494 335 262 272 1497 236 289 713 1326 354 258 318 742 226 203 397 211 288 305 321 261 214 366 206 493 263 269 443
leaf_count=195575 296750 334 494 335 262 272 1497 236 289 713 1326 354 258 318 742 226 203 397 211 288 305 321 261 214 366 206 493 263 269 443
internal_value=5.6649e-13 -1.04191e-05 -8.70376e-06 -1.08448e-05 -0.000707286 -8.82693e-06 -1.03504e-05 -2.74566e-06 0.000832026 0.00145262 -0.000181895 0.000316626 0.00127249 -0.000410227 -0.000883681 0.00024426 -6.86055e-05 0.000129882 -0.000142022 0.000199219 -0.0014931 -0.00118832 -0.000362644 0.00192398 0.00193341 -0.000654287 -0.000160269 -0.00150855 -0.000212725 -0.000461361
internal_weight=504221 207471 207137 206643 597 206046 205774 197039 1464 1175 8735 2744 978 5991 2511 462 3480 2956 2559 2043 516 524 1541 502 720 1280 811 469 1766 1769
internal_count=504221 207471 207137 206643 597 206046 205774 197039 1464 1175 8735 2744 978 5991 2511 462 3480 2956 2559 2043 516 524 1541 502 720 1280 811 469 1766 1769
is_linear=0
shrinkage=0.05


Tree=269
num_leaves=31
num_cat=0
split_feature=0 0 0 1 1 0 1 1 0 1 0 0 1 1 1 0 1 1 1 0 1 0 1 1 1 1 1 1 1 1
split_gain=0.0159554 0.0148832 0.0667985 0.236683 0.259223 0.217288 0.184038 0.219745 0.124257 0.118289 0.270212 0.14734 0.589146 0.449159 0.375904 0.331889 0.116229 1.29052 0.381414 0.29059 0.232513 0.191962 0.222793 0.154854 0.14727 0.914453 0.180946 0.152269 0.166518 0.144448
threshold=115.45000000000002 60.550000000000004 65.350000000000009 -61.499999999999993 -51.499999999999993 62.45000000000001 -44.499999999999993 -48.499999999999993 64.050000000000011 -57.499999999999993 80.750000000000014 70.850000000000009 -66.499999999999986 -66.499999999999986 -61.499999999999993 74.350000000000009 17.500000000000004 20.500000000000004 -5.4999999999999991 64.050000000000011 24.500000000000004 64.65000000000002 -19.499999999999996 8.5000000000000018 47.500000000000007 42.500000000000007 52.500000000000007 35.500000000000007 38.500000000000007 30.500000000000004
decision_type=2 2 2 2 2 2 2 2 2 2 2 2 2 2 2 2 2 2 2 2 2 2 2 2 2 2 2 2 2 2
left_child=1 -1 3 -3 5 -5 7 -6 -7 10 11 12 -4 -13 -14 -15 18 -18 21 -20 -19 22 -8 -21 25 27 -26 29 -29 -22
right_child=-2 2 9 4 6 8 16 -9 -10 -11 -12 13 14 15 -16 -17 17 20 19 23 24 -23 -24 -25 26 -27 -28 28 -30 -31
leaf_value=3.7992469377452241e-05 0.00034040566197079394 -0.0010587044767563856 0.0023632331967156457 0.0019679668876859879 0.00013934685012851006 -0.00055535086629919506 -6.8774121530105209e-05 -0.0015905452850420916 0.0010500139864530857 -6.949190981626328e-07 0.0018236992788230274 -0.0020430777207534746 -0.0019015502878081748 0.0017969090693680816 0.00096343333960104626 -0.0006132506462745369 0.0037796419748312524 -0.0013273870097227462 -0.0011987910564451923 0.00063597722835753549 -0.0003347752171402403 -0.00064666704927738346 0.00078819473982494098 -0.00086052128068217027 -0.0013477095732681429 0.0029256091593471293 -4.9589454494166568e-05 -0.0017058028864316615 3.8776316663675143e-05 0.00093049551799612238
leaf_weight=24240 344 632 302 270 312 257 2156 446 227 465127 282 259 231 258 227 320 229 341 1346 437 482 763 1170 286 319 292 1694 263 285 424
leaf_count=24240 344 632 302 270 312 257 2156 446 227 465127 282 259 231 258 227 320 229 341 1346 437 482 763 1170 286 319 292 1694 263 285 424
internal_value=-2.09403e-12 -2.32399e-07 -2.16422e-06 -0.000115623 -6.59503e-05 0.000831537 -0.000126129 -0.000878505 0.000197579 9.04486e-07 0.000396821 0.000144861 0.000648865 -0.000312778 -0.000481569 0.000462565 -7.17469e-05 0.000126784 -0.000211311 -0.000764504 -7.72418e-05 6.85996e-05 0.000232685 4.40013e-05 3.61659e-05 0.000372206 -0.000255302 -0.000140582 -0.000798494 0.00025736
internal_weight=504221 503877 479637 12631 11999 754 11245 758 484 467006 1879 1597 760 837 458 578 10487 4329 6158 2069 4100 4089 3326 723 3759 1746 2013 1454 548 906
internal_count=504221 503877 479637 12631 11999 754 11245 758 484 467006 1879 1597 760 837 458 578 10487 4329 6158 2069 4100 4089 3326 723 3759 1746 2013 1454 548 906
is_linear=0
shrinkage=0.05


Tree=270
num_leaves=31
num_cat=0
split_feature=0 1 1 1 1 0 0 1 1 1 1 0 1 0 0 1 1 1 0 0 0 0 1 0 1 0 0 1 1 1
split_gain=0.0148973 0.0945865 0.105934 0.126252 0.048298 0.233379 0.0150766 0.440314 0.245037 0.397211 0.34305 0.762657 0.291838 0.440974 0.227945 0.642375 0.54872 0.49594 0.225443 0.215291 0.722678 0.518603 0.358051 0.213344 0.445067 0.22356 0.195007 0.392852 0.220488 0.188491
threshold=113.05000000000001 1.5000000000000002 8.5000000000000018 20.500000000000004 15.500000000000002 114.35000000000001 107.25000000000001 39.500000000000007 3.5000000000000004 4.5000000000000009 -5.4999999999999991 108.05000000000001 -12.499999999999998 109.25000000000001 107.45000000000002 17.500000000000004 12.500000000000002 23.500000000000004 108.45000000000002 109.45000000000002 110.25000000000001 110.65000000000002 1.0000000180025095e-35 107.45000000000002 1.5000000000000002 107.65000000000002 108.85000000000001 -1.4999999999999998 -1.0000000180025095e-35 6.5000000000000009
decision_type=2 2 2 2 2 2 2 2 2 2 2 2 2 2 2 2 2 2 2 2 2 2 2 2 2 2 2 2 2 2
left_child=6 -2 -3 4 5 -4 -1 8 10 -10 12 23 -8 -14 15 16 -11 -17 29 26 22 -22 -21 -12 25 -25 27 -13 -28 -16
right_child=1 2 3 -5 -6 -7 7 -9 9 14 11 19 13 -15 18 17 -18 -19 -20 20 21 -23 -24 24 -26 -27 28 -29 -30 -31
leaf_value=1.4339900304860019e-06 0.0011228496595049784 -0.00083276733606555396 0.001411421724854746 -0.00050914008732988469 0.0011610895840292973 -0.0009183229383353781 -0.00034582010815652572 -0.0022507958899298059 0.0013406792064615065 -0.00052456567439460944 -0.0030367860518603685 -0.0015224207286377374 0.0015259520791829815 -0.00044320039451122288 -0.000736282419800107 0.0023239974747911543 -0.0036490848825691136 -0.00072479208764166404 -5.0945899560921637e-05 0.0006344667649758396 -0.0025934087497920828 0.00015213849569173686 0.0033880710760705278 0.00066451781663284489 -0.0033573311080436897 -0.0014132653532633141 -0.00020813081160332396 0.00073159948958586489 -0.0023925551103548409 0.00044178915549398064
leaf_weight=479159 217 299 226 374 265 205 1335 223 602 341 251 318 706 476 366 233 239 312 10292 268 232 665 211 211 202 335 206 493 263 4696
leaf_count=479159 217 299 226 374 265 205 1335 223 602 341 251 318 706 476 366 233 239 312 10292 268 232 665 211 211 202 335 206 493 263 4696
internal_value=-5.39956e-13 0.000152999 -7.31906e-07 0.000231771 0.000629905 0.000303307 -4.82769e-07 -3.9605e-05 -1.83993e-05 7.91677e-05 -0.000288416 -0.000597754 0.000160782 0.00073296 3.3083e-05 -0.000653913 -0.00181208 0.000578635 8.34198e-05 -0.000154799 0.000279376 -0.00055797 0.00184743 -0.00177542 -0.00135215 -0.000610313 -0.000621538 -0.000152221 -0.00143309 0.000356611
internal_weight=504221 1586 1369 1070 696 431 502635 23476 23253 17081 6172 3655 2517 1182 16479 1125 580 545 15354 2656 1376 897 479 999 748 546 1280 811 469 5062
internal_count=504221 1586 1369 1070 696 431 502635 23476 23253 17081 6172 3655 2517 1182 16479 1125 580 545 15354 2656 1376 897 479 999 748 546 1280 811 469 5062
is_linear=0
shrinkage=0.05


Tree=271
num_leaves=31
num_cat=0
split_feature=0 1 0 0 1 1 1 1 1 0 0 0 1 0 0 0 1 1 0 0 0 0 0 0 0 1 1 1 1 0
split_gain=0.0155165 0.01521 0.193766 0.213467 0.343778 0.324248 0.780211 0.475737 0.325119 0.294322 0.334998 0.187623 0.295972 0.239415 0.221766 0.262876 0.211655 0.326667 0.374943 0.285076 0.28299 0.282328 0.23997 0.240606 0.202043 0.436756 0.194848 0.191021 0.186107 0.207265
threshold=115.45000000000002 16.500000000000004 74.65000000000002 68.65000000000002 17.500000000000004 28.500000000000004 35.500000000000007 55.500000000000007 30.500000000000004 71.250000000000014 72.850000000000009 77.750000000000014 -30.499999999999996 49.250000000000007 76.550000000000011 77.15000000000002 12.500000000000002 3.5000000000000004 64.050000000000011 77.450000000000017 61.550000000000004 65.950000000000017 72.050000000000011 75.65000000000002 78.050000000000011 1.5000000000000002 13.500000000000002 2.5000000000000004 -28.499999999999996 97.850000000000009
decision_type=2 2 2 2 2 2 2 2 2 2 2 2 2 2 2 2 2 2 2 2 2 2 2 2 2 2 2 2 2 2
left_child=1 11 3 4 -3 -5 8 -8 -7 -10 -11 12 14 -14 -1 -16 17 27 20 21 -19 -20 26 -24 25 -13 -18 -15 -26 -30
right_child=-2 2 -4 5 -6 6 7 -9 9 10 -12 24 13 16 15 -17 22 18 19 -21 -22 -23 23 -25 28 -27 -28 -29 29 -31
leaf_value=0.00010720264416170473 0.00033569037212061609 -0.0016033312667216829 -2.7671832832058027e-05 0.00064419284650606243 1.5546353311196285e-05 0.00020732909301900634 0.00069613555572211108 -4.8607359072225509e-05 -0.00022706909550972463 -0.0027757686172873515 -0.0008732764348110746 -4.4681000137569929e-06 0.00028780814148900841 -0.00020023938395042379 -0.0015784325658862088 0.00018263275589210443 0.00075850345058256095 -0.00014785721765820092 0.0015174008285005888 0.0019291439856968674 -0.0017818977892244418 0.00013897843583151278 -0.0015283416616527932 -0.00028644009328899876 -0.00016519831203689331 0.0020141137124579634 -0.00045795895440398527 -0.00096459661390574944 8.6461561513262561e-05 -1.6577084212582746e-05
leaf_weight=22315 344 335 199091 3790 15554 616 4215 4365 539 406 538 792 2961 26902 433 415 438 845 396 255 386 5998 920 677 11871 405 1325 843 105235 91016
leaf_count=22315 344 335 199091 3790 15554 616 4215 4365 539 406 538 792 2961 26902 433 415 438 845 396 255 386 5998 920 677 11871 405 1325 843 105235 91016
internal_value=-1.34275e-12 -2.29179e-07 -9.72961e-06 0.000107937 -1.85857e-05 0.000246878 0.000105869 0.000317254 -0.000758199 -0.00115925 -0.00169151 7.71412e-06 -6.64138e-05 -0.000145632 7.70435e-05 -0.00071659 -0.000178553 -0.000142774 0.000141328 0.00028973 -0.000660237 0.000224348 -0.000557906 -0.00100187 3.07717e-05 0.000678511 -0.000155741 -0.000223464 2.70463e-05 3.8675e-05
internal_weight=504221 503877 229449 30358 15889 14469 10679 8580 2099 1483 944 274428 65109 41946 23163 848 38985 35625 7880 6649 1231 6394 3360 1597 209319 1197 1763 27745 208122 196251
internal_count=504221 503877 229449 30358 15889 14469 10679 8580 2099 1483 944 274428 65109 41946 23163 848 38985 35625 7880 6649 1231 6394 3360 1597 209319 1197 1763 27745 208122 196251
is_linear=0
shrinkage=0.05


Tree=272
num_leaves=31
num_cat=0
split_feature=0 1 1 0 0 0 0 0 0 0 0 0 0 0 0 0 1 0 0 1 1 0 1 0 0 0 0 0 0 1
split_gain=0.0150872 0.0751049 0.866024 1.54129 2.1389 2.09917 0.995862 0.476653 0.412301 0.303393 0.287952 0.284279 0.422953 0.260657 0.505195 1.16855 0.762265 0.751431 0.576847 0.46879 0.527673 0.413526 0.312882 1.14448 1.74314 1.16748 0.672472 1.85785 1.73977 0.704311
threshold=95.250000000000014 27.500000000000004 28.500000000000004 98.250000000000014 99.450000000000017 100.65000000000002 102.55000000000001 97.450000000000017 96.350000000000009 104.35000000000001 101.75000000000001 106.05000000000001 107.85000000000001 97.350000000000009 99.050000000000011 98.850000000000009 42.500000000000007 98.750000000000014 99.250000000000014 38.500000000000007 32.500000000000007 97.250000000000014 29.500000000000004 102.95000000000002 100.05000000000001 103.75000000000001 99.950000000000017 99.850000000000009 100.05000000000001 37.500000000000007
decision_type=2 2 2 2 2 2 2 2 2 2 2 2 2 2 2 2 2 2 2 2 2 2 2 2 2 2 2 2 2 2
left_child=-1 -2 3 7 -5 -6 10 8 -3 -8 -7 -11 -13 21 15 17 -17 -15 19 20 -16 -4 23 24 -20 -25 27 29 -28 -24
right_child=1 2 13 4 5 6 9 -9 -10 11 -12 12 -14 14 18 16 -18 -19 22 -21 -22 -23 26 25 -26 -27 28 -29 -30 -31
leaf_value=-6.9508319245988427e-06 -5.1279471334215846e-06 0.0033739020010190354 -0.00014702906763084398 -0.0034262170321430981 0.004865389588385078 -0.00063144017854151701 0.0020758149829872151 0.0048114876331830474 0.0006223770132604635 -0.00072601977721774009 -0.0030292417330469953 0.0024810241113452547 -0.00018059347345945919 0.00035089684190511594 -0.00058037933017232742 0.0031657075000650903 -0.00018823871110027602 -0.0019790649207172229 -0.0021561880484579853 8.2466114485540845e-05 -0.0040537948975583171 -0.0016708657946477399 -0.00072807010872481034 -0.0038506589669502524 0.0030156559343619909 0.00027815527384534016 -0.0037750114297789594 0.0041960789446848033 -9.6646349937673168e-05 0.0011004641592384046
leaf_weight=306355 156283 280 9143 341 281 296 411 216 265 333 217 287 311 5800 203 594 237 368 209 312 237 468 1070 209 739 947 328 332 16112 1037
leaf_count=306355 156283 280 9143 341 281 296 411 216 265 333 217 287 311 5800 203 594 237 368 209 312 237 468 1070 209 739 947 328 332 16112 1037
internal_value=-1.48715e-12 1.07619e-05 7.04815e-05 0.000855705 0.000251057 0.000838112 0.00022805 0.00282379 0.002036 0.000944325 -0.00164571 0.000444817 0.0010968 4.17424e-06 7.95682e-05 0.000449025 0.00220917 0.000211885 -3.94024e-05 -0.00140005 -0.00245129 -0.000221231 9.36122e-06 0.000587715 0.00187545 -0.000468317 -5.50943e-05 0.000719657 -0.000170035 0.000171878
internal_weight=504221 197866 41583 3238 2477 2136 1855 761 545 1342 513 931 598 38345 28734 6999 831 6168 21735 752 440 9611 20983 2104 948 1156 18879 2439 16440 2107
internal_count=504221 197866 41583 3238 2477 2136 1855 761 545 1342 513 931 598 38345 28734 6999 831 6168 21735 752 440 9611 20983 2104 948 1156 18879 2439 16440 2107
is_linear=0
shrinkage=0.05


Tree=273
num_leaves=31
num_cat=0
split_feature=1 0 0 1 1 1 1 1 1 0 0 0 0 1 0 1 0 1 0 1 0 0 1 0 0 1 1 1 0 0
split_gain=0.0147631 0.0427891 0.0229986 0.115894 0.273812 0.168586 0.316654 0.0319275 0.0277837 0.203399 0.502756 0.351796 0.100249 0.0786597 0.055052 0.039597 0.108663 0.0324786 0.300738 0.435415 0.114475 0.242851 0.211194 0.123894 0.111642 0.11062 0.129343 0.0897401 0.0849012 0.0809553
threshold=-77.499999999999986 56.95000000000001 29.850000000000005 24.500000000000004 -3.4999999999999996 -23.499999999999996 -41.499999999999993 45.500000000000007 -66.499999999999986 70.850000000000009 64.65000000000002 60.550000000000004 49.250000000000007 -69.499999999999986 53.750000000000007 -73.499999999999986 41.550000000000004 -55.499999999999993 72.450000000000017 -61.499999999999993 56.95000000000001 62.45000000000001 -59.499999999999993 45.850000000000001 59.550000000000004 -59.499999999999993 -57.499999999999993 -61.499999999999993 76.250000000000014 81.65000000000002
decision_type=2 2 2 2 2 2 2 2 2 2 2 2 2 2 2 2 2 2 2 2 2 2 2 2 2 2 2 2 2 2
left_child=1 -1 3 4 5 6 -2 -5 9 10 11 12 15 14 -14 -4 -17 18 20 -20 23 22 24 -10 -22 -23 -27 -25 -21 -30
right_child=2 -3 8 7 -6 -7 -8 -9 17 -11 -12 -13 13 -15 -16 16 -18 -19 19 28 21 25 -24 27 -26 26 -28 -29 29 -31
leaf_value=3.2908906704064983e-05 0.00094978881079232555 -0.00069536854185768082 -0.00061110561428061371 0.0012236359189878138 -0.0011475362833224092 0.0012518035361121374 -0.001238347761451252 0.00040674692987163676 -3.7518704678127159e-05 -0.0011439130845787801 0.0024005441693589094 -0.0016908541937747342 0.0008501220174466622 0.0012416046651239593 -3.9565137208059982e-05 -0.00065850298702716838 0.00073562497831293461 1.1680969582246862e-07 0.0022051743516201378 0.00070202043945235876 0.0021093040574586028 -0.00091784814263091367 -0.00034059517939024296 -0.0013177600443020634 0.00054284997811887114 0.00085985543973305647 -0.00068262998027490175 -0.00048468825941248454 -0.0012035275642998553 0.00020524083974942642
leaf_weight=633 348 296 274 258 408 362 315 223 668 269 256 254 291 339 432 250 317 493783 311 224 229 680 323 609 226 255 291 689 207 201
leaf_count=633 348 296 274 258 408 362 315 223 668 269 256 254 291 339 432 250 317 493783 311 224 229 680 323 609 226 255 291 689 207 201
internal_value=1.11115e-13 -0.000199136 3.67575e-07 0.000173358 -5.20551e-05 0.000384 -8.98236e-05 0.000844912 -2.92813e-07 0.000160206 0.000305588 5.69517e-05 0.000290237 0.00061318 0.000318525 -0.000117569 0.00012093 -1.15598e-06 -0.000129078 0.000673579 -0.000319734 -5.38006e-05 0.00063715 -0.000590808 0.00133124 -0.000492267 3.77616e-05 -0.000875552 -8.01016e-05 -0.000509502
internal_weight=504221 929 503292 1914 1433 1025 663 481 501378 2682 2413 2157 1903 1062 723 841 567 498696 4913 943 3970 2004 778 1966 455 1226 546 1298 632 408
internal_count=504221 929 503292 1914 1433 1025 663 481 501378 2682 2413 2157 1903 1062 723 841 567 498696 4913 943 3970 2004 778 1966 455 1226 546 1298 632 408
is_linear=0
shrinkage=0.05


Tree=274
num_leaves=31
num_cat=0
split_feature=1 0 1 0 0 0 1 0 0 1 0 0 0 1 0 0 0 0 0 0 1 0 1 0 0 1 0 1 1 0
split_gain=0.0149766 0.182529 0.462136 0.462233 0.260534 0.585948 0.298723 0.229461 0.216588 0.343036 0.554029 0.979326 0.72386 0.4388 0.640379 1.07563 0.50669 0.80025 1.52762 1.35812 1.03719 0.80197 0.693813 0.521024 1.32627 0.771586 0.483522 0.481185 0.47748 0.4665
threshold=16.500000000000004 83.850000000000009 19.500000000000004 60.550000000000004 65.950000000000017 71.250000000000014 18.500000000000004 73.250000000000014 89.65000000000002 22.500000000000004 94.65000000000002 94.450000000000017 95.250000000000014 17.500000000000004 98.350000000000009 100.75000000000001 96.15000000000002 101.85000000000001 102.95000000000002 99.850000000000009 18.500000000000004 96.350000000000009 19.500000000000004 101.15000000000002 101.45000000000002 20.500000000000004 102.55000000000001 20.500000000000004 21.500000000000004 99.350000000000009
decision_type=2 2 2 2 2 2 2 2 2 2 2 2 2 2 2 2 2 2 2 2 2 2 2 2 2 2 2 2 2 2
left_child=-1 2 3 -2 -5 -6 7 -7 -3 10 11 -10 -12 14 -14 29 27 19 22 20 -18 -22 -19 25 -25 -21 28 -15 -24 -16
right_child=1 8 -4 4 5 6 -8 -9 9 -11 12 -13 13 16 15 -17 17 18 -20 23 21 -23 26 24 -26 -27 -28 -29 -30 -31
leaf_value=7.8779711393501797e-06 -0.0011113790858429966 -0.00014729114233233873 2.4599865401045976e-05 0.0020937391031437959 -0.00090090641204048608 0.0026992403053575091 0.00016537924701279867 0.0010122227598732525 -0.00044686290491022717 3.947385179022751e-05 0.0014275658238544298 -0.003453710219054891 -0.0018119045839165198 0.0018792652442626867 -1.8284020897669672e-05 -0.00072035920059297252 -0.001421834547529862 0.00030173444117938118 -3.5825440731878392e-05 -0.00093956963308485745 -0.0026574599987535339 0.00058135020930438709 0.0041859463902040464 0.0015803508893871795 -0.0018589535324286871 -0.0029317012968215535 0.001041383033021738 -0.00032984632855790962 0.001292022530270635 0.0025380308608071124
leaf_weight=274662 383 35615 63873 312 561 225 1067 1935 5434 94823 801 285 825 667 312 2701 937 641 9020 1241 201 3892 435 490 655 799 409 391 212 417
leaf_count=274662 383 35615 63873 312 561 225 1067 1935 5434 94823 801 285 825 667 312 2701 937 641 9020 1241 201 3892 435 490 655 799 409 391 212 417
internal_value=-2.17312e-13 -9.42581e-06 5.90422e-05 0.00054977 0.000704946 0.000590557 0.000849842 0.00118795 -3.84588e-05 -7.59541e-06 -0.000152671 -0.000596706 -5.12801e-05 -0.000100138 -0.000561189 -0.00026036 -2.00019e-06 -6.15088e-05 0.000223102 -0.000432802 7.87687e-05 0.000422298 0.00159937 -0.00124072 -0.000387111 -0.00171982 0.00238705 0.00106285 0.00323771 0.00144397
internal_weight=504221 229559 68356 4483 4100 3788 3227 2160 161203 125588 30765 5719 25046 24245 4255 3430 19990 18932 10717 8215 5030 4093 1697 3185 1145 2040 1056 1058 647 729
internal_count=504221 229559 68356 4483 4100 3788 3227 2160 161203 125588 30765 5719 25046 24245 4255 3430 19990 18932 10717 8215 5030 4093 1697 3185 1145 2040 1056 1058 647 729
is_linear=0
shrinkage=0.05


Tree=275
num_leaves=31
num_cat=0
split_feature=1 0 0 1 1 0 1 0 0 0 1 0 0 0 0 1 0 1 0 1 0 0 0 0 1 0 0 0 0 1
split_gain=0.0150232 0.129925 0.0735157 0.220052 0.180963 0.260971 0.186145 0.157559 0.110133 0.0870716 0.0651205 0.308635 0.336116 0.154128 0.154057 0.16592 0.0893626 0.0654536 0.0806715 0.0732268 0.0651291 0.0755507 0.20388 0.158184 0.180453 0.0809872 0.0675118 0.138659 0.0539212 0.0533958
threshold=50.500000000000007 99.15000000000002 70.050000000000011 56.500000000000007 60.500000000000007 86.450000000000017 59.500000000000007 53.750000000000007 91.65000000000002 83.450000000000017 54.500000000000007 74.350000000000009 72.850000000000009 77.15000000000002 80.15000000000002 52.500000000000007 72.450000000000017 51.500000000000007 83.65000000000002 52.500000000000007 85.850000000000009 77.450000000000017 78.65000000000002 75.050000000000011 57.500000000000007 84.850000000000009 80.750000000000014 82.250000000000014 95.450000000000017 53.500000000000007
decision_type=2 2 2 2 2 2 2 2 2 2 2 2 2 2 2 2 2 2 2 2 2 2 2 2 2 2 2 2 2 2
left_child=-1 2 3 7 5 10 -7 -2 -8 -6 11 12 -4 -13 15 -15 -12 -16 -19 -20 21 23 -23 -18 -25 26 -24 -28 -11 -3
right_child=1 29 4 -5 9 6 8 -9 -10 28 16 13 -14 14 17 -17 20 18 19 -21 -22 22 25 24 -26 -27 27 -29 -30 -31
leaf_value=-2.8177952139410306e-06 0.00059109510073850307 2.5064723785309233e-05 0.00065459604375064375 3.4930605520497742e-05 -0.00012899862502902931 -5.6583548327539512e-05 0.0013594481050578089 -0.00086829247291682647 0.00014405605385775915 3.6790382572333796e-05 -0.00046382281867166368 -0.00051992008003507752 0.0032898675854229811 0.00044484911486506465 0.00077042320056762512 0.0020652627395787116 5.9153681666624535e-05 -0.00032231963400598107 -0.00026906254701316359 0.00085073024139649454 0.0011016188081791342 -0.00096742577307327288 -5.2532231117167123e-06 0.0021336720570312067 0.00032361424010660914 -0.00027552328205534388 0.0012978792644178063 0.00029327091193368394 0.00044045696161317341 -0.00064415092112726064
leaf_weight=455651 217 425 304 5593 10842 8696 382 1252 364 10787 375 422 201 347 483 290 571 619 220 434 264 353 615 281 270 483 503 1083 896 998
leaf_count=455651 217 425 304 5593 10842 8696 382 1252 364 10787 375 422 201 347 483 290 571 619 220 434 264 353 615 281 270 483 503 1083 896 998
internal_value=-1.44346e-12 2.64346e-05 4.06418e-05 -0.000108109 6.68482e-05 0.00018717 8.44048e-06 -0.000652712 0.000766415 -2.69521e-05 0.000395049 0.000565291 0.00170349 0.000361103 0.000516469 0.00118256 0.00027725 0.000274842 8.68086e-05 0.000474042 0.000340081 0.000291741 0.000162211 0.000642348 0.00124671 0.000310781 0.000439443 0.000611883 6.77486e-05 -0.00044428
internal_weight=504221 48570 47147 7062 40085 17560 9442 1469 746 22525 8118 3320 505 2815 2393 637 4798 1756 1273 654 4423 4159 3037 1122 551 2684 2201 1586 11683 1423
internal_count=504221 48570 47147 7062 40085 17560 9442 1469 746 22525 8118 3320 505 2815 2393 637 4798 1756 1273 654 4423 4159 3037 1122 551 2684 2201 1586 11683 1423
is_linear=0
shrinkage=0.05


Tree=276
num_leaves=31
num_cat=0
split_feature=1 0 0 1 1 0 1 1 0 1 1 0 0 0 0 1 1 1 0 0 0 1 0 1 0 0 1 1 0 0
split_gain=0.0148795 0.213012 0.475621 1.02705 1.10336 1.20294 3.41459 0.735415 0.34803 1.22099 1.45633 1.29522 0.326785 1.16948 0.506935 0.493549 0.373326 0.695151 2.21328 2.54871 2.89956 1.03735 0.733384 0.926285 1.92796 0.839413 0.916345 0.746543 1.15283 0.864873
threshold=20.500000000000004 97.65000000000002 97.950000000000017 34.500000000000007 24.500000000000004 97.750000000000014 29.500000000000004 45.500000000000007 98.15000000000002 36.500000000000007 28.500000000000004 98.050000000000011 105.85000000000001 106.05000000000001 105.55000000000001 21.500000000000004 35.500000000000007 37.500000000000007 101.05000000000001 101.65000000000002 102.45000000000002 36.500000000000007 100.25000000000001 40.500000000000007 99.250000000000014 101.35000000000001 39.500000000000007 39.500000000000007 102.35000000000001 103.95000000000002
decision_type=2 2 2 2 2 2 2 2 2 2 2 2 2 2 2 2 2 2 2 2 2 2 2 2 2 2 2 2 2 2
left_child=-1 -2 3 4 -3 -6 -7 -5 9 10 11 -4 14 -14 16 -15 -10 18 -18 -20 -21 -22 23 24 -19 26 -24 28 -27 -30
right_child=1 2 8 7 5 6 -8 -9 12 -11 -12 -13 13 15 -16 -17 17 22 19 20 21 -23 25 -25 -26 27 -28 -29 29 -31
leaf_value=6.9557547475440948e-06 -4.1196161047677313e-05 0.0022331016706555996 0.0025714308672673478 0.0033507416491837688 0.0015166201353986602 -0.0066074818772374443 0.0017198241831407016 0.00035276022829572882 0.0002049952744266803 0.0014201419697713739 -0.0041309955380277935 -0.0026857397404679083 -0.00234401305569178 -0.001150788382047266 0.0013103309051725124 6.5757624070177101e-05 -0.0026639167029220423 -0.00011261146937473722 0.0056462714274234964 -0.0055446829850023449 -0.00087442021539206052 0.0030402088610093987 -0.0040812531189000105 0.00011971291264927696 0.0044193923421012157 0.0043900994704915335 -0.00077884244602477264 -0.00034957495475426877 -0.0014790185393742574 0.0025302444787129114
leaf_weight=304515 147830 331 241 509 261 261 233 342 27070 426 386 228 590 922 896 8706 999 521 203 220 342 335 257 2791 427 231 1150 2444 324 230
leaf_count=304515 147830 331 241 509 261 261 233 342 27070 426 386 228 590 922 896 8706 999 521 203 220 342 335 257 2791 427 231 1150 2444 324 230
internal_value=-3.45589e-13 -1.06063e-05 7.65652e-05 0.000845293 -0.000173885 -0.00122913 -0.00267983 0.00214591 4.67483e-05 -0.000766758 -0.00185637 1.57061e-05 6.81652e-05 -0.000183158 0.000134971 -5.07417e-05 0.000106921 -0.000146552 -0.000960206 0.000587074 -0.000557873 0.00106266 5.73712e-05 0.000578371 0.0019287 -0.000362822 -0.00138205 8.12964e-05 0.00142276 0.000185477
internal_weight=504221 199706 51876 1937 1086 755 494 851 49939 1281 855 469 48658 10218 38440 9628 37544 10474 2099 1100 897 677 8375 3739 948 4636 1407 3229 785 554
internal_count=504221 199706 51876 1937 1086 755 494 851 49939 1281 855 469 48658 10218 38440 9628 37544 10474 2099 1100 897 677 8375 3739 948 4636 1407 3229 785 554
is_linear=0
shrinkage=0.05


Tree=277
num_leaves=31
num_cat=0
split_feature=1 0 0 1 1 0 1 0 0 0 1 0 0 0 0 0 0 0 0 0 1 0 1 1 1 0 0 1 0 1
split_gain=0.0158729 0.111417 0.0670361 0.198597 0.158429 0.237703 0.159829 0.142197 0.10648 0.100301 0.0587712 0.278543 0.303345 0.142174 0.226318 0.0806498 0.058779 0.0681845 0.184002 0.142761 0.162859 0.0730909 0.0664042 0.255645 0.0631732 0.0562206 0.0536528 0.0530761 0.0529098 0.0522801
threshold=50.500000000000007 98.65000000000002 70.050000000000011 56.500000000000007 60.500000000000007 86.450000000000017 59.500000000000007 53.750000000000007 91.65000000000002 95.450000000000017 54.500000000000007 74.350000000000009 72.850000000000009 77.750000000000014 79.550000000000011 72.450000000000017 85.850000000000009 77.450000000000017 78.65000000000002 75.050000000000011 57.500000000000007 84.850000000000009 57.500000000000007 58.500000000000007 59.500000000000007 81.350000000000009 83.450000000000017 51.500000000000007 85.450000000000017 52.500000000000007
decision_type=2 2 2 2 2 2 2 2 2 2 2 2 2 2 2 2 2 2 2 2 2 2 2 2 2 2 2 2 2 2
left_child=-1 2 3 7 5 10 -7 -2 -8 26 11 12 -4 -13 -15 -12 17 19 -19 -17 -21 22 25 -24 -25 -20 -6 -16 -29 -9
right_child=1 -3 4 -5 9 6 8 29 -10 -11 15 13 -14 14 27 16 -18 18 21 20 -22 -23 23 24 -26 -27 -28 28 -30 -31
leaf_value=-2.8963754360278599e-06 0.00056360022058658961 -0.00037754871351456873 0.00062392607551852342 3.5243883889451791e-05 -0.00012048888598696985 -5.3572388116714211e-05 0.0012935355020423679 -0.0013113385178833183 8.4485901632057184e-05 0.00051880566985908769 -0.00043857188560068611 -0.00036242731092941196 0.0031274341695492545 0.0016649197991732716 0.00073286628135694912 5.825581330799493e-05 0.0010485976890336271 -0.00091699466726639792 -0.00035565911251211673 0.0020290482363388529 0.00030949333958603717 -0.00025968730187440756 0.0017933179000888218 -0.00026732352243140719 0.00062976360244824156 0.00040519751957959093 3.7010673958387897e-05 2.9965590962155941e-06 0.00085123951278933113 -0.00060912540503782909
leaf_weight=455651 217 1643 304 5593 10842 8560 382 381 348 828 375 567 201 364 520 571 264 353 377 281 270 483 357 394 391 682 10787 1145 219 871
leaf_count=455651 217 1643 304 5593 10842 8560 382 381 348 828 375 567 201 364 520 571 264 353 377 281 270 483 357 394 391 682 10787 1145 219 871
internal_value=2.333e-13 2.71718e-05 4.13419e-05 -0.000100644 6.64943e-05 0.000179707 6.99161e-06 -0.000618017 0.000717167 -2.12644e-05 0.000377357 0.000539086 0.00162037 0.000345107 0.000523565 0.000265447 0.000325137 0.000279214 0.000156161 0.00061229 0.00118644 0.000297302 0.000419531 0.000683999 0.000179506 0.000134335 -4.19394e-05 0.000303048 0.000139188 -0.000822818
internal_weight=504221 48570 46927 7062 39865 17408 9290 1469 730 22457 8118 3320 505 2815 2248 4798 4423 4159 3037 1122 551 2684 2201 1142 785 1059 21629 1884 1364 1252
internal_count=504221 48570 46927 7062 39865 17408 9290 1469 730 22457 8118 3320 505 2815 2248 4798 4423 4159 3037 1122 551 2684 2201 1142 785 1059 21629 1884 1364 1252
is_linear=0
shrinkage=0.05


Tree=278
num_leaves=31
num_cat=0
split_feature=1 0 0 1 1 0 1 0 0 0 1 0 1 0 0 0 1 1 0 0 0 0 1 0 0 0 0 0 1 1
split_gain=0.0143252 0.10112 0.0615888 0.179234 0.1586 0.198442 0.153379 0.128333 0.0841987 0.0717246 0.053645 0.196587 0.183582 0.137521 0.0862315 0.0947497 0.164102 0.0493092 0.165501 0.360039 0.077752 0.21963 0.0705528 0.0947676 0.0654967 0.114698 0.104548 0.147991 0.0571261 0.0759769
threshold=50.500000000000007 98.15000000000002 70.050000000000011 56.500000000000007 60.500000000000007 86.450000000000017 59.500000000000007 53.750000000000007 91.65000000000002 95.450000000000017 55.500000000000007 74.350000000000009 52.500000000000007 72.450000000000017 77.750000000000014 79.850000000000009 52.500000000000007 45.500000000000007 67.15000000000002 69.050000000000011 71.250000000000014 73.250000000000014 47.500000000000007 60.550000000000004 75.350000000000009 82.250000000000014 81.050000000000011 80.15000000000002 46.500000000000007 49.500000000000007
decision_type=2 2 2 2 2 2 2 2 2 2 2 2 2 2 2 2 2 2 2 2 2 2 2 2 2 2 2 2 2 2
left_child=17 2 3 7 5 10 -7 -2 -8 -6 11 12 -4 -12 -13 16 -16 -1 22 -20 -21 -22 23 -19 -23 26 27 28 -26 -30
right_child=1 -3 4 -5 9 6 8 -9 -10 -11 13 14 -14 -15 15 -17 -18 18 19 20 21 24 -24 -25 25 -27 -28 -29 29 -31
leaf_value=1.311802091375e-07 0.00053542012273396198 -0.00033067232184201165 0.0023237009819031692 3.3481690242487936e-05 -3.984238985349181e-05 -4.1319150188727762e-05 0.0012288587111784683 -0.0007816771621034428 0.0001339978717554074 0.00045372342502605418 -0.0007773435271232372 -0.00015203061284993567 0.00059623803953122228 0.00031321397979980575 4.6574515146962351e-05 0.00032197330155219026 0.0018233143583577323 -0.00047252929369032679 0.0018585656988032073 -0.0008719683776980911 0.001187826421330957 -0.00077898780023948316 -0.00036789761559868407 -0.0019986786134541033 -0.00037298756905247964 -0.00015354053405907721 0.00095547889749151335 -0.001018914521505782 0.00071748062997819889 -0.000260962729366517
leaf_weight=442072 217 1911 257 5593 21629 8381 382 1252 325 762 314 717 383 3642 227 2274 304 207 243 306 340 346 594 200 257 9373 430 258 756 269
leaf_count=442072 217 1911 257 5593 21629 8381 382 1252 325 762 314 717 383 3642 227 2274 304 207 243 306 340 346 594 200 257 9373 430 258 756 269
internal_value=-8.44721e-13 2.58132e-05 4.04137e-05 -9.56118e-05 6.46735e-05 0.000178826 1.83404e-05 -0.000587116 0.000725563 -2.30456e-05 0.000358489 0.000483799 0.00128992 0.000226653 0.000337314 0.000462398 0.00106377 -2.75156e-06 -9.66007e-05 -4.73573e-05 -8.49041e-05 -6.48823e-05 -0.000715365 -0.00122248 -0.00010132 -8.06489e-05 0.00026616 7.36874e-05 0.000293571 0.000460699
internal_weight=504221 48570 46659 7062 39597 17206 9088 1469 707 22391 8118 4162 640 3956 3522 2805 531 455651 13579 12578 12335 12029 1001 407 11689 11343 1970 1540 1282 1025
internal_count=504221 48570 46659 7062 39597 17206 9088 1469 707 22391 8118 4162 640 3956 3522 2805 531 455651 13579 12578 12335 12029 1001 407 11689 11343 1970 1540 1282 1025
is_linear=0
shrinkage=0.05


Tree=279
num_leaves=31
num_cat=0
split_feature=1 0 0 0 1 0 1 0 1 0 0 0 1 0 1 0 0 1 0 0 0 0 0 0 0 0 0 1 0 1
split_gain=0.0142486 0.140049 0.141526 0.106241 0.147902 0.129924 0.102529 0.363813 0.448329 0.340606 0.31478 0.820085 0.506484 0.299063 0.217862 0.956255 0.60066 0.322773 0.427956 0.446072 0.298467 0.324659 0.265059 0.243964 0.203728 0.198726 0.183837 0.180111 0.179364 0.178138
threshold=7.5000000000000009 113.55000000000001 112.15000000000002 111.15000000000002 2.5000000000000004 110.85000000000001 16.500000000000004 83.250000000000014 9.5000000000000018 98.850000000000009 73.65000000000002 68.65000000000002 8.5000000000000018 77.450000000000017 13.500000000000002 78.050000000000011 80.15000000000002 10.500000000000002 79.850000000000009 78.950000000000017 80.750000000000014 81.65000000000002 80.450000000000017 60.550000000000004 77.450000000000017 75.65000000000002 98.65000000000002 15.500000000000002 74.65000000000002 46.500000000000007
decision_type=2 2 2 2 2 2 2 2 2 2 2 2 2 2 2 2 2 2 2 2 2 2 2 2 2 2 2 2 2 2
left_child=1 2 3 5 -5 -1 7 8 10 26 11 -2 -13 -12 15 24 23 22 19 -19 -20 -22 -17 -16 -10 -25 -9 -27 29 -8
right_child=6 -3 -4 4 -6 -7 28 9 14 -11 13 12 -14 -15 16 17 -18 18 20 -21 21 -23 -24 25 -26 27 -28 -29 -30 -31
leaf_value=-9.9371324206629375e-06 -0.0002041161207309804 -0.0010330774458850217 0.0008368879074027182 -0.0013724450978325376 0.00021343766391732313 0.0010835599702070742 0.00020881358558387929 0.00023495389486146096 -0.00014538801057270716 3.1351635876926356e-06 -0.0009144522501484773 0.0039959798832583339 0.00095594799133030687 0.00042900991960509606 0.00075166796129651193 -0.0015751468437212009 0.0010056862611316159 -0.0019479722012961964 -0.0038284553509009517 0.0010584302405771027 -0.00039984457985018236 -0.0025196056904180069 0.00074185917703367828 -0.0008903712693265908 0.0014207701674953306 -0.00050967915017329358 0.0011850873144039027 0.00077951091281945812 -2.6126034792036948e-05 -3.6076219229399206e-05
leaf_weight=205774 659 334 494 335 262 272 17407 24288 3436 29316 651 263 286 1139 410 222 1002 261 247 234 264 572 278 1741 221 760 520 421 199201 12951
leaf_count=205774 659 334 494 335 262 272 17407 24288 3436 29316 651 263 286 1139 410 222 1002 261 247 234 264 572 278 1741 221 760 520 421 199201 12951
internal_value=-1.07437e-12 -1.00522e-05 -8.40266e-06 -1.04234e-05 -0.000676463 -8.49361e-06 7.02796e-06 6.13518e-05 -0.000175437 0.000118519 0.000361296 0.00098496 0.00241228 -5.959e-05 -0.000335246 -0.00053743 -6.77058e-05 -0.00139393 -0.00174471 -0.000526764 -0.00230139 -0.00185021 -0.000286891 -0.000390497 -5.07419e-05 -0.000550759 0.00025487 -5.01118e-05 -8.87239e-06 0.000104341
internal_weight=504221 207471 207137 206643 597 206046 296750 67191 13067 54124 2998 1208 549 1790 10069 5735 4334 2078 1578 495 1083 836 500 3332 3657 2922 24808 1181 229559 30358
internal_count=504221 207471 207137 206643 597 206046 296750 67191 13067 54124 2998 1208 549 1790 10069 5735 4334 2078 1578 495 1083 836 500 3332 3657 2922 24808 1181 229559 30358
is_linear=0
shrinkage=0.05


Tree=280
num_leaves=31
num_cat=0
split_feature=0 1 0 0 1 0 1 0 1 0 0 0 1 0 0 0 0 0 0 1 0 0 0 0 0 1 1 1 0 0
split_gain=0.0156858 0.0147304 0.0926223 0.0539889 0.220819 0.155172 0.131097 0.180667 0.137688 0.0804939 0.0727504 0.0670517 0.0642774 0.196862 0.304193 0.122239 0.116855 0.0979261 0.0830753 0.0680711 0.0549114 0.0532399 0.0628274 0.168347 0.129979 0.148503 0.065688 0.160123 0.3844 0.054701
threshold=115.45000000000002 50.500000000000007 99.15000000000002 68.65000000000002 56.500000000000007 64.65000000000002 60.500000000000007 86.450000000000017 59.500000000000007 91.65000000000002 53.750000000000007 83.450000000000017 54.500000000000007 74.350000000000009 72.850000000000009 76.850000000000009 81.65000000000002 72.450000000000017 83.65000000000002 52.500000000000007 84.450000000000017 85.850000000000009 77.450000000000017 78.65000000000002 75.050000000000011 57.500000000000007 57.500000000000007 58.500000000000007 83.050000000000011 84.450000000000017
decision_type=2 2 2 2 2 2 2 2 2 2 2 2 2 2 2 2 2 2 2 2 2 2 2 2 2 2 2 2 2 2
left_child=1 -1 3 4 5 10 7 12 -9 -10 -3 -8 13 14 19 -15 -17 -14 -18 -5 -20 22 24 -24 -19 -26 -25 28 -28 -29
right_child=-2 2 -4 6 -6 -7 11 8 9 -11 -12 -13 17 15 -16 16 18 21 20 -21 -22 -23 23 26 25 -27 27 29 -30 -31
leaf_value=-3.0226218966164052e-06 0.00033751675147741908 0.00051045296732151206 -0.00037149258418994822 0.0011619625412629326 5.4465373413622764e-05 -0.001425187686037501 -0.00010564424386937217 -4.6087545139257555e-05 0.0011687221181096207 0.00012966693355957723 -0.00055714122689723704 6.4405684559877457e-05 -0.00040041772705381334 -0.00053057955698140207 0.0028962150753582298 0.00084839840569218741 -0.00035794238350534628 4.0576562298471585e-05 0.0010297134068313538 -8.196566030726456e-05 0.00018012714958445212 0.00098173708767827729 -0.00089510622429041459 1.5502699664199073e-05 0.0019216853440855216 0.00027966424374392738 0.0027593673961194935 -6.4288434029246373e-05 -0.00025433756300968492 0.00084132146742624074
leaf_weight=455307 344 217 1423 223 4786 456 11506 8696 382 364 603 11683 575 372 201 1027 516 571 273 217 627 264 353 1323 281 270 221 720 203 217
leaf_count=455307 344 217 1423 223 4786 456 11506 8696 382 364 603 11683 575 372 201 1027 516 571 273 217 627 264 353 1323 281 270 221 720 203 217
internal_value=1.94001e-12 -2.30423e-07 2.59443e-05 3.79398e-05 -0.000101353 -0.000685794 5.84922e-05 0.000160161 9.83619e-06 0.00066173 -0.000274619 -1.99703e-05 0.000328054 0.000493852 0.00128467 0.000313777 0.000442349 0.000213409 0.000147848 0.00054848 0.000437835 0.000293208 0.000249502 0.000131382 0.000569227 0.00111707 0.000266386 0.000510264 0.00131649 0.000145442
internal_weight=504221 503877 48570 47147 6062 1276 41085 17896 9442 746 820 23189 8454 3456 641 2815 2443 4998 1416 440 900 4423 4159 3037 1122 551 2684 1361 424 937
internal_count=504221 503877 48570 47147 6062 1276 41085 17896 9442 746 820 23189 8454 3456 641 2815 2443 4998 1416 440 900 4423 4159 3037 1122 551 2684 1361 424 937
is_linear=0
shrinkage=0.05


Tree=281
num_leaves=31
num_cat=0
split_feature=0 1 0 0 1 0 1 0 1 0 0 1 0 0 0 0 0 1 0 1 0 1 1 0 0 0 0 0 0 1
split_gain=0.0141564 0.0132942 0.0835916 0.048725 0.199489 0.165156 0.118315 0.163052 0.124264 0.0726458 0.0605141 0.0580104 0.177668 0.274534 0.112949 0.187848 0.0883783 0.0614341 0.0549541 0.0486115 0.04903 0.0485755 0.0877023 0.048049 0.0568673 0.0578557 0.162505 0.120863 0.117306 0.134024
threshold=115.45000000000002 50.500000000000007 99.15000000000002 68.65000000000002 55.500000000000007 55.45000000000001 60.500000000000007 86.450000000000017 59.500000000000007 91.65000000000002 83.450000000000017 54.500000000000007 74.350000000000009 72.850000000000009 77.750000000000014 79.550000000000011 72.450000000000017 52.500000000000007 64.65000000000002 51.500000000000007 85.450000000000017 53.500000000000007 56.500000000000007 85.850000000000009 84.850000000000009 80.750000000000014 77.450000000000017 82.250000000000014 75.050000000000011 57.500000000000007
decision_type=2 2 2 2 2 2 2 2 2 2 2 2 2 2 2 2 2 2 2 2 2 2 2 2 2 2 2 2 2 2
left_child=1 -1 3 4 5 -3 7 11 -9 -10 -8 12 13 17 -14 -16 -13 -5 -7 -17 -21 -4 -23 24 25 26 28 -27 -18 -30
right_child=-2 2 21 6 -6 18 10 8 9 -11 -12 16 14 -15 15 19 23 -19 -20 20 -22 22 -24 -25 -26 27 -28 -29 29 -31
leaf_value=-2.8714918855795294e-06 0.00032064088093669178 0.00047975652345693634 9.4740519752068564e-05 0.0011038643838378348 3.6281628904685349e-05 -0.00067002428807644288 -0.00010036203164972377 -4.378316430576324e-05 0.0011102859974297555 0.00012318363725361261 6.1185402288837799e-05 -0.00038039685012367758 -0.00033254836746729661 0.0027514044195413589 0.0014969858141349896 0.00066759116992426036 3.8547727528913845e-05 -7.7867300211009892e-05 -0.001482016840759986 -3.1672578597823608e-05 0.00078487873319791615 -0.0012451051994432491 -0.00023039794508646164 0.00093265027019449268 -0.0002730331341225045 0.0011722163275017534 -0.00034341759814241949 0.00023428843088365493 0.0018256010708077629 0.00026568105685766097
leaf_weight=455307 344 227 425 223 4995 457 11506 8696 382 364 11683 575 567 201 364 520 571 217 383 1145 219 308 690 264 483 503 968 1083 281 270
leaf_count=455307 344 227 425 223 4995 457 11506 8696 382 364 11683 575 567 201 364 520 571 217 383 1145 219 308 690 264 483 503 968 1083 281 270
internal_value=8.86373e-13 -2.18903e-07 2.46471e-05 3.60429e-05 -9.62854e-05 -0.000716878 5.55676e-05 0.000152153 9.34439e-06 0.000628644 -1.89718e-05 0.000311651 0.00046916 0.00122043 0.000298088 0.00045715 0.000202738 0.000521056 -0.00104025 0.000256248 9.94306e-05 -0.000352918 -0.000543554 0.000278547 0.000237027 0.000304045 0.000131249 0.000531752 0.000540765 0.00106121
internal_weight=504221 503877 48570 47147 6062 1067 41085 17896 9442 746 23189 8454 3456 641 2815 2248 4998 440 840 1884 1364 1423 998 4423 4159 3676 2090 1586 1122 551
internal_count=504221 503877 48570 47147 6062 1067 41085 17896 9442 746 23189 8454 3456 641 2815 2248 4998 440 840 1884 1364 1423 998 4423 4159 3676 2090 1586 1122 551
is_linear=0
shrinkage=0.05


Tree=282
num_leaves=31
num_cat=0
split_feature=1 0 0 1 1 0 1 1 0 1 1 1 0 0 0 0 1 1 1 0 0 0 1 0 1 0 1 1 0 0
split_gain=0.0138319 0.212109 0.425313 0.924859 0.995785 1.08565 3.08167 0.666543 0.316588 1.10625 1.17823 1.18233 0.364309 0.300394 1.05438 0.455274 0.445959 0.314558 0.645813 2.02704 0.847441 2.61685 0.936204 0.660956 0.835534 0.752513 0.838405 0.684672 0.716347 0.677146
threshold=20.500000000000004 97.65000000000002 97.950000000000017 34.500000000000007 24.500000000000004 97.750000000000014 29.500000000000004 45.500000000000007 98.15000000000002 37.500000000000007 28.500000000000004 24.500000000000004 98.050000000000011 105.85000000000001 106.05000000000001 105.55000000000001 21.500000000000004 35.500000000000007 37.500000000000007 100.45000000000002 101.65000000000002 102.45000000000002 36.500000000000007 100.25000000000001 44.500000000000007 101.35000000000001 39.500000000000007 38.500000000000007 104.45000000000002 98.550000000000011
decision_type=2 2 2 2 2 2 2 2 2 2 2 2 2 2 2 2 2 2 2 2 2 2 2 2 2 2 2 2 2 2
left_child=-1 -2 3 4 -3 -6 -7 -5 9 10 11 -4 -12 15 -15 17 -16 -10 19 -19 -21 -22 -23 24 29 26 -25 -27 -29 -20
right_child=1 2 8 7 5 6 -8 -9 13 -11 12 -13 -14 14 16 -17 -18 18 23 20 21 22 -24 25 -26 27 -28 28 -30 -31
leaf_value=6.706444803971661e-06 -4.0751095934940036e-05 0.0021231859067055397 -0.0025533881412583147 0.0031849437654439235 0.0014425283190847814 -0.0062753684618920662 0.0016355726500181683 0.00033079375259643587 0.00019648477318444022 0.0014813473819323721 -0.0051380676176489854 0.0024689146348585689 -0.002188704618923018 -0.0022237394109242046 -0.0010919056499958718 0.0012469042290311856 6.4501441774705086e-05 -0.0028725289167520884 -0.0004387964702200616 0.0022561315295426296 -0.0052657102996652785 -0.00082895981000834392 0.0028899376383468289 -0.003875450929083249 -0.00020008638981810841 0.0019748467889924843 -0.00071660490531497134 0.00016741880959835834 -0.0019753921520299258 0.0018055336343197606
leaf_weight=304515 147830 331 229 509 261 261 233 342 27070 393 205 240 214 590 922 896 8706 809 435 393 220 342 335 257 1826 420 1150 2341 468 1478
leaf_count=304515 147830 331 229 509 261 261 233 342 27070 393 205 240 214 590 922 896 8706 809 435 393 220 342 335 257 1826 420 1150 2341 468 1478
internal_value=-4.88737e-13 -1.02261e-05 7.67604e-05 0.000803696 -0.000163451 -0.00116594 -0.00254409 0.00203792 4.85645e-05 -0.000727325 -0.00170481 1.66602e-05 -0.00363171 6.8991e-05 -0.00017197 0.000133043 -4.62388e-05 0.00010646 -0.000126209 -0.000910456 0.000320022 -0.00052824 0.00101126 7.03448e-05 0.000564949 -0.000328561 -0.00129359 9.19416e-05 -0.000189589 0.00129519
internal_weight=504221 199706 51876 1937 1086 755 494 851 49939 1281 888 469 419 48658 10218 38440 9628 37544 10474 2099 1290 897 677 8375 3739 4636 1407 3229 2809 1913
internal_count=504221 199706 51876 1937 1086 755 494 851 49939 1281 888 469 419 48658 10218 38440 9628 37544 10474 2099 1290 897 677 8375 3739 4636 1407 3229 2809 1913
is_linear=0
shrinkage=0.05


Tree=283
num_leaves=31
num_cat=0
split_feature=1 0 0 1 0 1 0 1 0 1 0 1 0 0 0 0 0 1 0 1 0 0 0 0 0 0 0 0 1 0
split_gain=0.0140802 0.0711497 0.0451424 0.181841 0.12747 0.115061 0.136787 0.11239 0.0622447 0.0622434 0.0608616 0.0523544 0.160345 0.247767 0.101937 0.169533 0.0797614 0.0554443 0.0477608 0.0438719 0.0479099 0.0442496 0.0433642 0.0513228 0.0522148 0.146661 0.109079 0.105869 0.120957 0.0571132
threshold=50.500000000000007 98.15000000000002 68.65000000000002 56.500000000000007 64.65000000000002 60.500000000000007 86.450000000000017 59.500000000000007 91.65000000000002 52.500000000000007 95.450000000000017 54.500000000000007 74.350000000000009 72.850000000000009 77.750000000000014 79.550000000000011 72.450000000000017 52.500000000000007 96.050000000000011 51.500000000000007 82.850000000000009 85.450000000000017 85.850000000000009 84.850000000000009 80.750000000000014 77.450000000000017 82.250000000000014 75.050000000000011 57.500000000000007 78.65000000000002
decision_type=2 2 2 2 2 2 2 2 2 2 2 2 2 2 2 2 2 2 2 2 2 2 2 2 2 2 2 2 2 2
left_child=-1 2 3 4 9 6 11 -8 -9 -2 -7 12 13 17 -14 -16 -13 -4 -12 20 -17 -21 23 24 25 27 -26 -18 -29 -27
right_child=1 -3 5 -5 -6 10 7 8 -10 -11 18 16 14 -15 15 19 22 -19 -20 21 -22 -23 -24 -25 26 29 -28 28 -30 -31
leaf_value=-2.7279226130809111e-06 -0.00089188060752235735 -0.00027343501374916206 0.0010507087060354751 5.1965578173335714e-05 -0.0012899429522038094 -3.1601357878309803e-05 -3.2389212315045357e-05 0.0010568092445506474 0.00011544556428606695 4.7200223063238686e-05 0.0010481400340539189 -0.00035933944586988379 -0.00031388339962698584 0.0026158717308026641 0.0014241740798352513 0.0012011293509821281 3.8657879828754326e-05 -7.1936382264036191e-05 0.00017223759187960671 -2.8051376123160252e-05 0.00022848800614180158 0.00074767237911893894 0.00088805528251792898 -0.00025734392883676428 0.001115643078272433 -0.00083114248449800724 0.00022461158081558933 0.0017363584996449672 0.00025443452962294771 -3.3237659107378831e-05
leaf_weight=455651 257 1911 223 4786 456 22293 8381 382 325 563 218 575 567 201 364 218 571 217 544 1145 302 219 264 483 503 353 1083 281 270 615
leaf_count=455651 257 1911 223 4786 456 22293 8381 382 325 563 218 575 567 201 364 218 571 217 544 1145 302 219 264 483 503 353 1083 281 270 615
internal_value=5.21855e-13 2.55915e-05 3.78387e-05 -8.94336e-05 -0.000619791 5.68432e-05 0.000153344 1.86803e-05 0.000624075 -0.000247121 -1.6582e-05 0.000298106 0.000447739 0.00116145 0.000285221 0.00043633 0.000194639 0.000497041 0.000422824 0.000245473 0.000636249 9.64966e-05 0.000266657 0.000227213 0.00029088 0.000126724 0.000507202 0.000515764 0.00101019 -0.000324209
internal_weight=504221 48570 46659 6062 1276 40597 17542 9088 707 820 23055 8454 3456 641 2815 2248 4998 440 762 1884 520 1364 4423 4159 3676 2090 1586 1122 551 968
internal_count=504221 48570 46659 6062 1276 40597 17542 9088 707 820 23055 8454 3456 641 2815 2248 4998 440 762 1884 520 1364 4423 4159 3676 2090 1586 1122 551 968
is_linear=0
shrinkage=0.05


Tree=284
num_leaves=31
num_cat=0
split_feature=0 1 1 1 1 0 0 0 1 1 1 1 1 1 0 1 1 1 1 1 1 1 0 1 0 0 1 0 0 1
split_gain=0.013672 0.0876922 0.0931434 0.111385 0.0446017 0.215464 0.0143714 0.221097 0.228644 0.78584 0.339003 0.469894 0.423807 0.228232 0.192523 0.409854 0.625282 0.173797 0.160352 0.315958 0.130631 0.288968 0.604584 0.598665 0.536245 0.517882 0.439127 0.416097 0.397639 0.345603
threshold=113.05000000000001 1.5000000000000002 8.5000000000000018 20.500000000000004 15.500000000000002 114.35000000000001 83.850000000000009 84.250000000000014 13.500000000000002 22.500000000000004 -2.4999999999999996 3.5000000000000004 -11.499999999999998 49.500000000000007 83.65000000000002 -11.499999999999998 3.5000000000000004 8.5000000000000018 14.500000000000002 31.500000000000004 -1.0000000180025095e-35 9.5000000000000018 77.15000000000002 14.500000000000002 83.450000000000017 82.550000000000011 2.5000000000000004 78.050000000000011 76.850000000000009 13.500000000000002
decision_type=2 2 2 2 2 2 2 2 2 2 2 2 2 2 2 2 2 2 2 2 2 2 2 2 2 2 2 2 2 2
left_child=6 -2 -3 4 5 -4 14 8 10 -10 12 -12 -8 -11 20 -16 -17 -13 -18 -20 -1 22 28 27 25 -24 -27 -23 -22 -29
right_child=1 2 3 -5 -6 -7 7 -9 9 13 11 17 -14 -15 15 16 18 -19 19 -21 21 23 24 -25 -26 26 -28 29 -30 -31
leaf_value=-4.8710277921185346e-05 0.0010804077086772788 -0.0007816412227608289 0.0013414063978738327 -0.00047935676296555348 0.0011009771811758291 -0.00089713494043524666 -0.00087742328007167116 -1.8904696060620513e-06 0.0020422942835485883 -0.00093186806186746447 -0.003441815238353635 0.0002950714088299058 0.0013413390921835867 0.0001993228785821426 -0.00097825216539009093 0.0029511680549403792 -0.00082020251439851631 -0.0016685678151907861 0.0017639165107840042 1.157386275394228e-05 3.6613862861511113e-05 -0.00012973004106155649 0.00051222117973634277 4.9930699395584509e-05 -0.0017953288749800072 0.0033913401627944685 0.0010465983771583409 -0.0011796768864190484 -0.0018918216120505681 0.00021167711440065818
leaf_weight=64867 217 299 226 374 265 205 749 339096 376 1083 242 220 302 758 382 289 228 231 399 724 8492 4580 5155 70248 222 295 618 2246 276 557
leaf_count=64867 217 299 226 374 265 205 749 339096 376 1083 242 220 302 758 382 289 228 231 399 724 8492 4580 5155 70248 222 295 618 2246 276 557
internal_value=3.64477e-12 0.000146572 -1.45071e-06 0.000216565 0.000590523 0.000276671 -4.62484e-07 -6.22877e-06 -0.000377625 -4.06963e-05 -0.000805934 -0.00166442 -0.000239872 -0.00046612 1.19337e-05 0.000496722 0.000840283 -0.000710695 0.000388731 0.000634178 5.7122e-06 4.37989e-05 0.000244253 4.91708e-06 0.000618312 0.000706616 0.00180421 -0.00042338 -2.40896e-05 -0.000903193
internal_weight=504221 1586 1369 1070 696 431 502635 343057 3961 2217 1744 693 1051 1841 159578 2022 1640 451 1351 1123 157556 92689 15058 77631 6290 6068 913 7383 8768 2803
internal_count=504221 1586 1369 1070 696 431 502635 343057 3961 2217 1744 693 1051 1841 159578 2022 1640 451 1351 1123 157556 92689 15058 77631 6290 6068 913 7383 8768 2803
is_linear=0
shrinkage=0.05


Tree=285
num_leaves=31
num_cat=0
split_feature=1 0 1 0 0 1 0 1 1 1 0 0 0 0 1 0 0 1 0 0 0 1 1 0 0 0 0 0 0 1
split_gain=0.014691 0.176006 0.237011 0.453403 0.803711 0.426804 0.350053 0.347719 0.206593 0.205945 0.157143 0.296135 0.175887 0.141034 0.258088 0.338428 0.42699 0.146745 0.134302 0.103623 0.235442 0.320918 0.14797 0.589281 0.142593 0.544827 0.343124 0.223821 0.148802 0.147055
threshold=-36.499999999999993 78.350000000000009 -45.499999999999993 41.550000000000004 55.45000000000001 -40.499999999999993 58.350000000000001 -42.499999999999993 -46.499999999999993 -40.499999999999993 70.850000000000009 64.050000000000011 74.050000000000011 78.950000000000017 -49.499999999999993 83.250000000000014 86.050000000000011 -47.499999999999993 80.750000000000014 76.250000000000014 73.65000000000002 -55.499999999999993 -47.499999999999993 64.65000000000002 70.450000000000017 71.250000000000014 69.050000000000011 72.450000000000017 67.15000000000002 -53.499999999999993
decision_type=2 2 2 2 2 2 2 2 2 2 2 2 2 2 2 2 2 2 2 2 2 2 2 2 2 2 2 2 2 2
left_child=1 2 8 5 -5 -4 -6 10 19 -9 11 -8 -12 -3 15 18 -17 -16 -15 20 22 -22 24 -24 26 -26 28 -27 29 -1
right_child=-2 13 3 4 6 -7 7 9 -10 -11 12 -13 -14 14 17 16 -18 -19 -20 -21 21 -23 23 -25 25 27 -28 -29 -30 -31
leaf_value=-0.00012575326347623029 -1.9335818291582974e-06 -0.0013174790595274245 0.0002774546236272842 0.0021300119042021812 -0.001258792724362042 -0.0024624474749371811 0.001770696547446829 -0.00052846194191585557 -0.00088057950427827911 0.00038527023903909261 0.0027532862634100813 -0.00018087679768339526 0.00094455370715089664 0.00060004456842094051 -0.0014869728751146973 -0.0018476888097412006 0.00088309158184906331 -0.00027223132326418815 0.0022266955518010839 0.00081060020582812828 0.00031450671172633617 -0.0019225352117661334 -0.00045992304140062478 0.0028754283031916512 0.0025994622163356298 -0.00099421249998902735 -0.0014301108072201413 0.00085625765020730079 0.00078802329823128851 0.0003431068412545655
leaf_weight=7408 479604 279 315 676 341 259 330 908 645 1922 235 473 314 241 268 254 328 3438 268 418 291 357 335 219 252 352 420 305 606 2160
leaf_count=7408 479604 279 315 676 341 259 330 908 645 1922 235 473 314 241 268 254 328 3438 268 418 291 357 335 219 252 352 420 305 606 2160
internal_value=-4.46293e-12 3.76712e-05 0.000105811 0.000374727 0.000521961 -0.000958843 0.000281624 0.000407229 -6.94622e-06 9.2101e-05 0.00106685 0.00062114 0.00171878 -0.000224647 -0.000161087 0.000514854 -0.000308692 -0.000360076 0.00145651 3.59932e-05 1.05083e-05 -0.000917938 6.04073e-05 0.000858564 2.1967e-05 0.000622949 -2.95992e-05 -0.000135166 2.82163e-05 -1.99069e-05
internal_weight=504221 24617 19541 5773 5199 574 4523 4182 13768 2830 1352 803 549 5076 4797 1091 582 3706 509 13123 12705 648 12057 554 11503 909 10594 657 10174 9568
internal_count=504221 24617 19541 5773 5199 574 4523 4182 13768 2830 1352 803 549 5076 4797 1091 582 3706 509 13123 12705 648 12057 554 11503 909 10594 657 10174 9568
is_linear=0
shrinkage=0.05


Tree=286
num_leaves=31
num_cat=0
split_feature=1 0 0 1 1 0 1 1 0 1 0 0 1 0 0 1 0 1 1 0 1 0 1 0 0 0 0 1 1 0
split_gain=0.0143945 0.199391 0.382831 0.83422 0.898696 0.979801 2.7812 0.602199 0.288111 0.435538 0.41637 0.396751 0.354414 0.448595 0.403554 0.295845 0.286407 1.00649 1.19564 1.17227 0.279777 0.279209 0.92653 0.599058 0.501982 0.388998 0.544559 1.12717 0.492953 0.883535
threshold=20.500000000000004 97.65000000000002 97.950000000000017 34.500000000000007 24.500000000000004 97.750000000000014 29.500000000000004 45.500000000000007 77.15000000000002 26.500000000000004 95.750000000000014 93.65000000000002 23.500000000000004 95.050000000000011 94.65000000000002 22.500000000000004 98.15000000000002 36.500000000000007 28.500000000000004 98.050000000000011 21.500000000000004 85.65000000000002 24.500000000000004 77.750000000000014 83.050000000000011 85.050000000000011 82.850000000000009 22.500000000000004 22.500000000000004 79.550000000000011
decision_type=2 2 2 2 2 2 2 2 2 2 2 2 2 2 2 2 2 2 2 2 2 2 2 2 2 2 2 2 2 2
left_child=-1 8 3 4 -3 -6 -7 -5 -2 10 11 21 13 14 15 20 17 18 19 -4 -13 22 23 -10 -24 26 28 -28 -25 -30
right_child=1 2 16 7 5 6 -8 -9 9 -11 -12 12 -14 -15 -16 -17 -18 -19 -20 -21 -22 -23 24 25 -26 -27 27 -29 29 -31
leaf_value=6.8414653248874962e-06 8.4417383705855814e-05 0.002017353970298594 0.0024475594588335126 0.003026024305924027 0.0013707293975398916 -0.0059612723488460563 0.0015541217901420185 0.00031312997439298892 -0.0019972186037240194 -3.4482181843005646e-05 -0.0008418298841733013 -0.0008164820429824648 0.00083593611649534312 -0.0015014898992559446 0.0018985525521147612 -0.0017389856691056112 6.6584130167950323e-05 0.0012947193246352282 -0.0037411194294691089 -0.0025538820904075056 0.0017614200958425965 -0.00050004994636140083 -0.0015589876876128134 0.0001315577214573375 0.00023875492423875759 0.0024642394016717228 0.0011394430481987039 -0.0022428137583968542 0.0039467564108324983 0.00073484490099160566
leaf_weight=304515 35379 331 241 509 261 261 233 342 235 93217 2955 210 1585 477 299 235 48658 426 386 228 211 8015 1179 987 579 262 506 480 306 713
leaf_count=304515 35379 331 241 509 261 261 233 342 235 93217 2955 210 1585 477 299 235 48658 426 386 228 211 8015 1179 987 579 262 506 480 306 713
internal_value=-9.65659e-13 -1.0432e-05 7.39063e-05 0.000763583 -0.000154951 -0.00110731 -0.00241656 0.00193577 -4.00277e-05 -7.91802e-05 -0.000295808 -0.000196693 0.000320833 -0.000249306 0.00037613 -0.000317779 4.71556e-05 -0.000690824 -0.00168011 1.6155e-05 0.000475531 -0.000314426 -3.08779e-05 0.000440754 -0.000966898 0.000616822 0.000455049 -0.000507092 0.000927966 0.00169936
internal_weight=504221 199706 51876 1937 1086 755 494 851 147830 112451 19234 16279 3017 1432 955 656 49939 1281 855 469 421 13262 5247 3489 1758 3254 2992 986 2006 1019
internal_count=504221 199706 51876 1937 1086 755 494 851 147830 112451 19234 16279 3017 1432 955 656 49939 1281 855 469 421 13262 5247 3489 1758 3254 2992 986 2006 1019
is_linear=0
shrinkage=0.05


Tree=287
num_leaves=31
num_cat=0
split_feature=0 1 0 1 0 0 1 0 1 0 1 0 1 0 0 0 1 1 1 0 0 0 0 0 1 0 0 0 0 1
split_gain=0.0138071 0.013166 0.163579 0.280285 0.46123 0.64967 0.385191 0.35453 0.369431 0.40127 0.227921 0.369451 0.194236 0.29826 0.186331 0.184953 0.177341 0.155054 0.2443 0.204401 0.219274 0.121696 0.146892 0.105798 0.100537 0.0886687 0.10505 0.173042 0.116292 0.128827
threshold=115.45000000000002 -36.499999999999993 75.950000000000017 -45.499999999999993 41.550000000000004 55.45000000000001 -40.499999999999993 58.350000000000001 -42.499999999999993 72.450000000000017 -51.499999999999993 77.15000000000002 -39.499999999999993 79.250000000000014 64.050000000000011 67.65000000000002 -46.499999999999993 -40.499999999999993 -39.499999999999993 70.850000000000009 63.250000000000007 85.850000000000009 78.350000000000009 64.050000000000011 -40.499999999999993 78.050000000000011 87.65000000000002 90.050000000000011 83.850000000000009 -48.499999999999993
decision_type=2 2 2 2 2 2 2 2 2 2 2 2 2 2 2 2 2 2 2 2 2 2 2 2 2 2 2 2 2 2
left_child=1 2 3 16 6 24 -5 -7 9 14 21 -12 25 -14 -9 -16 -1 -10 -19 20 -20 22 -4 -18 -6 -13 28 -28 29 -27
right_child=-2 -3 10 4 5 7 -8 8 17 -11 11 12 13 -15 15 -17 23 18 19 -21 -22 -23 -24 -25 -26 26 27 -29 -30 -31
leaf_value=2.9055281219587943e-05 0.00031666038984292039 -2.0479366248196769e-06 0.0010398931342821855 0.00026323980045697047 0.0014381632610986179 -0.0011961951442172102 -0.0023396670674495257 0.0016818196800622073 -0.00044655108292872004 0.0029713372491738375 -0.0017499017337640973 0.00045924390325823949 0.0019302381734762873 -3.6572538283902899e-05 -0.00080970758825888432 0.00097453790510485981 -0.0014511499982891663 0.0014766717901324282 0.00083914683976521107 0.00097003504169403468 -0.00097672528382425155 0.0013823315414912914 -0.00025362065778328826 -0.00011927103075911017 0.0026587313891928872 0.00062675296129392722 0.00095009425100176903 -0.00057610637535724578 -0.0013036521410705239 -0.0006904057522623962
leaf_weight=12608 344 479260 325 315 352 341 259 330 778 255 423 249 224 1382 257 334 330 404 240 401 541 259 676 272 324 224 282 544 604 1084
leaf_count=12608 344 479260 325 315 352 341 259 330 778 255 423 249 224 1382 257 334 330 404 240 401 541 259 676 272 324 224 282 544 604 1084
internal_value=-1.57324e-14 -2.16186e-07 3.54455e-05 0.000110841 0.000424465 0.000592711 -0.000911243 0.00034355 0.000491871 0.00121606 -0.000184891 -0.000335908 -0.000205684 0.000237752 0.000730077 0.000198648 -1.09759e-05 0.000131611 0.000415225 5.24289e-05 -0.000418711 0.000416303 0.000166351 -0.000849371 0.00202317 -0.000444103 -0.000526256 -5.50548e-05 -0.000729819 -0.000464837
internal_weight=504221 503877 24617 18341 5131 4557 574 3881 3540 1176 6276 5016 4593 1606 921 591 13210 2364 1586 1182 781 1260 1001 602 676 2987 2738 826 1912 1308
internal_count=504221 503877 24617 18341 5131 4557 574 3881 3540 1176 6276 5016 4593 1606 921 591 13210 2364 1586 1182 781 1260 1001 602 676 2987 2738 826 1912 1308
is_linear=0
shrinkage=0.05


Tree=288
num_leaves=31
num_cat=0
split_feature=1 0 0 1 0 1 0 0 0 0 0 1 0 0 1 1 0 0 0 0 0 0 0 1 0 0 1 0 1 0
split_gain=0.0137089 0.13114 0.12727 0.0978744 0.309721 0.375033 0.310579 0.292746 0.74947 0.259531 0.194827 0.174893 0.728338 0.428607 0.331785 0.291303 0.38623 0.40258 0.287872 0.269366 0.293005 0.239216 0.222613 0.315127 0.22025 0.211737 0.166441 0.16614 0.384594 0.165633
threshold=7.5000000000000009 113.55000000000001 112.15000000000002 16.500000000000004 83.250000000000014 9.5000000000000018 98.850000000000009 73.65000000000002 65.350000000000009 78.950000000000017 45.850000000000001 14.500000000000002 75.050000000000011 78.050000000000011 13.500000000000002 10.500000000000002 79.850000000000009 78.950000000000017 72.050000000000011 80.750000000000014 81.65000000000002 80.450000000000017 65.950000000000017 15.500000000000002 80.15000000000002 78.350000000000009 15.500000000000002 81.950000000000017 8.5000000000000018 98.65000000000002
decision_type=2 2 2 2 2 2 2 2 2 2 2 2 2 2 2 2 2 2 2 2 2 2 2 2 2 2 2 2 2 2
left_child=1 2 -1 4 5 7 29 8 -2 -9 -7 13 18 -12 15 21 17 -17 22 -18 -21 -15 26 -24 25 -14 -13 28 -11 -6
right_child=3 -3 -4 -5 6 10 -8 9 -10 27 11 12 24 14 -16 16 19 -19 -20 20 -22 -23 23 -25 -26 -27 -28 -29 -30 -31
leaf_value=-1.0180040913978976e-05 -0.00073534446009607232 -0.00099981141438384275 0.00079332425858569049 -8.6416512120010455e-06 0.0002240142678276097 0.0010880447832905518 2.535814693272137e-06 -0.00064857622099101031 0.0018630668664946387 -0.00022017602965594156 -0.0001728985081432085 -0.00025796954851805399 0.00087939870179865477 -0.0014374530597313032 0.00014689035534572143 -0.0017916366515031718 -0.0035780958258188689 0.0010644454190618972 -0.0019971211284473727 -0.00032091536418055048 -0.0023346889594739132 0.00076370274098657017 -0.001015867232566788 0.0016337498929738009 0.0014306537425992165 -0.00069184759054383182 -0.0021989176812626065 -0.00042859408416246115 0.0023803327420203807 0.0011258801837147284
leaf_weight=206643 432 334 494 229559 24288 245 29316 936 776 291 4405 233 508 222 520 261 247 234 399 264 572 278 210 241 649 371 210 285 278 520
leaf_count=206643 432 334 494 229559 24288 245 29316 936 776 291 4405 233 508 222 520 261 247 234 399 264 572 278 210 241 649 371 210 285 278 520
internal_value=-2.91846e-12 -9.86002e-06 -8.26377e-06 6.89357e-06 5.99699e-05 -0.000158508 0.000112716 0.000332393 0.000933834 -7.34946e-05 -0.000304671 -0.000339404 -7.01027e-06 -0.000473302 -0.000982645 -0.0012653 -0.00159854 -0.000441489 -0.000880378 -0.00212738 -0.00169876 -0.00021361 -0.000381966 0.000400004 0.000732038 0.000216222 -0.00117806 0.000556806 0.00105037 0.000242918
internal_weight=504221 207471 207137 296750 67191 13067 54124 2998 1208 1790 10069 9824 2821 7003 2598 2078 1578 495 1293 1083 836 500 894 451 1528 879 443 854 569 24808
internal_count=504221 207471 207137 296750 67191 13067 54124 2998 1208 1790 10069 9824 2821 7003 2598 2078 1578 495 1293 1083 836 500 894 451 1528 879 443 854 569 24808
is_linear=0
shrinkage=0.05


Tree=289
num_leaves=31
num_cat=0
split_feature=0 1 0 0 1 1 1 0 1 1 1 1 1 1 1 1 1 0 1 1 0 0 0 0 1 1 0 1 0 1
split_gain=0.013803 0.0124357 0.0390989 0.0222641 0.102398 0.380995 0.101715 0.122524 0.0997356 0.271498 0.0815675 0.100965 0.145037 0.114639 0.0972872 0.0813333 0.0252571 0.17298 0.296419 0.394542 0.331801 0.428354 0.229593 0.280811 0.223627 0.214507 0.333429 0.211635 0.181813 0.175298
threshold=115.45000000000002 -77.499999999999986 56.95000000000001 35.850000000000001 -33.499999999999993 -40.499999999999993 25.500000000000004 29.850000000000005 -48.499999999999993 -57.499999999999993 15.500000000000002 -3.4999999999999996 -11.499999999999998 3.5000000000000004 -21.499999999999996 44.500000000000007 -36.499999999999993 75.950000000000017 -45.499999999999993 -44.499999999999993 41.550000000000004 55.45000000000001 58.350000000000001 60.550000000000004 -40.499999999999993 -51.499999999999993 77.15000000000002 -46.499999999999993 62.45000000000001 -39.499999999999993
decision_type=2 2 2 2 2 2 2 2 2 2 2 2 2 2 2 2 2 2 2 2 2 2 2 2 2 2 2 2 2 2
left_child=1 2 -1 4 5 8 10 15 9 -3 11 12 14 -13 -6 -8 17 18 27 -20 -21 24 -23 -24 -22 -19 -27 -5 -25 -28
right_child=-2 3 -4 16 6 -7 7 -9 -10 -11 -12 13 -14 -15 -16 -17 -18 25 19 20 21 22 23 28 -26 26 29 -29 -30 -31
leaf_value=3.8830929481399379e-05 0.00031661390080549865 0.0007149087142913047 -0.00065733439767280146 4.7125184357633909e-05 0.00080642385989832118 -0.0018676805435448676 -0.00029226264600590063 -0.00087141994982743135 0.00093623463202405872 -0.001371353441341357 0.0014241827900783259 -0.0011144804713482286 0.0016503178756752295 0.00046892893428985893 -0.00031034204158878604 0.0010274419312526542 -3.245177621715733e-06 0.0004116005674359908 0.0017209544952388285 -0.001659134724518148 0.0005895228260129259 -0.0011588613875210287 0.0018051820227524618 -0.0010677496683509911 0.0025263038446643842 -0.0016618976479585571 -0.00042138915586309921 -0.00096148251122607411 0.00029146104160556049 0.00022637362929425232
leaf_weight=633 344 381 296 10962 442 282 233 347 324 264 217 204 273 260 349 234 476571 1258 555 205 276 290 286 272 324 423 2987 546 2577 1606
leaf_count=633 344 381 296 10962 442 282 233 347 324 264 217 204 273 260 349 234 476571 1258 555 205 276 290 286 272 324 423 2987 546 2577 1606
internal_value=-2.65143e-12 -2.16157e-07 -0.000182983 1.21433e-07 0.00012053 -0.000250202 0.000301768 -0.000159777 0.000220519 -0.000139003 0.000517067 0.000388242 0.000656642 -0.000227225 0.000313691 0.000369003 -7.97667e-07 5.0889e-05 0.000136791 0.000467527 0.00030307 0.000403009 0.000187118 0.000311627 0.00163538 -0.00017219 -0.000318604 -7.28465e-07 0.000161694 -0.000194891
internal_weight=504221 503877 929 502948 3810 1251 2559 814 969 645 1745 1528 1064 464 791 467 499138 22567 16293 4785 4230 4025 3425 3135 600 6274 5016 11508 2849 4593
internal_count=504221 503877 929 502948 3810 1251 2559 814 969 645 1745 1528 1064 464 791 467 499138 22567 16293 4785 4230 4025 3425 3135 600 6274 5016 11508 2849 4593
is_linear=0
shrinkage=0.05


Tree=290
num_leaves=31
num_cat=0
split_feature=1 0 0 0 1 0 0 0 1 1 1 0 1 0 1 0 1 1 1 1 1 1 1 1 1 0 0 0 1 0
split_gain=0.0127758 0.119579 0.114954 0.0956909 0.133482 0.1174 0.0884374 0.45506 0.366093 0.270418 0.230657 0.304866 0.277191 0.191639 0.185536 0.164028 0.749542 0.480801 0.209863 0.194949 0.183132 0.162553 0.22186 0.159076 0.171329 0.209434 0.326481 0.218629 0.306323 0.182374
threshold=7.5000000000000009 113.55000000000001 112.15000000000002 111.15000000000002 2.5000000000000004 110.85000000000001 73.250000000000014 69.050000000000011 5.5000000000000009 6.5000000000000009 -31.499999999999996 70.450000000000017 -38.499999999999993 70.850000000000009 -55.499999999999993 67.15000000000002 3.5000000000000004 -39.499999999999993 4.5000000000000009 -48.499999999999993 6.5000000000000009 -42.499999999999993 -38.499999999999993 -61.499999999999993 -39.499999999999993 74.050000000000011 74.65000000000002 75.950000000000017 -46.499999999999993 86.050000000000011
decision_type=2 2 2 2 2 2 2 2 2 2 2 2 2 2 2 2 2 2 2 2 2 2 2 2 2 2 2 2 2 2
left_child=1 2 3 5 -5 6 7 15 10 -10 11 12 -9 -13 -15 18 17 19 -1 -17 -20 -16 -23 -8 25 -25 -27 28 -28 -29
right_child=-2 -3 -4 4 -6 -7 23 8 9 -11 -12 13 -14 14 21 16 -18 -19 20 -21 -22 22 -24 24 -26 26 27 29 -30 -31
leaf_value=2.3086233492651642e-06 6.6548257422979961e-06 -0.0009548300453378055 0.00075382027918329605 -0.0013031042489542891 0.00020348429679870606 0.001030100541024962 0.00090991411610550461 -0.0011156795839701898 -0.003082276591398184 -0.00059061392625689001 -0.0004281830936961305 0.0017108020059878135 0.00090389085832882584 -0.00076542021202565598 0.0011251364615471923 0.00051358672256402447 0.0027327868673536516 -0.00017152608998448359 -0.001344537004334492 0.0019604512351223185 0.00022057364253621353 -0.0011896114212920866 0.00066118696121173078 0.00098026107361845645 1.4251849836991418e-05 -0.0022962088177267176 -0.00047743348597985578 -0.00059926149749981632 0.002093898496619789 0.00012131445810759518
leaf_weight=27003 296750 334 494 335 262 272 487 724 206 231 7937 262 222 351 612 567 297 3107 543 395 285 249 463 311 156644 208 241 2957 223 1249
leaf_count=27003 296750 334 494 335 262 272 487 724 206 231 7937 262 222 351 612 567 297 3107 543 395 285 249 463 311 156644 208 241 2957 223 1249
internal_value=-2.29673e-12 -9.51854e-06 -7.99426e-06 -9.81545e-06 -0.000641921 -7.98398e-06 -9.35616e-06 -7.27087e-05 -0.000346353 -0.00176517 -0.000289049 9.39921e-05 -0.000641742 0.000453313 0.000256619 2.29651e-05 0.000307899 0.000130904 -2.17341e-05 0.00110767 -0.000805821 0.000527568 1.39274e-05 7.60367e-06 4.88837e-06 -0.000277774 -0.00035798 -0.000271652 0.000758358 -0.000385282
internal_weight=504221 207471 207137 206643 597 206046 205774 43454 11257 437 10820 2883 946 1937 1675 32197 4366 4069 27831 962 828 1324 712 162320 161833 5189 4878 4670 464 4206
internal_count=504221 207471 207137 206643 597 206046 205774 43454 11257 437 10820 2883 946 1937 1675 32197 4366 4069 27831 962 828 1324 712 162320 161833 5189 4878 4670 464 4206
is_linear=0
shrinkage=0.05


Tree=291
num_leaves=31
num_cat=0
split_feature=0 0 0 1 1 1 1 1 1 0 1 1 1 1 1 1 1 0 1 0 0 1 0 0 1 1 1 0 1 0
split_gain=0.0137099 0.0127153 0.194473 0.20295 0.695555 0.315562 0.42189 0.374014 0.204063 0.1771 0.363891 0.56316 0.158449 0.147249 0.287236 0.124625 0.260955 0.53489 0.490605 0.484024 0.472278 0.394606 0.357537 0.336743 0.292681 0.281852 0.307315 0.275958 0.265303 0.57144
threshold=115.45000000000002 83.850000000000009 84.250000000000014 13.500000000000002 22.500000000000004 -2.4999999999999996 3.5000000000000004 -11.499999999999998 50.500000000000007 83.65000000000002 -11.499999999999998 3.5000000000000004 8.5000000000000018 14.500000000000002 31.500000000000004 -1.0000000180025095e-35 9.5000000000000018 77.15000000000002 14.500000000000002 83.450000000000017 82.550000000000011 2.5000000000000004 76.850000000000009 78.050000000000011 5.5000000000000009 13.500000000000002 10.500000000000002 80.450000000000017 19.500000000000004 80.15000000000002
decision_type=2 2 2 2 2 2 2 2 2 2 2 2 2 2 2 2 2 2 2 2 2 2 2 2 2 2 2 2 2 2
left_child=1 9 3 5 -5 7 -7 -3 -6 15 -11 -12 -8 -13 -15 -1 17 22 23 20 -19 -22 -17 -18 -23 26 27 -25 29 -20
right_child=-2 2 -4 4 8 6 12 -9 -10 10 11 13 -14 14 -16 16 18 19 28 -21 21 24 -24 25 -26 -27 -28 -29 -30 -31
leaf_value=-4.7672316810388938e-05 0.000315543444932785 -0.00081026230867857615 -1.5688841104911373e-06 0.0019231688914240952 -0.00086491519653756135 -0.0032699087773226513 0.00027827999808571557 0.0012740877463130764 0.00021045268195621559 -0.00091339336776452551 0.0028034253052361697 -0.00078688006717384906 -0.0015966536565905527 0.001683975812392006 1.3179955483048908e-05 3.8333958013968489e-05 -0.00011781600608966237 0.00048326985731677566 8.1205664543507075e-05 -0.0017080943326692325 0.0032215888823493052 -0.00034826124911425547 -0.0017902761778753739 -0.0013657501823193319 0.0018777667041768365 0.000193179081757578 -0.0013903575979308175 0.00093897989573189257 1.3180656207349653e-05 0.0011075759342124988
leaf_weight=64867 344 749 340338 376 1108 242 220 302 733 382 289 228 231 399 724 8492 4580 5155 5595 222 295 244 276 222 374 557 1711 313 62863 1790
leaf_count=64867 344 749 340338 376 1108 242 220 302 733 382 289 228 231 399 724 8492 4580 5155 5595 222 295 244 276 222 374 557 1711 313 62863 1790
internal_value=4.19769e-12 -2.15419e-07 -5.62284e-06 -0.000353948 -3.65145e-05 -0.000757474 -0.00158575 -0.000211334 -0.000436754 1.14514e-05 0.000476416 0.00080014 -0.000682052 0.000371606 0.000606811 5.48427e-06 4.26851e-05 0.000233175 5.73596e-06 0.000585014 0.000668908 0.00171706 -1.92272e-05 -0.000381985 0.000998882 -0.000813627 -0.00106331 -1.73754e-05 4.64851e-05 0.000329981
internal_weight=504221 503877 344299 3961 2217 1744 693 1051 1841 159578 2022 1640 451 1351 1123 157556 92689 15058 77631 6290 6068 913 8768 7383 618 2803 2246 535 70248 7385
internal_count=504221 503877 344299 3961 2217 1744 693 1051 1841 159578 2022 1640 451 1351 1123 157556 92689 15058 77631 6290 6068 913 8768 7383 618 2803 2246 535 70248 7385
is_linear=0
shrinkage=0.05


Tree=292
num_leaves=31
num_cat=0
split_feature=1 0 0 1 1 1 1 1 1 0 0 0 1 0 0 1 0 0 0 0 1 1 1 1 0 0 0 0 0 0
split_gain=0.013426 0.15298 0.164501 0.320989 0.285699 0.861846 0.427561 0.372869 0.474464 0.204593 0.244078 0.368877 0.3305 0.302336 0.148223 0.223932 0.198665 0.182989 0.209131 0.172303 0.379309 0.179909 0.162949 0.282737 0.314515 0.25438 0.241998 0.262245 0.214729 0.184006
threshold=16.500000000000004 74.65000000000002 68.65000000000002 17.500000000000004 29.500000000000004 35.500000000000007 46.500000000000007 49.500000000000007 51.500000000000007 69.550000000000011 70.450000000000017 71.250000000000014 30.500000000000004 72.850000000000009 77.750000000000014 -30.499999999999996 49.250000000000007 76.550000000000011 77.15000000000002 78.050000000000011 1.5000000000000002 -13.499999999999998 12.500000000000002 3.5000000000000004 64.050000000000011 61.550000000000004 77.450000000000017 65.950000000000017 72.050000000000011 75.65000000000002
decision_type=2 2 2 2 2 2 2 2 2 2 2 2 2 2 2 2 2 2 2 2 2 2 2 2 2 2 2 2 2 2
left_child=14 2 3 -2 -4 9 -7 -8 -9 -6 -11 -12 -13 -14 15 17 -17 -1 -19 20 21 -16 23 -18 25 -25 27 -26 -24 -30
right_child=1 -3 4 -5 5 6 7 8 -10 10 11 12 13 -15 19 16 22 18 -20 -21 -22 -23 28 24 26 -27 -28 -29 29 -31
leaf_value=9.3742359960470513e-05 -0.0015467556710563489 -2.4858772831081904e-05 0.00057069063107787171 1.7544935603932385e-05 0.00050222557122351361 0.00081432468214903654 -0.001205158748120402 0.001915878027371348 4.8923259462737874e-05 -0.0027090694533572312 0.0010880949406935076 0.00058571443609569394 -0.0026504174530909861 -0.00084304976169726235 0.00063482903482094902 0.0002674919956917939 -0.00020100584615187768 -0.0014232782707237759 0.00014747912221285233 2.4496518256347224e-05 0.0018707742919156581 -0.00089055063119575163 -0.00010975825003920397 -0.00010997516472311415 0.0014602644651225119 -0.001659214352812483 0.0017847674851324043 0.00013177300107433383 -0.0013705552174993183 -0.00028450557046557506
leaf_weight=22315 335 199201 4104 15554 221 2646 538 365 5031 210 203 207 406 538 457 2961 27745 433 415 208356 405 335 1763 845 396 386 255 5998 920 677
leaf_count=22315 335 199201 4104 15554 221 2646 538 365 5031 210 203 207 406 538 457 2961 27745 433 415 208356 405 335 1763 845 396 386 255 5998 920 677
internal_value=1.0457e-12 -8.92454e-06 9.56316e-05 -1.54364e-05 0.0002176 7.77944e-05 0.000285752 5.00595e-05 0.000175209 -0.000921802 -0.00112302 -0.000877034 -0.00122362 -0.00162037 7.45902e-06 -5.84364e-05 -0.000127343 6.63465e-05 -0.00065457 2.7933e-05 0.000626104 -1.03757e-05 -0.000157331 -0.000125938 0.000138372 -0.000595764 0.00027429 0.000214051 -0.000490186 -0.000910157
internal_weight=504221 229559 30358 15889 14469 10365 8580 5934 5396 1785 1564 1354 1151 944 274662 65109 41946 23163 848 209553 1197 792 38985 35625 7880 1231 6649 6394 3360 1597
internal_count=504221 229559 30358 15889 14469 10365 8580 5934 5396 1785 1564 1354 1151 944 274662 65109 41946 23163 848 209553 1197 792 38985 35625 7880 1231 6649 6394 3360 1597
is_linear=0
shrinkage=0.05


Tree=293
num_leaves=31
num_cat=0
split_feature=0 1 1 1 0 0 0 1 1 0 1 1 1 1 1 1 1 1 1 0 1 1 0 1 1 1 1 1 0 0
split_gain=0.0127541 0.0846973 0.0772048 0.100323 0.0478764 0.0143882 0.197883 0.206268 0.159662 0.142519 0.705943 4.75038 0.688288 0.67183 0.425876 0.365575 0.648347 0.634268 0.990124 0.360465 1.35882 0.744457 0.277122 1.93543 0.540345 0.223914 0.31455 0.222657 0.729798 0.271576
threshold=113.05000000000001 1.5000000000000002 8.5000000000000018 20.500000000000004 114.35000000000001 100.45000000000002 100.55000000000001 31.500000000000004 -7.4999999999999991 100.05000000000001 22.500000000000004 24.500000000000004 29.500000000000004 20.500000000000004 26.500000000000004 2.5000000000000004 5.5000000000000009 -7.4999999999999991 -11.499999999999998 100.35000000000001 36.500000000000007 41.500000000000007 99.950000000000017 15.500000000000002 30.500000000000004 14.500000000000002 17.500000000000004 12.500000000000002 100.15000000000002 100.35000000000001
decision_type=2 2 2 2 2 2 2 2 2 2 2 2 2 2 2 2 2 2 2 2 2 2 2 2 2 2 2 2 2 2
left_child=5 -2 -3 4 -4 9 7 8 -7 22 13 -12 14 15 -13 17 -17 18 -11 20 -14 -22 -1 -24 -25 27 -27 28 -18 -30
right_child=1 2 3 -5 -6 6 -8 -9 -10 10 11 12 19 -15 -16 16 25 -19 -20 -21 21 -23 23 24 -26 26 -28 -29 29 -31
leaf_value=2.9065061399992956e-06 0.0010593174325843012 -0.00071421464824158217 0.0001669172227922629 -0.00046587957056515653 0.00099899978886242025 0.00042681330324787842 -8.4466967316166197e-06 0.00076684789309481617 -0.0010846868392185005 -0.00065326806550813216 0.007442877376340775 0.00010601228080954948 -0.0028276247358081318 -0.0026867853154328245 0.0028954655975853439 0.0024504079603534035 -0.0022152619754215552 -0.0013265204554761701 0.0026582307068269643 0.00093814863704167134 0.0031305053244744031 -0.00072018067232933495 0.00086131412200019018 -0.0014012383026931123 -0.0041982416692492256 0.0018581353811104183 -0.00023851431398690559 -0.0016611944077039266 0.0017781186609714741 -0.00048462120945205782
leaf_weight=381253 217 299 376 374 320 209 111638 238 1065 692 251 253 495 242 298 349 252 1036 335 336 210 312 915 393 308 349 367 251 386 202
leaf_count=381253 217 299 376 374 320 209 111638 238 1065 692 251 253 495 242 298 349 252 1036 335 336 210 312 915 393 308 349 367 251 386 202
internal_value=9.61666e-13 0.000141566 -3.90674e-06 0.000194581 0.000549484 -4.46692e-07 -1.61418e-05 -0.000584311 -0.000836725 4.11294e-06 0.000234198 0.000977302 0.00012496 -0.000124777 0.00161465 2.21787e-05 0.000477459 -0.000453625 0.000426919 -0.000481705 -0.000950801 0.000828946 1.37048e-07 -0.000653244 -0.00263016 9.64079e-05 0.000783456 -0.000354487 3.59694e-05 0.00100078
internal_weight=504221 1586 1369 1070 696 502635 113150 1512 1274 389485 6616 2155 1904 4461 551 4219 2156 2063 1027 1353 1017 522 382869 1616 701 1807 716 1091 840 588
internal_count=504221 1586 1369 1070 696 502635 113150 1512 1274 389485 6616 2155 1904 4461 551 4219 2156 2063 1027 1353 1017 522 382869 1616 701 1807 716 1091 840 588
is_linear=0
shrinkage=0.05


Tree=294
num_leaves=31
num_cat=0
split_feature=0 1 1 0 0 1 0 1 1 1 0 1 1 0 0 1 1 1 1 1 0 1 0 0 1 1 1 1 1 1
split_gain=0.0121278 0.163914 0.633934 0.80381 0.260085 1.12079 4.42665 0.409906 1.29751 0.685616 0.609195 0.444754 0.516012 0.293863 0.276389 0.380901 0.250961 0.238431 0.366625 0.142928 0.139745 0.134871 0.133372 0.71731 1.68966 0.742735 0.538987 0.370363 0.260142 1.18604
threshold=105.25000000000001 44.500000000000007 39.500000000000007 106.85000000000001 105.65000000000002 36.500000000000007 107.05000000000001 23.500000000000004 19.500000000000004 28.500000000000004 105.45000000000002 17.500000000000004 2.5000000000000004 105.45000000000002 105.45000000000002 8.5000000000000018 -1.4999999999999998 -27.499999999999996 -23.499999999999996 -12.499999999999998 105.45000000000002 35.500000000000007 104.45000000000002 104.55000000000001 18.500000000000004 7.5000000000000009 40.500000000000007 26.500000000000004 2.5000000000000004 8.5000000000000018
decision_type=2 2 2 2 2 2 2 2 2 2 2 2 2 2 2 2 2 2 2 2 2 2 2 2 2 2 2 2 2 2
left_child=22 2 4 -4 7 17 -7 8 11 13 -11 12 16 -9 15 -14 19 -6 -19 -2 -21 -20 -1 24 25 -24 28 -26 -25 -30
right_child=1 -3 3 -5 5 6 -8 9 -10 10 -12 -13 14 -15 -16 -17 -18 18 21 20 -22 -23 23 26 27 -27 -28 -29 29 -31
leaf_value=1.5488107705651935e-06 0.0015081683634701423 -0.001295254653534637 0.0041100412293850822 -0.00028193248022953277 0.0016694733855520058 -0.0078941777996791931 0.0023086583057233879 0.0014042261396354872 -0.0026656391381009205 0.0017202794502616454 -0.0019935932149027671 0.0027425248324129715 -0.0022527918774889123 0.0039127311549889739 0.00037405180207946722 -4.6105841997577008e-05 0.0022028265613548005 -0.0016777450818728449 -1.0829938699721344e-06 0.0009427187714114119 -0.00067499197627368733 0.0012238845657722085 -0.0011772748894701181 0.00049444475117024409 -0.0023846856930923046 0.0018763362271572227 -0.0025209078786983378 -0.0052392423571748017 -0.0015292712147567172 0.00022265030976796303
leaf_weight=449034 295 234 214 203 213 204 222 233 370 227 215 201 322 234 850 498 362 326 39181 268 266 226 491 2314 241 335 210 215 1209 4808
leaf_count=449034 295 234 214 203 213 204 222 233 370 227 215 201 322 234 850 498 362 326 39181 268 266 226 491 2314 241 335 210 215 1209 4808
internal_value=-3.17732e-13 2.46623e-05 3.15061e-05 0.00197198 1.34089e-05 -2.61338e-05 -0.00257721 0.000381162 0.000131113 0.00132524 -8.62423e-05 0.000469061 0.000309339 0.00266116 -0.000257734 -0.000912634 0.00110448 1.0719e-06 -7.87204e-06 0.000624862 0.000136893 5.94222e-06 -2.43819e-06 -0.000184694 -0.00128753 6.11751e-05 -1.91584e-05 -0.00373058 4.39034e-05 -0.000129365
internal_weight=504221 45364 45130 417 44713 40372 426 4341 3432 909 442 3062 2861 467 1670 820 1191 39946 39733 829 534 39407 458857 9823 1282 826 8541 456 8331 6017
internal_count=504221 45364 45130 417 44713 40372 426 4341 3432 909 442 3062 2861 467 1670 820 1191 39946 39733 829 534 39407 458857 9823 1282 826 8541 456 8331 6017
is_linear=0
shrinkage=0.05


Tree=295
num_leaves=31
num_cat=0
split_feature=1 0 0 0 0 1 1 1 1 0 1 0 0 1 0 1 1 0 1 1 1 1 0 1 0 1 0 0 0 1
split_gain=0.0117183 0.110336 0.102843 0.0897002 0.371145 0.827701 0.401041 0.300165 0.186999 0.371092 0.185899 0.403042 0.364703 0.25238 0.173252 0.284823 0.334398 0.160593 0.51067 0.235234 0.136848 0.114468 0.0885236 0.0867805 0.266026 0.303621 0.283519 0.276127 0.688753 0.457102
threshold=7.5000000000000009 113.55000000000001 112.15000000000002 106.85000000000001 106.45000000000002 4.5000000000000009 -5.4999999999999991 -10.499999999999998 -1.4999999999999998 106.65000000000002 -5.4999999999999991 108.05000000000001 107.65000000000002 -6.4999999999999991 107.45000000000002 1.0000000180025095e-35 4.5000000000000009 109.85000000000001 -10.499999999999998 -8.4999999999999982 -13.499999999999998 2.5000000000000004 108.85000000000001 16.500000000000004 83.250000000000014 9.5000000000000018 98.850000000000009 73.65000000000002 68.65000000000002 8.5000000000000018
decision_type=2 2 2 2 2 2 2 2 2 2 2 2 2 2 2 2 2 2 2 2 2 2 2 2 2 2 2 2 2 2
left_child=1 2 3 4 -1 6 7 -6 -8 -10 13 12 14 17 15 -12 21 18 20 -20 22 -17 -5 24 25 27 -26 28 -2 -30
right_child=23 -3 -4 10 5 -7 8 -9 9 -11 11 -13 -14 -15 -16 16 -18 -19 19 -21 -22 -23 -24 -25 26 -27 -28 -29 29 -31
leaf_value=-8.0387987250970043e-06 -0.00021002445262552935 -0.00091715622804835898 0.00071291542774149289 -0.00031765419801678321 0.001351535391647697 -0.0016061680281863494 0.0032754175743814245 -0.0012191739359601814 0.00022015781646751495 0.0030120785086693476 -0.0016507573440851953 -3.6569208709991505e-06 -0.0017344225258277756 0.0016695533496464872 0.00044233803521698814 4.4165818011703121e-05 -0.0011302846330518085 -0.00089441084644602774 0.0024872992938156611 0.00054393376797269295 -0.0011944944941741557 0.0017089895614721244 0.00059635295712979477 -8.2548447541794436e-06 0.00022963634947354108 -0.00027764307803316483 -3.5713949891170449e-08 -9.8629994265860026e-05 0.003692250891443441 0.0008042205932673875
leaf_weight=195575 659 334 494 891 261 289 236 201 249 228 494 4211 742 258 443 207 419 398 278 354 326 206 377 229559 24808 10069 29316 1790 263 286
leaf_count=195575 659 334 494 891 261 289 236 201 249 228 494 4211 742 258 443 207 419 398 278 354 326 206 377 229559 24808 10069 29316 1790 263 286
internal_value=-1.15249e-12 -9.1161e-06 -7.65192e-06 -9.3745e-06 -2.10163e-06 0.000791042 0.00138065 0.00023311 0.00212422 0.00155466 -0.000158587 -0.000302626 -0.000804004 0.00017737 -0.000413744 -0.000699751 -0.00013509 3.0654e-05 0.000196052 0.00139877 -0.000280809 0.000874562 -4.59029e-05 6.37346e-06 5.63513e-05 -0.000146129 0.000105236 0.000295569 0.000879688 0.00218774
internal_weight=504221 207471 207137 206643 197039 1464 1175 462 713 477 9604 6722 2511 2882 1769 1326 832 2624 2226 632 1594 413 1268 296750 67191 13067 54124 2998 1208 549
internal_count=504221 207471 207137 206643 197039 1464 1175 462 713 477 9604 6722 2511 2882 1769 1326 832 2624 2226 632 1594 413 1268 296750 67191 13067 54124 2998 1208 549
is_linear=0
shrinkage=0.05


Tree=296
num_leaves=31
num_cat=0
split_feature=0 0 1 1 1 1 1 1 0 0 1 1 1 1 1 1 1 0 0 0 1 1 0 0 1 1 0 1 0 1
split_gain=0.0128673 0.176419 0.184998 0.624854 0.286795 0.378579 0.337547 0.193328 0.171596 0.158585 0.328499 0.508136 0.144601 0.134864 0.258713 0.10754 0.222075 0.482378 0.436127 0.430134 0.413546 0.356 0.320644 0.308221 0.264306 0.258321 0.508138 0.286107 0.382349 0.254462
threshold=83.850000000000009 84.250000000000014 13.500000000000002 22.500000000000004 -2.4999999999999996 3.5000000000000004 -11.499999999999998 34.500000000000007 84.050000000000011 83.65000000000002 -11.499999999999998 3.5000000000000004 8.5000000000000018 14.500000000000002 31.500000000000004 -1.0000000180025095e-35 9.5000000000000018 77.15000000000002 83.450000000000017 82.550000000000011 14.500000000000002 2.5000000000000004 76.850000000000009 78.050000000000011 5.5000000000000009 19.500000000000004 80.15000000000002 16.500000000000004 55.45000000000001 13.500000000000002
decision_type=2 2 2 2 2 2 2 2 2 2 2 2 2 2 2 2 2 2 2 2 2 2 2 2 2 2 2 2 2 2
left_child=9 2 4 -4 6 -6 -2 8 -5 15 -11 -12 -7 -13 -15 -1 17 22 19 -19 23 -21 -17 -18 -23 26 27 -22 -29 -25
right_child=1 -3 3 7 5 12 -8 -9 -10 10 11 13 -14 14 -16 16 20 18 -20 21 25 24 -24 29 -26 -27 -28 28 -30 -31
leaf_value=-4.3287119684274543e-05 -0.00077079482928654546 -1.5777386913058661e-06 0.0018232867193140184 -0.0021080753671656256 -0.0031074588518004774 0.00026137533851645212 0.0012093377059066532 -9.3304834823093168e-05 -0.00028473852923320184 -0.00086876942693250967 0.0026622083231445828 -0.00075645203326354948 -0.0015297501908365268 0.0015996261439426224 1.3953870199672178e-05 3.1193899204827288e-05 -9.6674783228526472e-05 0.00045297128485315179 -0.0016261976078018412 0.0030594637636410988 -0.0003481292975011359 -0.00033189381365893319 -0.0017005038353196092 -0.00099960867952445963 0.001783479786014812 1.1111853100997992e-05 0.0010569770373247938 -0.0015813848947162754 0.00052673097704126852 0.00019426987484712791
leaf_weight=64867 749 340682 376 269 242 220 302 1324 248 382 289 228 231 399 724 8492 4580 5155 222 295 2242 244 276 2246 374 62863 1790 231 3122 557
leaf_count=64867 749 340682 376 269 242 220 302 1324 248 382 289 228 231 399 724 8492 4580 5155 222 295 2242 244 276 2246 374 62863 1790 231 3122 557
internal_value=1.41358e-12 -5.43506e-06 -0.0003372 -3.41305e-05 -0.000722466 -0.00151208 -0.000201813 -0.000413483 -0.00123344 1.17382e-05 0.000451726 0.000759305 -0.00065603 0.000352245 0.000577341 6.09158e-06 4.06485e-05 0.000216376 0.000550498 0.000630133 6.56282e-06 0.00163043 -2.33167e-05 -0.000349409 0.000948284 4.39751e-05 0.000323715 8.91239e-05 0.000381495 -0.000762366
internal_weight=504221 344643 3961 2217 1744 693 1051 1841 517 159578 2022 1640 451 1351 1123 157556 92689 15058 6290 6068 77631 913 8768 7383 618 70248 7385 5595 3353 2803
internal_count=504221 344643 3961 2217 1744 693 1051 1841 517 159578 2022 1640 451 1351 1123 157556 92689 15058 6290 6068 77631 913 8768 7383 618 70248 7385 5595 3353 2803
is_linear=0
shrinkage=0.05


Tree=297
num_leaves=31
num_cat=0
split_feature=0 1 1 1 0 1 0 0 1 1 0 0 0 1 0 0 0 1 0 0 1 1 1 0 0 1 0 0 0 0
split_gain=0.0126505 0.0789046 0.0664865 0.0907171 0.0432066 0.0127851 0.0513137 0.0457293 0.122045 0.105957 0.130396 0.0932636 0.0791942 0.123656 0.1118 0.200453 0.179086 0.16652 0.0805489 0.159903 0.109213 0.0749238 0.074003 0.0598214 0.0515447 0.0508159 0.0529057 0.0415629 0.0520709 0.0412187
threshold=113.05000000000001 1.5000000000000002 8.5000000000000018 20.500000000000004 114.35000000000001 50.500000000000007 98.15000000000002 70.050000000000011 56.500000000000007 60.500000000000007 82.250000000000014 53.750000000000007 80.750000000000014 54.500000000000007 74.350000000000009 72.850000000000009 77.750000000000014 52.500000000000007 77.450000000000017 75.050000000000011 57.500000000000007 57.500000000000007 56.500000000000007 83.450000000000017 78.65000000000002 52.500000000000007 64.050000000000011 58.350000000000001 41.550000000000004 89.050000000000011
decision_type=2 2 2 2 2 2 2 2 2 2 2 2 2 2 2 2 2 2 2 2 2 2 2 2 2 2 2 2 2 2
left_child=5 -2 -3 4 -4 -1 7 8 11 10 12 -7 13 14 15 -9 -16 -18 19 -15 -21 -12 -14 -11 -20 -13 -27 28 -10 -23
right_child=1 2 3 -5 -6 6 -8 9 27 23 21 25 22 18 16 -17 17 -19 24 20 -22 29 -24 -25 -26 26 -28 -29 -30 -31
leaf_value=-3.0528968512572377e-06 0.0010268021992961382 -0.00065858061970476328 0.00015882953683761484 -0.00044327032123412193 0.00094929127866635096 0.00046848793536068421 -0.00023014555617066742 0.0004156316428347246 -0.00026603462523780766 -0.00010080955184549579 -1.4947250967127987e-05 -0.001135949468059255 0.00041086465033120012 -0.00011719970404707983 -0.00030410704671075106 0.0024507364953186977 0.00016820105353751815 0.0018189388100228968 -0.00078967880410150168 0.0016443062093095637 0.00023615878109854683 7.9191824448556375e-05 0.0013548779110608381 6.2724544769887639e-05 -3.1669227996977368e-05 -1.1877625752800166e-05 -0.00079534545492303255 -5.0379260291899024e-05 0.00046360676808181796 0.00043355571260573871
leaf_weight=454067 217 299 376 374 320 217 1909 304 330 10842 8909 381 502 946 567 201 332 283 353 281 270 1571 354 11549 615 391 480 4319 944 1718
leaf_count=454067 217 299 376 374 320 217 1909 304 330 10842 8909 381 502 946 567 201 332 283 353 281 270 1571 354 11549 615 391 480 4319 944 1718
internal_value=-1.0792e-12 0.00014099 5.80285e-07 0.000184776 0.00052226 -4.44878e-07 2.39378e-05 3.43333e-05 -8.28773e-05 5.52374e-05 0.000148542 -0.000488458 0.000363361 0.000273081 0.000602919 0.00122564 0.000336864 0.000927809 4.73464e-05 0.000277182 0.000954288 6.03455e-05 0.000801263 -1.64607e-05 -0.000308092 -0.000654318 -0.000443639 2.36484e-05 0.00027461 0.000264293
internal_weight=504221 1586 1369 1070 696 502635 48568 46659 7062 39597 17206 1469 5008 4152 1687 505 1182 615 2465 1497 551 12198 856 22391 968 1252 871 5593 1274 3289
internal_count=504221 1586 1369 1070 696 502635 48568 46659 7062 39597 17206 1469 5008 4152 1687 505 1182 615 2465 1497 551 12198 856 22391 968 1252 871 5593 1274 3289
is_linear=0
shrinkage=0.05


Tree=298
num_leaves=31
num_cat=0
split_feature=1 0 1 0 0 0 1 0 0 0 1 0 1 0 1 1 0 0 1 1 1 1 1 0 1 1 0 0 1 0
split_gain=0.0125732 0.137175 0.145729 0.397495 0.313014 0.291754 0.292506 0.270493 0.516384 0.285508 0.347404 0.271142 0.257314 0.640819 0.558012 0.234481 0.310954 0.441168 0.953582 0.351613 0.276885 0.347324 0.52337 0.228105 0.215044 0.203194 0.17476 0.157944 0.183408 0.153453
threshold=16.500000000000004 74.65000000000002 46.500000000000007 55.45000000000001 56.95000000000001 58.350000000000001 40.500000000000007 70.050000000000011 65.350000000000009 73.250000000000014 43.500000000000007 62.45000000000001 30.500000000000004 70.850000000000009 37.500000000000007 24.500000000000004 71.250000000000014 64.050000000000011 20.500000000000004 18.500000000000004 18.500000000000004 19.500000000000004 20.500000000000004 72.850000000000009 38.500000000000007 44.500000000000007 68.15000000000002 41.550000000000004 25.500000000000004 64.050000000000011
decision_type=2 2 2 2 2 2 2 2 2 2 2 2 2 2 2 2 2 2 2 2 2 2 2 2 2 2 2 2 2 2
left_child=-1 2 3 27 -5 -6 12 8 11 10 -9 -8 15 29 23 16 17 18 -7 -18 -19 -22 -23 -15 -16 26 -10 28 -2 -14
right_child=1 -3 -4 4 5 6 7 9 25 -11 -12 -13 13 14 24 -17 19 20 -20 -21 21 22 -24 -25 -26 -27 -28 -29 -30 -31
leaf_value=7.2182373434771712e-06 0.001292015907044212 -2.3725110406493539e-05 -3.6632661512913638e-05 0.0017666124952012215 -0.001087174615694995 0.0029807193611828698 0.00027031088687575426 0.0030350080564048123 -0.0010177915667494138 0.00025474234754520076 0.00081353355693606147 0.0026105857115577571 -0.00023350021752871963 -0.0020079014296982478 0.001839649822562933 0.00069821733894931707 0.0018804222726347773 -0.001628003057233895 -0.00086947436942610631 0.00022042556290498709 0.0014761349595174558 -0.0025732345008416197 -6.4822855391398525e-05 -0.00071552703304896285 -0.00021137927295797961 -0.0019326259557268409 0.00086383036389125621 -0.00073595863699681607 -0.00035654631784369408 0.0005972806273821387
leaf_weight=274662 240 199201 12951 345 401 302 233 366 240 372 339 264 760 673 200 3103 440 474 344 1160 246 261 1023 693 354 202 254 1481 568 2069
leaf_count=274662 240 199201 12951 345 401 302 233 366 240 372 339 264 760 673 200 3103 440 474 344 1160 246 261 1023 693 354 202 254 1481 568 2069
internal_value=1.43692e-12 -8.63645e-06 9.03713e-05 0.000184864 0.000277835 0.000243067 0.000280183 0.000801011 0.000282422 0.00137545 0.00196681 0.00151343 0.00018249 -0.000104393 -0.000809415 0.000367776 0.000126514 -0.000205809 0.000930461 0.000676925 -0.000572092 -0.000244967 -0.00057471 -0.00135225 0.000529064 -0.00059662 -5.03179e-05 -0.000429178 0.000133126 0.000374095
internal_weight=504221 229559 30358 17407 15118 14773 14372 2270 1193 1077 705 497 12102 4749 1920 7353 4250 2650 646 1600 2004 1530 1284 1366 554 696 494 2289 808 2829
internal_count=504221 229559 30358 17407 15118 14773 14372 2270 1193 1077 705 497 12102 4749 1920 7353 4250 2650 646 1600 2004 1530 1284 1366 554 696 494 2289 808 2829
is_linear=0
shrinkage=0.05


Tree=299
num_leaves=31
num_cat=0
split_feature=1 0 0 1 0 0 1 0 0 0 1 1 0 1 0 0 0 1 0 0 1 0 1 1 0 0 0 0 1 0
split_gain=0.0120567 0.12244 0.217396 0.15151 0.320645 0.632474 0.320523 0.248574 0.2968 0.341141 0.209802 0.206523 0.129023 0.207634 0.314719 0.352363 0.127966 0.126286 0.122096 0.121557 0.0779739 0.0740933 0.0865518 0.29181 0.0974407 0.0798613 0.0785287 0.0720694 0.0882336 0.121354
threshold=-36.499999999999993 78.350000000000009 77.750000000000014 -45.499999999999993 41.550000000000004 55.45000000000001 -40.499999999999993 58.350000000000001 60.550000000000004 62.45000000000001 -43.499999999999993 -46.499999999999993 78.950000000000017 -49.499999999999993 83.250000000000014 86.050000000000011 75.950000000000017 -47.499999999999993 59.550000000000004 80.750000000000014 -40.499999999999993 73.250000000000014 -39.499999999999993 -40.499999999999993 68.65000000000002 65.950000000000017 68.65000000000002 41.550000000000004 -22.499999999999996 45.850000000000001
decision_type=2 2 2 2 2 2 2 2 2 2 2 2 2 2 2 2 2 2 2 2 2 2 2 2 2 2 2 2 2 2
left_child=1 2 3 11 6 20 -5 -7 -9 -10 -11 -1 -3 14 19 -16 21 -15 -13 -14 -6 22 23 26 25 -24 -12 -2 29 -29
right_child=27 12 -4 4 5 7 -8 8 9 10 16 18 13 17 15 -17 -18 -19 -20 -21 -22 -23 24 -25 -26 -27 -28 28 -30 -31
leaf_value=2.3514414425862888e-05 0.00021872765996063946 -0.0012299247947271151 0.0014617877499314778 0.00024099891857495387 0.0013247900229709393 -0.0010997523673840109 -0.0021333823908249844 0.0017671822186093777 -0.0014077000031548163 0.0010753500335193692 0.00036320097479723435 -7.0831978119878335e-06 0.00057567311644059497 -0.0013477440951253051 -0.0017098142963460111 0.00077087628178116761 -0.00072277799885662108 -0.00022085965527064447 -0.0014439645585895495 0.0021232152774707594 0.0023997049755704256 0.00080221230877683533 -0.00012751382092634835 0.0017669913743238348 0.00036133260300462964 -0.0014832706518826031 -0.00067560249311331469 -0.0012885809933404788 1.6345357871946936e-06 -8.4427790252213395e-05
leaf_weight=13013 3678 279 285 315 352 341 259 320 310 731 394 237 241 268 254 328 386 3438 393 268 324 496 225 286 326 210 338 211 450730 24985
leaf_count=13013 3678 279 285 315 352 341 259 320 310 731 394 237 241 268 254 328 386 3438 393 268 324 496 225 286 326 210 338 211 450730 24985
internal_value=-2.20228e-13 3.4127e-05 9.09601e-05 7.0671e-05 0.000289329 0.000416876 -0.000830368 0.00019638 0.000306271 0.00017999 0.000325091 -1.92893e-05 -0.000184662 -0.000123869 0.000482414 -0.000311762 0.000118989 -0.00030235 -0.000903423 0.00139049 0.00183999 0.000261812 0.000111143 0.000412679 -0.000292225 -0.000782017 -0.000116465 -1.75166e-06 -3.45555e-06 -9.45118e-05
internal_weight=504221 24617 19541 19256 5613 5039 574 4363 4022 3702 3392 13643 5076 4797 1091 582 2661 3706 630 509 676 2275 1779 1018 761 435 732 479604 475926 25196
internal_count=504221 24617 19541 19256 5613 5039 574 4363 4022 3702 3392 13643 5076 4797 1091 582 2661 3706 630 509 676 2275 1779 1018 761 435 732 479604 475926 25196
is_linear=0
shrinkage=0.05


end of trees

feature_importances:
Column_1=4711
Column_0=4289

parameters:
[boosting: gbdt]
[objective: regression]
[metric: l2]
[tree_learner: serial]
[device_type: cpu]
[data_sample_strategy: bagging]
[data: ]
[valid: ]
[num_iterations: 300]
[learning_rate: 0.05]
[num_leaves: 31]
[num_threads: 0]
[seed: 0]
[deterministic: 0]
[force_col_wise: 0]
[force_row_wise: 0]
[histogram_pool_size: -1]
[max_depth: -1]
[min_data_in_leaf: 200]
[min_sum_hessian_in_leaf: 0.001]
[bagging_fraction: 1]
[pos_bagging_fraction: 1]
[neg_bagging_fraction: 1]
[bagging_freq: 0]
[bagging_seed: 3]
[bagging_by_query: 0]
[feature_fraction: 1]
[feature_fraction_bynode: 1]
[feature_fraction_seed: 2]
[extra_trees: 0]
[extra_seed: 6]
[early_stopping_round: 0]
[early_stopping_min_delta: 0]
[first_metric_only: 0]
[max_delta_step: 0]
[lambda_l1: 0]
[lambda_l2: 0]
[linear_lambda: 0]
[min_gain_to_split: 0]
[drop_rate: 0.1]
[max_drop: 50]
[skip_drop: 0.5]
[xgboost_dart_mode: 0]
[uniform_drop: 0]
[drop_seed: 4]
[top_rate: 0.2]
[other_rate: 0.1]
[min_data_per_group: 100]
[max_cat_threshold: 32]
[cat_l2: 10]
[cat_smooth: 10]
[max_cat_to_onehot: 4]
[top_k: 20]
[monotone_constraints: ]
[monotone_constraints_method: basic]
[monotone_penalty: 0]
[feature_contri: ]
[forcedsplits_filename: ]
[refit_decay_rate: 0.9]
[cegb_tradeoff: 1]
[cegb_penalty_split: 0]
[cegb_penalty_feature_lazy: ]
[cegb_penalty_feature_coupled: ]
[path_smooth: 0]
[interaction_constraints: ]
[verbosity: -1]
[saved_feature_importance_type: 0]
[use_quantized_grad: 0]
[num_grad_quant_bins: 4]
[quant_train_renew_leaf: 0]
[stochastic_rounding: 1]
[linear_tree: 0]
[max_bin: 255]
[max_bin_by_feature: ]
[min_data_in_bin: 3]
[bin_construct_sample_cnt: 200000]
[data_random_seed: 1]
[is_enable_sparse: 1]
[enable_bundle: 1]
[use_missing: 1]
[zero_as_missing: 0]
[feature_pre_filter: 1]
[pre_partition: 0]
[two_round: 0]
[header: 0]
[label_column: ]
[weight_column: ]
[group_column: ]
[ignore_column: ]
[categorical_feature: ]
[forcedbins_filename: ]
[precise_float_parser: 0]
[parser_config_file: ]
[objective_seed: 5]
[num_class: 1]
[is_unbalance: 0]
[scale_pos_weight: 1]
[sigmoid: 1]
[boost_from_average: 1]
[reg_sqrt: 0]
[alpha: 0.9]
[fair_c: 1]
[poisson_max_delta_step: 0.7]
[tweedie_variance_power: 1.5]
[lambdarank_truncation_level: 30]
[lambdarank_norm: 1]
[label_gain: ]
[lambdarank_position_bias_regularization: 0]
[eval_at: ]
[multi_error_top_k: 1]
[auc_mu_weights: ]
[num_machines: 1]
[local_listen_port: 12400]
[time_out: 120]
[machine_list_filename: ]
[machines: ]
[gpu_platform_id: -1]
[gpu_device_id: -1]
[gpu_use_dp: 0]
[num_gpu: 1]

end of parameters

pandas_categorical:null
